  0
SECTION
  2
HEADER
  9
$ACADVER
  1
AC1018
  9
$ACADMAINTVER
 70
     0
  9
$DWGCODEPAGE
  3
ANSI_1252
  9
$TITLE
  1
CADSoftTools
  9
$COMMENTS
  1
The file was created in CADSoftTools software
  9
$LASTSAVEDBY
  1
cloudconvert
  9
$INSBASE
 10
0.0
 20
0.0
 30
0.0
  9
$EXTMIN
 10
65.70133527119955
 20
183.0493350558811
 30
0.0
  9
$EXTMAX
 10
385.2333333333333
 20
446.7013298882379
 30
0.0
  9
$LIMMIN
 10
0.0
 20
0.0
  9
$LIMMAX
 10
0.0
 20
0.0
  9
$ORTHOMODE
 70
     0
  9
$REGENMODE
 70
     1
  9
$FILLMODE
 70
     1
  9
$QTEXTMODE
 70
     0
  9
$MIRRTEXT
 70
     0
  9
$LTSCALE
 40
1.0
  9
$ATTMODE
 70
     1
  9
$TEXTSIZE
 40
2.5
  9
$TRACEWID
 40
1.0
  9
$TEXTSTYLE
  7
STANDARD
  9
$CLAYER
  8
0
  9
$CELTYPE
  6
BYLAYER
  9
$CECOLOR
 62
   256
  9
$CELTSCALE
 40
1.0
  9
$DISPSILH
 70
     0
  9
$DIMSCALE
 40
1.0
  9
$DIMASZ
 40
0.18
  9
$DIMEXO
 40
0.0625
  9
$DIMDLI
 40
3.75
  9
$DIMRND
 40
0.0
  9
$DIMDLE
 40
0.0
  9
$DIMEXE
 40
0.18
  9
$DIMTP
 40
0.0
  9
$DIMTM
 40
0.0
  9
$DIMTXT
 40
0.18
  9
$DIMCEN
 40
0.09
  9
$DIMTSZ
 40
0.0
  9
$DIMTOL
 70
     0
  9
$DIMLIM
 70
     0
  9
$DIMTIH
 70
     1
  9
$DIMTOH
 70
     1
  9
$DIMSE1
 70
     0
  9
$DIMSE2
 70
     0
  9
$DIMTAD
 70
     0
  9
$DIMZIN
 70
     8
  9
$DIMBLK
  1
CLOSEDFILLED
  9
$DIMASO
 70
     1
  9
$DIMSHO
 70
     1
  9
$DIMPOST
  1

  9
$DIMAPOST
  1

  9
$DIMALT
 70
     0
  9
$DIMALTD
 70
     3
  9
$DIMALTF
 40
1.0
  9
$DIMLFAC
 40
1.0
  9
$DIMTOFL
 70
     1
  9
$DIMTVP
 40
0.0
  9
$DIMTIX
 70
     0
  9
$DIMSOXD
 70
     0
  9
$DIMSAH
 70
     0
  9
$DIMBLK1
  1
CLOSEDFILLED
  9
$DIMBLK2
  1
CLOSEDFILLED
  9
$DIMSTYLE
  2
STANDARD
  9
$DIMCLRD
 70
     0
  9
$DIMCLRE
 70
     0
  9
$DIMCLRT
 70
     0
  9
$DIMTFAC
 40
1.0
  9
$DIMGAP
 40
0.0625
  9
$DIMJUST
 70
     0
  9
$DIMSD1
 70
     0
  9
$DIMSD2
 70
     0
  9
$DIMTOLJ
 70
     0
  9
$DIMTZIN
 70
     8
  9
$DIMALTZ
 70
     0
  9
$DIMALTTZ
 70
     0
  9
$DIMUPT
 70
     0
  9
$DIMDEC
 70
     4
  9
$DIMTDEC
 70
     2
  9
$DIMALTU
 70
     2
  9
$DIMALTTD
 70
     3
  9
$DIMTXSTY
  7
STANDARD
  9
$DIMAUNIT
 70
     0
  9
$DIMADEC
 70
     0
  9
$DIMALTRND
 40
0.0
  9
$DIMAZIN
 70
     0
  9
$DIMDSEP
 70
    46
  9
$DIMATFIT
 70
     3
  9
$DIMFRAC
 70
     0
  9
$DIMLDRBLK
  1
CLOSEDFILLED
  9
$DIMLUNIT
 70
     2
  9
$DIMLWD
 70
    -1
  9
$DIMLWE
 70
    -1
  9
$DIMTMOVE
 70
     0
  9
$LUNITS
 70
     2
  9
$LUPREC
 70
     4
  9
$SKETCHINC
 40
1.0
  9
$FILLETRAD
 40
0.5
  9
$AUNITS
 70
     0
  9
$AUPREC
 70
     0
  9
$MENU
  1
.
  9
$ELEVATION
 40
0.0
  9
$PELEVATION
 40
0.0
  9
$THICKNESS
 40
0.0
  9
$LIMCHECK
 70
     0
  9
$CHAMFERA
 40
0.0
  9
$CHAMFERB
 40
0.0
  9
$CHAMFERC
 40
0.0
  9
$CHAMFERD
 40
0.0
  9
$SKPOLY
 70
     0
  9
$TDCREATE
 40
2461318.361960278
  9
$TDUCREATE
 40
2461318.361960278
  9
$TDUPDATE
 40
2461318.409445752
  9
$TDUUPDATE
 40
2461318.409445752
  9
$TDINDWG
 40
0.0000012731
  9
$TDUSRTIMER
 40
0.0
  9
$USRTIMER
 70
     1
  9
$ANGBASE
 50
0.0
  9
$ANGDIR
 70
     0
  9
$PDMODE
 70
     0
  9
$PDSIZE
 40
0.0
  9
$PLINEWID
 40
0.0
  9
$SPLFRAME
 70
     0
  9
$SPLINETYPE
 70
     6
  9
$SPLINESEGS
 70
     8
  9
$HANDSEED
  5
497
  9
$SURFTAB1
 70
     6
  9
$SURFTAB2
 70
     6
  9
$SURFTYPE
 70
     6
  9
$SURFU
 70
     6
  9
$SURFV
 70
     6
  9
$UCSBASE
  2

  9
$UCSNAME
  2

  9
$UCSORG
 10
0.0
 20
0.0
 30
0.0
  9
$UCSXDIR
 10
1.0
 20
0.0
 30
0.0
  9
$UCSYDIR
 10
0.0
 20
1.0
 30
0.0
  9
$UCSORTHOREF
  2

  9
$UCSORTHOVIEW
 70
     0
  9
$UCSORGTOP
 10
0.0
 20
0.0
 30
0.0
  9
$UCSORGBOTTOM
 10
0.0
 20
0.0
 30
0.0
  9
$UCSORGLEFT
 10
0.0
 20
0.0
 30
0.0
  9
$UCSORGRIGHT
 10
0.0
 20
0.0
 30
0.0
  9
$UCSORGFRONT
 10
0.0
 20
0.0
 30
0.0
  9
$UCSORGBACK
 10
0.0
 20
0.0
 30
0.0
  9
$PUCSBASE
  2

  9
$PUCSNAME
  2

  9
$PUCSORG
 10
0.0
 20
0.0
 30
0.0
  9
$PUCSXDIR
 10
1.0
 20
0.0
 30
0.0
  9
$PUCSYDIR
 10
0.0
 20
1.0
 30
0.0
  9
$PUCSORTHOREF
  2

  9
$PUCSORTHOVIEW
 70
     0
  9
$PUCSORGTOP
 10
0.0
 20
0.0
 30
0.0
  9
$PUCSORGBOTTOM
 10
0.0
 20
0.0
 30
0.0
  9
$PUCSORGLEFT
 10
0.0
 20
0.0
 30
0.0
  9
$PUCSORGRIGHT
 10
0.0
 20
0.0
 30
0.0
  9
$PUCSORGFRONT
 10
0.0
 20
0.0
 30
0.0
  9
$PUCSORGBACK
 10
0.0
 20
0.0
 30
0.0
  9
$USERI1
 70
     0
  9
$USERI2
 70
     0
  9
$USERI3
 70
     0
  9
$USERI4
 70
     0
  9
$USERI5
 70
     0
  9
$USERR1
 40
0.0
  9
$USERR2
 40
0.0
  9
$USERR3
 40
0.0
  9
$USERR4
 40
0.0
  9
$USERR5
 40
0.0
  9
$WORLDVIEW
 70
     1
  9
$SHADEDGE
 70
     3
  9
$SHADEDIF
 70
    70
  9
$TILEMODE
 70
     1
  9
$MAXACTVP
 70
    64
  9
$PINSBASE
 10
0.0
 20
0.0
 30
0.0
  9
$PLIMCHECK
 70
     0
  9
$PEXTMIN
 10
0.0
 20
0.0
 30
0.0
  9
$PEXTMAX
 10
0.0
 20
0.0
 30
0.0
  9
$PLIMMIN
 10
0.0
 20
0.0
  9
$PLIMMAX
 10
0.0
 20
0.0
  9
$UNITMODE
 70
     0
  9
$VISRETAIN
 70
     1
  9
$PLINEGEN
 70
     0
  9
$PSLTSCALE
 70
     1
  9
$TREEDEPTH
 70
  3020
  9
$CMLSTYLE
  2
STANDARD
  9
$CMLJUST
 70
     0
  9
$CMLSCALE
 40
20.0
  9
$PROXYGRAPHICS
 70
     1
  9
$MEASUREMENT
 70
     0
  9
$CELWEIGHT
370
    -1
  9
$ENDCAPS
280
     0
  9
$JOINSTYLE
280
     0
  9
$LWDISPLAY
290
     1
  9
$INSUNITS
 70
     4
  9
$HYPERLINKBASE
  1

  9
$STYLESHEET
  1

  9
$XEDIT
290
     1
  9
$CEPSNTYPE
380
     0
  9
$PSTYLEMODE
290
     1
  9
$FINGERPRINTGUID
  2
{E44D33DF-D2B9-48AE-8431-27F629E25DDD}
  9
$VERSIONGUID
  2
{FAEB1C32-E019-11D5-929B-00C0DF256EC4}
  9
$EXTNAMES
290
     1
  9
$PSVPSCALE
 40
0.0
  9
$OLESTARTUP
290
     0
  9
$SORTENTS
280
     0
  9
$INDEXCTL
280
     0
  9
$HIDETEXT
280
     0
  9
$XCLIPFRAME
290
     0
  9
$HALOGAP
280
     0
  9
$OBSCOLOR
 70
     0
  9
$OBSLTYPE
280
     0
  9
$INTERSECTIONDISPLAY
280
     0
  9
$INTERSECTIONCOLOR
 70
     0
  9
$DIMASSOC
280
     2
  9
$PROJECTNAME
  1

  0
ENDSEC
  0
SECTION
  2
CLASSES
  0
CLASS
  1
IMAGE
  2
AcDbRasterImage
  3
ISM
 90
      127
 91
        4
280
     0
281
     1
  0
CLASS
  1
IMAGEDEF
  2
AcDbRasterImageDef
  3
ISM
 90
        0
 91
        3
280
     0
281
     0
  0
CLASS
  1
WIPEOUT
  2
AcDbWipeout
  3
WipeOut|AutoCAD Express Tool|expresstools@autodesk.com
 90
      127
 91
        3
280
     0
281
     1
  0
CLASS
  1
WIPEOUTVARIABLES
  2
AcDbWipeoutVariables
  3
WipeOut|AutoCAD Express Tool|expresstools@autodesk.com
 90
        0
 91
        3
280
     0
281
     0
  0
CLASS
  1
MPOLYGON
  2
AcDbMPolygon
  3
AcMPolygonObj15|Version(1.0.0.0) Product Desc:     Object enabler for the AcDbMPolygon entity|Company:          Autodesk,Inc.|WEB Address:      www.autodesk.com
 90
     3071
 91
        3
280
     0
281
     1
  0
CLASS
  1
SCALE
  2
AcDbScale
  3
ObjectDBX Classes
 90
     1153
 91
        3
280
     0
281
     0
  0
CLASS
  1
DICTIONARYVAR
  2
AcDbDictionaryVar
  3
ObjectDBX Classes
 90
        0
 91
        3
280
     0
281
     0
  0
CLASS
  1
ACDBPLACEHOLDER
  2
AcDbPlaceHolder
  3
ObjectDBX Classes
 90
        0
 91
        1
280
     0
281
     0
  0
CLASS
  1
LAYOUT
  2
AcDbLayout
  3
ObjectDBX Classes
 90
        0
 91
        1
280
     0
281
     0
  0
CLASS
  1
RASTERVARIABLES
  2
AcDbRasterVariables
  3
ISM
 90
        0
 91
        3
280
     0
281
     0
  0
CLASS
  1
XRECORD
  2
AcDbXrecord
  3
ObjectDBX Classes
 90
        0
 91
        1
280
     0
281
     0
  0
CLASS
  1
ARC_DIMENSION
  2
AcDbArcDimension
  3
ObjectDBX Classes
 90
     1025
 91
        3
280
     0
281
     1
  0
CLASS
  1
MESH
  2
AcDbSubDMesh
  3
AcDbSubDMesh|Description: AutoCAD subD mesh
 90
        0
 91
        3
280
     0
281
     1
  0
CLASS
  1
VISUALSTYLE
  2
AcDbVisualStyle
  3
ObjectDBX Classes
 90
     4095
 91
        3
280
     0
281
     0
  0
CLASS
  1
ACDBDICTIONARYWDFLT
  2
AcDbDictionaryWithDefault
  3
ObjectDBX Classes
 90
        0
 91
        3
280
     0
281
     0
  0
CLASS
  1
MATERIAL
  2
AcDbMaterial
  3
ObjectDBX Classes
 90
     1153
 91
        3
280
     0
281
     0
  0
CLASS
  1
TABLESTYLE
  2
AcDbTableStyle
  3
ObjectDBX Classes
 90
     4095
 91
        3
280
     0
281
     0
  0
CLASS
  1
MLEADERSTYLE
  2
AcDbMLeaderStyle
  3
ACDB_MLEADERSTYLE_CLASS
 90
     4095
 91
        3
280
     0
281
     0
  0
CLASS
  1
CELLSTYLEMAP
  2
AcDbCellStyleMap
  3
ObjectDBX Classes
 90
     1152
 91
        3
280
     0
281
     0
  0
ENDSEC
  0
SECTION
  2
TABLES
  0
TABLE
  2
VPORT
  5
6
102
{ACAD_XDICTIONARY
360
453
102
}
330
0
100
AcDbSymbolTable
 70
     1
  0
VPORT
  5
42F
330
6
100
AcDbSymbolTableRecord
100
AcDbViewportTableRecord
  2
*ACTIVE
 70
     0
 10
0.0
 20
0.0
 11
1.0
 21
1.0
 12
225.4673343022665
 22
314.8753324720595
 13
0.0
 23
0.0
 14
1.0
 24
1.0
 15
1.0
 25
1.0
 16
0.0
 26
0.0
 36
1.0
 17
0.0
 27
0.0
 37
0.0
 40
263.6519948323568
 41
1.211946066500685
 42
50.0
 43
0.0
 44
0.0
 50
0.0
 51
0.0
 71
    16
 72
   100
 73
     1
 74
     1
 75
     0
 76
     0
 77
     0
 78
     0
281
     0
 65
     0
110
0.0
120
0.0
130
0.0
111
1.0
121
0.0
131
0.0
112
0.0
122
1.0
132
0.0
 79
     0
146
0.0
  0
ENDTAB
  0
TABLE
  2
LTYPE
  5
1
330
0
100
AcDbSymbolTable
 70
     1
  0
LTYPE
  5
D
330
1
100
AcDbSymbolTableRecord
100
AcDbLinetypeTableRecord
  2
BYBLOCK
 70
     0
  3

 72
    65
 73
     0
 40
0.0
  0
LTYPE
  5
C
330
1
100
AcDbSymbolTableRecord
100
AcDbLinetypeTableRecord
  2
BYLAYER
 70
     0
  3

 72
    65
 73
     0
 40
0.0
  0
LTYPE
  5
E
330
1
100
AcDbSymbolTableRecord
100
AcDbLinetypeTableRecord
  2
CONTINUOUS
 70
     0
  3

 72
    65
 73
     0
 40
0.0
  0
ENDTAB
  0
TABLE
  2
LAYER
  5
2
330
0
100
AcDbSymbolTable
 70
     2
  0
LAYER
  5
7
330
2
100
AcDbSymbolTableRecord
100
AcDbLayerTableRecord
  2
0
 70
     0
 62
     7
  6
CONTINUOUS
370
    -3
390
44C
  0
LAYER
  5
3EA
330
2
100
AcDbSymbolTableRecord
100
AcDbLayerTableRecord
  2
20FCBD0
 70
     4
 62
     7
  6
CONTINUOUS
370
    -3
390
44C
  0
ENDTAB
  0
TABLE
  2
STYLE
  5
3
330
0
100
AcDbSymbolTable
 70
     2
  0
STYLE
  5
F
330
3
100
AcDbSymbolTableRecord
100
AcDbTextStyleTableRecord
  2
STANDARD
 70
     0
 40
0.0
 41
1.0
 50
0.0
 71
     0
 42
2.5
  3
txt
  4

1001
ACAD
1000

1071
        0
  0
STYLE
  5
3EB
330
3
100
AcDbSymbolTableRecord
100
AcDbTextStyleTableRecord
  2
20FCC60
 70
     0
 40
0.0
 41
1.0
 50
0.0
 71
     0
 42
2.5
  3
Arial.ttf
  4

1001
ACAD
1000
Arial
1071
        0
  0
ENDTAB
  0
TABLE
  2
VIEW
  5
3F2
330
0
100
AcDbSymbolTable
 70
     0
  0
ENDTAB
  0
TABLE
  2
UCS
  5
3F1
330
0
100
AcDbSymbolTable
 70
     0
  0
ENDTAB
  0
TABLE
  2
APPID
  5
15
330
0
100
AcDbSymbolTable
 70
     4
  0
APPID
  5
426
330
15
100
AcDbSymbolTableRecord
100
AcDbRegAppTableRecord
  2
ACAD
 70
     0
  0
APPID
  5
427
330
15
100
AcDbSymbolTableRecord
100
AcDbRegAppTableRecord
  2
AcDbAttr
 70
     0
  0
APPID
  5
428
330
15
100
AcDbSymbolTableRecord
100
AcDbRegAppTableRecord
  2
PE_URL
 70
     0
  0
APPID
  5
45B
330
15
100
AcDbSymbolTableRecord
100
AcDbRegAppTableRecord
  2
ACAD_MLEADERVER
 70
     0
  0
ENDTAB
  0
TABLE
  2
DIMSTYLE
  5
4
330
0
100
AcDbSymbolTable
 70
     1
100
AcDbDimStyleTable
  0
DIMSTYLE
105
10
330
4
100
AcDbSymbolTableRecord
100
AcDbDimStyleTableRecord
  2
STANDARD
 70
     0
143
24.4
147
0.0625
178
     0
340
F
371
    -1
372
    -1
  0
ENDTAB
  0
TABLE
  2
BLOCK_RECORD
  5
5
330
0
100
AcDbSymbolTable
 70
     2
  0
BLOCK_RECORD
  5
A
330
5
100
AcDbSymbolTableRecord
100
AcDbBlockTableRecord
  2
*MODEL_SPACE
340
B
  0
BLOCK_RECORD
  5
42A
330
5
100
AcDbSymbolTableRecord
100
AcDbBlockTableRecord
  2
*PAPER_SPACE
340
3FF
  0
BLOCK_RECORD
  5
14
330
5
100
AcDbSymbolTableRecord
100
AcDbBlockTableRecord
  2
_CLOSEDFILLED
340
0
  0
BLOCK_RECORD
  5
3EF
330
5
100
AcDbSymbolTableRecord
100
AcDbBlockTableRecord
  2
20CE430
340
0
102
{BLKREFS
331
3F0
102
}
  0
ENDTAB
  0
ENDSEC
  0
SECTION
  2
BLOCKS
  0
BLOCK
  5
9
330
A
100
AcDbEntity
  8
0
100
AcDbBlockBegin
  2
*MODEL_SPACE
 70
     0
 10
0.0
 20
0.0
 30
0.0
  3
*MODEL_SPACE
  1

  0
ENDBLK
  5
429
330
A
100
AcDbEntity
  8
0
100
AcDbBlockEnd
  0
BLOCK
  5
42B
330
42A
100
AcDbEntity
 67
     1
  8
0
100
AcDbBlockBegin
  2
*PAPER_SPACE
 70
     0
 10
0.0
 20
0.0
 30
0.0
  3
*PAPER_SPACE
  1

  0
ENDBLK
  5
42C
330
42A
100
AcDbEntity
 67
     1
  8
0
100
AcDbBlockEnd
  0
BLOCK
  5
13
330
14
100
AcDbEntity
  8
0
100
AcDbBlockBegin
  2
_CLOSEDFILLED
 70
     0
 10
0.0
 20
0.0
 30
0.0
  3
_CLOSEDFILLED
  1

  0
SOLID
  5
11
330
14
100
AcDbEntity
  8
0
 62
     0
370
    -2
100
AcDbTrace
 10
-1.0
 20
0.1666666666666667
 30
0.0
 11
0.0
 21
0.0
 31
0.0
 12
-1.0
 22
0.1666666666666667
 32
0.0
 13
-1.0
 23
-0.1666666666666667
 33
0.0
  0
LINE
  5
12
330
14
100
AcDbEntity
  8
0
 62
     0
370
    -2
100
AcDbLine
 10
-1.0
 20
0.0
 30
0.0
 11
-2.0
 21
0.0
 31
0.0
  0
ENDBLK
  5
42D
330
14
100
AcDbEntity
  8
0
100
AcDbBlockEnd
  0
BLOCK
  5
3EE
330
3EF
100
AcDbEntity
  8
20FCBD0
100
AcDbBlockBegin
  2
20CE430
 70
     0
 10
0.0
 20
0.0
 30
0.0
  3
20CE430
  1

  0
TEXT
  5
3EC
330
3EF
100
AcDbEntity
  8
20FCBD0
 62
     1
100
AcDbText
 10
0.0
 20
0.0
 30
0.0
 40
1.0
  1
Created in Free Online PDF to DWG Converter by CADSoftTools
  7
20FCC60
100
AcDbText
1001
PE_URL
1000
http://www.cadsofttools.com/pdf-to-dwg-online/
1002
{
1000
http://www.cadsofttools.com/pdf-to-dwg-online/
1002
{
1071
        1
1002
}
1002
}
  0
TEXT
  5
3ED
330
3EF
100
AcDbEntity
  8
20FCBD0
 62
     1
100
AcDbText
 10
0.0
 20
-2.0
 30
0.0
 40
1.0
  1
http://www.cadsofttools.com/pdf-to-dwg-online/
  7
20FCC60
100
AcDbText
1001
PE_URL
1000
http://www.cadsofttools.com/pdf-to-dwg-online/
1002
{
1000
http://www.cadsofttools.com/pdf-to-dwg-online/
1002
{
1071
        1
1002
}
1002
}
  0
ENDBLK
  5
42E
330
3EF
100
AcDbEntity
  8
20FCBD0
100
AcDbBlockEnd
  0
ENDSEC
  0
SECTION
  2
ENTITIES
  0
LINE
  5
18
330
A
100
AcDbEntity
  8
0
  6
Continuous
 62
     6
370
    18
100
AcDbLine
 10
375.8353281656902
 20
305.0539896647136
 30
0.0
 11
362.2039896647136
 21
305.0539896647136
 31
0.0
  0
LINE
  5
19
330
A
100
AcDbEntity
  8
0
  6
Continuous
 62
     6
370
    18
100
AcDbLine
 10
358.9019948323568
 20
305.0539896647136
 30
0.0
 11
355.5153367784288
 21
305.0539896647136
 31
0.0
  0
LINE
  5
1A
330
A
100
AcDbEntity
  8
0
  6
Continuous
 62
     6
370
    18
100
AcDbLine
 10
352.2133419460721
 20
305.0539896647136
 30
0.0
 11
332.2320034450955
 21
305.0539896647136
 31
0.0
  0
LINE
  5
1B
330
A
100
AcDbEntity
  8
0
  6
Continuous
 62
     6
370
    18
100
AcDbLine
 10
328.9300086127387
 20
305.0539896647136
 30
0.0
 11
325.543329026964
 21
305.0539896647136
 31
0.0
  0
LINE
  5
1C
330
A
100
AcDbEntity
  8
0
  6
Continuous
 62
     6
370
    18
100
AcDbLine
 10
322.2413341946072
 20
305.0539896647136
 30
0.0
 11
302.2599956936307
 21
305.0539896647136
 31
0.0
  0
LINE
  5
1D
330
A
100
AcDbEntity
  8
0
  6
Continuous
 62
     6
370
    18
100
AcDbLine
 10
298.9580008612739
 20
305.0539896647136
 30
0.0
 11
295.6560060289171
 21
305.0539896647136
 31
0.0
  0
LINE
  5
1E
330
A
100
AcDbEntity
  8
0
  6
Continuous
 62
     6
370
    18
100
AcDbLine
 10
292.2693264431424
 20
305.0539896647136
 30
0.0
 11
272.2880094740126
 21
305.0539896647136
 31
0.0
  0
LINE
  5
1F
330
A
100
AcDbEntity
  8
0
  6
Continuous
 62
     6
370
    18
100
AcDbLine
 10
268.985993109809
 20
305.0539896647136
 30
0.0
 11
265.6839982774522
 21
305.0539896647136
 31
0.0
  0
LINE
  5
20
330
A
100
AcDbEntity
  8
0
  6
Continuous
 62
     6
370
    18
100
AcDbLine
 10
262.3820034450955
 20
305.0539896647136
 30
0.0
 11
242.4006649441189
 21
305.0539896647136
 31
0.0
  0
LINE
  5
21
330
A
100
AcDbEntity
  8
0
  6
Continuous
 62
     6
370
    18
100
AcDbLine
 10
239.014006890191
 20
305.0539896647136
 30
0.0
 11
235.7119905259874
 21
305.0539896647136
 31
0.0
  0
LINE
  5
22
330
A
100
AcDbEntity
  8
0
  6
Continuous
 62
     6
370
    18
100
AcDbLine
 10
232.4099956936307
 20
305.0539896647136
 30
0.0
 11
212.4286571926541
 21
305.0539896647136
 31
0.0
  0
LINE
  5
23
330
A
100
AcDbEntity
  8
0
  6
Continuous
 62
     6
370
    18
100
AcDbLine
 10
209.1266623602973
 20
305.0539896647136
 30
0.0
 11
205.7400043063694
 21
305.0539896647136
 31
0.0
  0
LINE
  5
24
330
A
100
AcDbEntity
  8
0
  6
Continuous
 62
     6
370
    18
100
AcDbLine
 10
202.4380094740126
 20
305.0539896647136
 30
0.0
 11
182.456670973036
 21
305.0539896647136
 31
0.0
  0
LINE
  5
25
330
A
100
AcDbEntity
  8
0
  6
Continuous
 62
     6
370
    18
100
AcDbLine
 10
179.1546653747559
 20
305.0539896647136
 30
0.0
 11
175.7679965549045
 21
305.0539896647136
 31
0.0
  0
LINE
  5
26
330
A
100
AcDbEntity
  8
0
  6
Continuous
 62
     6
370
    18
100
AcDbLine
 10
172.4660017225478
 20
305.0539896647136
 30
0.0
 11
152.4846632215712
 21
305.0539896647136
 31
0.0
  0
LINE
  5
27
330
A
100
AcDbEntity
  8
0
  6
Continuous
 62
     6
370
    18
100
AcDbLine
 10
149.1826683892144
 20
305.0539896647136
 30
0.0
 11
145.8806627909343
 21
305.0539896647136
 31
0.0
  0
LINE
  5
28
330
A
100
AcDbEntity
  8
0
  6
Continuous
 62
     6
370
    18
100
AcDbLine
 10
142.4940047370063
 20
305.0539896647136
 30
0.0
 11
122.5126662360297
 21
305.0539896647136
 31
0.0
  0
LINE
  5
29
330
A
100
AcDbEntity
  8
0
  6
Continuous
 62
     6
370
    18
100
AcDbLine
 10
119.210671403673
 20
305.0539896647136
 30
0.0
 11
115.9086658053928
 21
305.0539896647136
 31
0.0
  0
LINE
  5
2A
330
A
100
AcDbEntity
  8
0
  6
Continuous
 62
     6
370
    18
100
AcDbLine
 10
112.606670973036
 20
305.0539896647136
 30
0.0
 11
98.89066925048829
 21
305.0539896647136
 31
0.0
  0
LINE
  5
2B
330
A
100
AcDbEntity
  8
0
  6
Continuous
 62
     7
370
    18
100
AcDbLine
 10
370.5013298882379
 20
374.3113471137153
 30
0.0
 11
363.8973402235243
 21
374.3113471137153
 31
0.0
  0
LINE
  5
2C
330
A
100
AcDbEntity
  8
0
  6
Continuous
 62
     7
370
    18
100
AcDbLine
 10
370.5013298882379
 20
348.9960103352865
 30
0.0
 11
366.5219862196181
 21
348.9960103352865
 31
0.0
  0
LINE
  5
2D
330
A
100
AcDbEntity
  8
0
  6
Continuous
 62
     7
370
    18
100
AcDbLine
 10
366.5219862196181
 20
359.4099956936307
 30
0.0
 11
363.8126770019531
 21
359.4099956936307
 31
0.0
  0
LINE
  5
2E
330
A
100
AcDbEntity
  8
0
  6
Continuous
 62
     7
370
    18
100
AcDbLine
 10
302.1753324720595
 20
405.8920206705729
 30
0.0
 11
172.1273380703396
 21
405.8920206705729
 31
0.0
  0
LINE
  5
2F
330
A
100
AcDbEntity
  8
0
  6
Continuous
 62
     7
370
    18
100
AcDbLine
 10
302.1753324720595
 20
407.3313385009766
 30
0.0
 11
171.8733376397027
 21
407.3313385009766
 31
0.0
  0
LINE
  5
30
330
A
100
AcDbEntity
  8
0
  6
Continuous
 62
     7
370
    18
100
AcDbLine
 10
366.5219862196181
 20
374.3113471137153
 30
0.0
 11
366.5219862196181
 21
348.9960103352865
 31
0.0
  0
LINE
  5
31
330
A
100
AcDbEntity
  8
0
  6
Continuous
 62
     7
370
    18
100
AcDbLine
 10
363.8973402235243
 20
374.3113471137153
 30
0.0
 11
363.8973402235243
 21
359.3253324720595
 31
0.0
  0
LINE
  5
32
330
A
100
AcDbEntity
  8
0
  6
Continuous
 62
     7
370
    18
100
AcDbLine
 10
370.5013298882379
 20
374.3113471137153
 30
0.0
 11
370.5013298882379
 21
235.8813385009766
 31
0.0
  0
LINE
  5
33
330
A
100
AcDbEntity
  8
0
  6
Continuous
 62
     7
370
    18
100
AcDbLine
 10
172.1273380703396
 20
405.8920206705729
 30
0.0
 11
119.803335486518
 21
384.2173316107856
 31
0.0
  0
LINE
  5
34
330
A
100
AcDbEntity
  8
0
  6
Continuous
 62
     7
370
    18
100
AcDbLine
 10
171.8733376397027
 20
407.3313385009766
 30
0.0
 11
118.7026705423991
 21
385.3179965549045
 31
0.0
  0
LINE
  5
35
330
A
100
AcDbEntity
  8
0
  6
Continuous
 62
     5
370
    18
100
AcDbLine
 10
171.45
 20
405.8920206705729
 30
0.0
 11
65.70133527119955
 21
405.8920206705729
 31
0.0
  0
LINE
  5
36
330
A
100
AcDbEntity
  8
0
  6
Continuous
 62
     5
370
    18
100
AcDbLine
 10
171.45
 20
204.3006649441189
 30
0.0
 11
65.70133527119955
 21
204.3006649441189
 31
0.0
  0
LINE
  5
37
330
A
100
AcDbEntity
  8
0
  6
Continuous
 62
     1
370
    18
100
AcDbLine
 10
66.37866795857748
 20
402.6746459960938
 30
0.0
 11
66.37866795857748
 21
207.5179965549045
 31
0.0
  0
HATCH
  5
3C
330
A
100
AcDbEntity
  8
0
 62
     1
100
AcDbHatch
 10
0.0
 20
0.0
 30
0.0
210
0.0
220
0.0
230
1.0
  2
SOLID
 70
     1
 71
     0
 91
        1
 92
        7
 72
     0
 73
     1
 93
        3
 10
66.97133204142253
 20
402.6746459960938
 10
65.87066709730361
 20
402.6746459960938
 10
66.37866795857748
 20
405.8920206705729
 97
        0
 75
     0
 76
     1
 47
0.000001
 98
        0
  0
HATCH
  5
41
330
A
100
AcDbEntity
  8
0
 62
     1
100
AcDbHatch
 10
0.0
 20
0.0
 30
0.0
210
0.0
220
0.0
230
1.0
  2
SOLID
 70
     1
 71
     0
 91
        1
 92
        7
 72
     0
 73
     1
 93
        3
 10
66.97133204142253
 20
207.5179965549045
 10
65.87066709730361
 20
207.5179965549045
 10
66.37866795857748
 20
204.3006649441189
 97
        0
 75
     0
 76
     1
 47
0.000001
 98
        0
  0
LWPOLYLINE
  5
42
330
A
100
AcDbEntity
  8
0
  6
Continuous
 62
     7
370
    18
100
AcDbPolyline
 90
       16
 70
     1
 43
0.0
 10
69.68066817389595
 20
311.2346632215712
 10
69.5113309648302
 20
311.5733376397027
 10
69.17266731262208
 20
311.8273273044163
 10
68.74933505588108
 20
311.9119905259874
 10
68.41066602071126
 20
311.9119905259874
 10
67.98733376397027
 20
311.8273273044163
 10
67.64866472880045
 20
311.5733376397027
 10
67.56400150722928
 20
311.2346632215712
 10
67.56400150722928
 20
310.8960103352865
 10
67.64866472880045
 20
310.5573359171549
 10
67.98733376397027
 20
310.3033247205946
 10
68.41066602071126
 20
310.1339982774523
 10
68.74933505588108
 20
310.1339982774523
 10
69.17266731262208
 20
310.3033247205946
 10
69.5113309648302
 20
310.5573359171549
 10
69.68066817389595
 20
310.8960103352865
  0
LINE
  5
54
330
A
100
AcDbEntity
  8
0
  6
Continuous
 62
     7
370
    18
100
AcDbLine
 10
70.10400043063694
 20
310.4726726955838
 30
0.0
 11
67.05600064595541
 21
311.6580008612739
 31
0.0
  0
LWPOLYLINE
  5
55
330
A
100
AcDbEntity
  8
0
  6
Continuous
 62
     7
370
    18
100
AcDbPolyline
 90
        3
 70
     0
 43
0.0
 10
67.05600064595541
 20
308.7793436686198
 10
70.273332256741
 20
307.4246675279406
 10
70.273332256741
 20
309.3720077514649
  0
LWPOLYLINE
  5
59
330
A
100
AcDbEntity
  8
0
  6
Continuous
 62
     7
370
    18
100
AcDbPolyline
 90
       17
 70
     0
 43
0.0
 10
70.273332256741
 20
304.9693264431424
 10
70.273332256741
 20
306.3240025838217
 10
68.91866688198513
 20
306.493329026964
 10
69.0879987080892
 20
306.3240025838217
 10
69.17266731262208
 20
305.9006649441189
 10
69.17266731262208
 20
305.4773273044162
 10
69.0879987080892
 20
305.1386744181315
 10
68.74933505588108
 20
304.8
 10
68.3259974161784
 20
304.7153367784288
 10
67.98733376397027
 20
304.7153367784288
 10
67.56400150722928
 20
304.8
 10
67.22533247205946
 20
305.1386744181315
 10
67.05600064595541
 20
305.4773273044162
 10
67.05600064595541
 20
305.9006649441189
 10
67.22533247205946
 20
306.3240025838217
 10
67.39466429816352
 20
306.493329026964
 10
67.64866472880045
 20
306.5779922485352
  0
LWPOLYLINE
  5
6B
330
A
100
AcDbEntity
  8
0
  6
Continuous
 62
     7
370
    18
100
AcDbPolyline
 90
        3
 70
     0
 43
0.0
 10
67.05600064595541
 20
303.3606606377496
 10
70.273332256741
 20
301.9213428073459
 10
70.273332256741
 20
303.8686614990235
  0
LWPOLYLINE
  5
6F
330
A
100
AcDbEntity
  8
0
  6
Continuous
 62
     7
370
    18
100
AcDbPolyline
 90
       16
 70
     1
 43
0.0
 10
70.273332256741
 20
300.3126770019531
 10
70.10400043063694
 20
300.735993109809
 10
69.68066817389595
 20
300.9900043063694
 10
68.91866688198513
 20
301.1593307495118
 10
68.41066602071126
 20
301.1593307495118
 10
67.64866472880045
 20
300.9900043063694
 10
67.22533247205946
 20
300.735993109809
 10
67.05600064595541
 20
300.3126770019531
 10
67.05600064595541
 20
300.0586658053928
 10
67.22533247205946
 20
299.6353281656901
 10
67.64866472880045
 20
299.3813385009766
 10
68.41066602071126
 20
299.2119905259875
 10
68.91866688198513
 20
299.2119905259875
 10
69.68066817389595
 20
299.3813385009766
 10
70.10400043063694
 20
299.6353281656901
 10
70.273332256741
 20
300.0586658053928
  0
LINE
  5
81
330
A
100
AcDbEntity
  8
0
  6
Continuous
 62
     5
370
    18
100
AcDbLine
 10
172.1273380703396
 20
406.5693264431424
 30
0.0
 11
172.1273380703396
 21
433.3239810519748
 31
0.0
  0
LINE
  5
82
330
A
100
AcDbEntity
  8
0
  6
Continuous
 62
     5
370
    18
100
AcDbLine
 10
119.803335486518
 20
384.8946804470486
 30
0.0
 11
119.803335486518
 21
433.3239810519748
 31
0.0
  0
LINE
  5
83
330
A
100
AcDbEntity
  8
0
  6
Continuous
 62
     1
370
    18
100
AcDbLine
 10
168.9099956936307
 20
432.6466752794054
 30
0.0
 11
123.0206670973036
 21
432.6466752794054
 31
0.0
  0
HATCH
  5
88
330
A
100
AcDbEntity
  8
0
 62
     1
100
AcDbHatch
 10
0.0
 20
0.0
 30
0.0
210
0.0
220
0.0
230
1.0
  2
SOLID
 70
     1
 71
     0
 91
        1
 92
        7
 72
     0
 73
     1
 93
        3
 10
168.9099956936307
 20
433.1546546088325
 10
168.9099956936307
 20
432.0539896647136
 10
172.1273380703396
 20
432.6466752794054
 97
        0
 75
     0
 76
     1
 47
0.000001
 98
        0
  0
HATCH
  5
8D
330
A
100
AcDbEntity
  8
0
 62
     1
100
AcDbHatch
 10
0.0
 20
0.0
 30
0.0
210
0.0
220
0.0
230
1.0
  2
SOLID
 70
     1
 71
     0
 91
        1
 92
        7
 72
     0
 73
     1
 93
        3
 10
123.0206670973036
 20
433.1546546088325
 10
123.0206670973036
 20
432.0539896647136
 10
119.803335486518
 20
432.6466752794054
 97
        0
 75
     0
 76
     1
 47
0.000001
 98
        0
  0
LWPOLYLINE
  5
8E
330
A
100
AcDbEntity
  8
0
  6
Continuous
 62
     7
370
    18
100
AcDbPolyline
 90
        4
 70
     0
 43
0.0
 10
139.0226619296604
 20
435.864006890191
 10
139.2766623602973
 20
436.0333333333334
 10
139.7
 20
436.4566494411893
 10
139.7
 20
433.3239810519748
  0
LWPOLYLINE
  5
93
330
A
100
AcDbEntity
  8
0
  6
Continuous
 62
     7
370
    18
100
AcDbPolyline
 90
       23
 70
     0
 43
0.0
 10
143.0866688198514
 20
435.4406477186415
 10
143.0019948323568
 20
434.9326683892144
 10
142.7480051676432
 20
434.6786787245009
 10
142.3246675279405
 20
434.5093522813585
 10
142.1553303188748
 20
434.5093522813585
 10
141.7320034450955
 20
434.6786787245009
 10
141.4780030144586
 20
434.9326683892144
 10
141.3086658053928
 20
435.4406477186415
 10
141.3086658053928
 20
435.6100172254775
 10
141.4780030144586
 20
436.0333333333334
 10
141.7320034450955
 20
436.2873229980469
 10
142.1553303188748
 20
436.4566494411893
 10
142.3246675279405
 20
436.4566494411893
 10
142.7480051676432
 20
436.2873229980469
 10
143.0019948323568
 20
436.0333333333334
 10
143.0866688198514
 20
435.4406477186415
 10
143.0866688198514
 20
434.6786787245009
 10
143.0019948323568
 20
433.9166666666667
 10
142.7480051676432
 20
433.4086873372396
 10
142.3246675279405
 20
433.3239810519748
 10
142.0706670973036
 20
433.3239810519748
 10
141.6473294576009
 20
433.4086873372396
 10
141.4780030144586
 20
433.7473402235244
  0
LWPOLYLINE
  5
AB
330
A
100
AcDbEntity
  8
0
  6
Continuous
 62
     7
370
    18
100
AcDbPolyline
 90
       23
 70
     0
 43
0.0
 10
145.8806627909343
 20
436.0333333333334
 10
145.7113363477919
 20
436.2873229980469
 10
145.2879987080892
 20
436.4566494411893
 10
145.0339982774523
 20
436.4566494411893
 10
144.610671403673
 20
436.2873229980469
 10
144.356670973036
 20
435.864006890191
 10
144.1873337639703
 20
435.1019948323568
 10
144.1873337639703
 20
434.3399827745226
 10
144.356670973036
 20
433.7473402235244
 10
144.610671403673
 20
433.4086873372396
 10
145.0339982774523
 20
433.3239810519748
 10
145.203335486518
 20
433.3239810519748
 10
145.6266623602973
 20
433.4086873372396
 10
145.8806627909343
 20
433.7473402235244
 10
145.9653367784288
 20
434.1706563313803
 10
145.9653367784288
 20
434.3399827745226
 10
145.8806627909343
 20
434.8480051676432
 10
145.6266623602973
 20
435.1019948323568
 10
145.203335486518
 20
435.2713212754991
 10
145.0339982774523
 20
435.2713212754991
 10
144.610671403673
 20
435.1019948323568
 10
144.356670973036
 20
434.8480051676432
 10
144.1873337639703
 20
434.3399827745226
  0
LWPOLYLINE
  5
C3
330
A
100
AcDbEntity
  8
0
  6
Continuous
 62
     7
370
    18
100
AcDbPolyline
 90
       17
 70
     0
 43
0.0
 10
148.5053303188748
 20
436.4566494411893
 10
147.0660017225478
 20
436.4566494411893
 10
146.9813385009766
 20
435.1019948323568
 10
147.0660017225478
 20
435.2713212754991
 10
147.4893285963271
 20
435.4406477186415
 10
147.9126662360297
 20
435.4406477186415
 10
148.3360038757324
 20
435.2713212754991
 10
148.5900043063694
 20
434.9326683892144
 10
148.7593307495117
 20
434.5093522813585
 10
148.7593307495117
 20
434.1706563313803
 10
148.5900043063694
 20
433.7473402235244
 10
148.3360038757324
 20
433.4086873372396
 10
147.9126662360297
 20
433.3239810519748
 10
147.4893285963271
 20
433.3239810519748
 10
147.0660017225478
 20
433.4086873372396
 10
146.9813385009766
 20
433.578013780382
 10
146.8120012919108
 20
433.9166666666667
  0
LWPOLYLINE
  5
D5
330
A
100
AcDbEntity
  8
0
  6
Continuous
 62
     7
370
    18
100
AcDbPolyline
 90
        4
 70
     1
 43
0.0
 10
149.8599956936307
 20
433.578013780382
 10
149.6906692504883
 20
433.4086873372396
 10
149.8599956936307
 20
433.3239810519748
 10
149.9446696811252
 20
433.4086873372396
  0
LWPOLYLINE
  5
DB
330
A
100
AcDbEntity
  8
0
  6
Continuous
 62
     7
370
    18
100
AcDbPolyline
 90
       14
 70
     0
 43
0.0
 10
151.0453346252442
 20
435.6946804470487
 10
151.0453346252442
 20
435.864006890191
 10
151.2146718343099
 20
436.2026597764757
 10
151.3839982774523
 20
436.2873229980469
 10
151.6379987080892
 20
436.4566494411893
 10
152.1459995693631
 20
436.4566494411893
 10
152.4
 20
436.2873229980469
 10
152.5693372090658
 20
436.2026597764757
 10
152.7386636522081
 20
435.864006890191
 10
152.7386636522081
 20
435.6100172254775
 10
152.5693372090658
 20
435.2713212754991
 10
152.3153367784288
 20
434.8480051676432
 10
150.960671403673
 20
433.3239810519748
 10
152.8233376397027
 20
433.3239810519748
  0
LINE
  5
EA
330
A
100
AcDbEntity
  8
0
  6
Continuous
 62
     5
370
    18
100
AcDbLine
 10
119.803335486518
 20
384.8946804470486
 30
0.0
 11
119.803335486518
 21
433.3239810519748
 31
0.0
  0
LINE
  5
EB
330
A
100
AcDbEntity
  8
0
  6
Continuous
 62
     5
370
    18
100
AcDbLine
 10
105.7486701117622
 20
305.7313385009766
 30
0.0
 11
105.7486701117622
 21
433.3239810519748
 31
0.0
  0
LINE
  5
EC
330
A
100
AcDbEntity
  8
0
  6
Continuous
 62
     1
370
    18
100
AcDbLine
 10
116.5860038757324
 20
432.6466752794054
 30
0.0
 11
108.8813385009766
 21
432.6466752794054
 31
0.0
  0
HATCH
  5
F1
330
A
100
AcDbEntity
  8
0
 62
     1
100
AcDbHatch
 10
0.0
 20
0.0
 30
0.0
210
0.0
220
0.0
230
1.0
  2
SOLID
 70
     1
 71
     0
 91
        1
 92
        7
 72
     0
 73
     1
 93
        3
 10
116.5860038757324
 20
433.1546546088325
 10
116.5860038757324
 20
432.0539896647136
 10
119.803335486518
 20
432.6466752794054
 97
        0
 75
     0
 76
     1
 47
0.000001
 98
        0
  0
HATCH
  5
F6
330
A
100
AcDbEntity
  8
0
 62
     1
100
AcDbHatch
 10
0.0
 20
0.0
 30
0.0
210
0.0
220
0.0
230
1.0
  2
SOLID
 70
     1
 71
     0
 91
        1
 92
        7
 72
     0
 73
     1
 93
        3
 10
108.8813385009766
 20
433.1546546088325
 10
108.8813385009766
 20
432.0539896647136
 10
105.7486701117622
 20
432.6466752794054
 97
        0
 75
     0
 76
     1
 47
0.000001
 98
        0
  0
LWPOLYLINE
  5
F7
330
A
100
AcDbEntity
  8
0
  6
Continuous
 62
     7
370
    18
100
AcDbPolyline
 90
       17
 70
     0
 43
0.0
 10
108.6273380703396
 20
436.4566494411893
 10
107.2726619296604
 20
436.4566494411893
 10
107.1879987080892
 20
435.1019948323568
 10
107.2726619296604
 20
435.2713212754991
 10
107.6959995693631
 20
435.4406477186415
 10
108.1193372090658
 20
435.4406477186415
 10
108.5426640828451
 20
435.2713212754991
 10
108.796664513482
 20
434.9326683892144
 10
108.9660017225477
 20
434.5093522813585
 10
108.9660017225477
 20
434.1706563313803
 10
108.796664513482
 20
433.7473402235244
 10
108.5426640828451
 20
433.4086873372396
 10
108.1193372090658
 20
433.3239810519748
 10
107.6959995693631
 20
433.3239810519748
 10
107.2726619296604
 20
433.4086873372396
 10
107.1879987080892
 20
433.578013780382
 10
107.0186614990235
 20
433.9166666666667
  0
LWPOLYLINE
  5
109
330
A
100
AcDbEntity
  8
0
  6
Continuous
 62
     7
370
    18
100
AcDbPolyline
 90
       14
 70
     0
 43
0.0
 10
109.8973294576009
 20
435.6946804470487
 10
109.8973294576009
 20
435.864006890191
 10
109.9820034450955
 20
436.2026597764757
 10
110.1513298882379
 20
436.2873229980469
 10
110.4053303188748
 20
436.4566494411893
 10
110.9980051676432
 20
436.4566494411893
 10
111.2519948323568
 20
436.2873229980469
 10
111.4213320414225
 20
436.2026597764757
 10
111.5059952629937
 20
435.864006890191
 10
111.5059952629937
 20
435.6100172254775
 10
111.4213320414225
 20
435.2713212754991
 10
111.0826683892144
 20
434.8480051676432
 10
109.7280030144586
 20
433.3239810519748
 10
111.6753324720595
 20
433.3239810519748
  0
LWPOLYLINE
  5
118
330
A
100
AcDbEntity
  8
0
  6
Continuous
 62
     7
370
    18
100
AcDbPolyline
 90
       23
 70
     0
 43
0.0
 10
114.3
 20
435.4406477186415
 10
114.1306627909343
 20
434.9326683892144
 10
113.8766623602973
 20
434.6786787245009
 10
113.453335486518
 20
434.5093522813585
 10
113.2839982774523
 20
434.5093522813585
 10
112.860671403673
 20
434.6786787245009
 10
112.606670973036
 20
434.9326683892144
 10
112.5219969855415
 20
435.4406477186415
 10
112.5219969855415
 20
435.6100172254775
 10
112.606670973036
 20
436.0333333333334
 10
112.860671403673
 20
436.2873229980469
 10
113.2839982774523
 20
436.4566494411893
 10
113.453335486518
 20
436.4566494411893
 10
113.8766623602973
 20
436.2873229980469
 10
114.1306627909343
 20
436.0333333333334
 10
114.3
 20
435.4406477186415
 10
114.3
 20
434.6786787245009
 10
114.1306627909343
 20
433.9166666666667
 10
113.8766623602973
 20
433.4086873372396
 10
113.453335486518
 20
433.3239810519748
 10
113.1993350558811
 20
433.3239810519748
 10
112.7759974161784
 20
433.4086873372396
 10
112.606670973036
 20
433.7473402235244
  0
LWPOLYLINE
  5
130
330
A
100
AcDbEntity
  8
0
  6
Continuous
 62
     7
370
    18
100
AcDbPolyline
 90
        4
 70
     1
 43
0.0
 10
115.4853281656901
 20
433.578013780382
 10
115.4006649441189
 20
433.4086873372396
 10
115.4853281656901
 20
433.3239810519748
 10
115.6546653747559
 20
433.4086873372396
  0
LWPOLYLINE
  5
136
330
A
100
AcDbEntity
  8
0
  6
Continuous
 62
     7
370
    18
100
AcDbPolyline
 90
       28
 70
     1
 43
0.0
 10
117.2633311801487
 20
436.4566494411893
 10
116.8400043063694
 20
436.2873229980469
 10
116.7553303188748
 20
436.0333333333334
 10
116.7553303188748
 20
435.6946804470487
 10
116.8400043063694
 20
435.4406477186415
 10
117.1786679585775
 20
435.2713212754991
 10
117.6866688198513
 20
435.1019948323568
 10
118.1099956936307
 20
434.9326683892144
 10
118.3639961242676
 20
434.6786787245009
 10
118.5333333333333
 20
434.3399827745226
 10
118.5333333333333
 20
433.9166666666667
 10
118.3639961242676
 20
433.578013780382
 10
118.2793329026964
 20
433.4086873372396
 10
117.8559952629937
 20
433.3239810519748
 10
117.2633311801487
 20
433.3239810519748
 10
116.8400043063694
 20
433.4086873372396
 10
116.7553303188748
 20
433.578013780382
 10
116.5860038757324
 20
433.9166666666667
 10
116.5860038757324
 20
434.3399827745226
 10
116.7553303188748
 20
434.6786787245009
 10
117.0093307495117
 20
434.9326683892144
 10
117.4326683892144
 20
435.1019948323568
 10
117.9406692504883
 20
435.2713212754991
 10
118.2793329026964
 20
435.4406477186415
 10
118.3639961242676
 20
435.6946804470487
 10
118.3639961242676
 20
436.0333333333334
 10
118.2793329026964
 20
436.2873229980469
 10
117.8559952629937
 20
436.4566494411893
  0
LINE
  5
154
330
A
100
AcDbEntity
  8
0
  6
Continuous
 62
     7
370
    18
100
AcDbLine
 10
302.1753324720595
 20
407.3313385009766
 30
0.0
 11
302.1753324720595
 21
405.8920206705729
 31
0.0
  0
LINE
  5
155
330
A
100
AcDbEntity
  8
0
  6
Continuous
 62
     5
370
    18
100
AcDbLine
 10
302.1753324720595
 20
406.5693264431424
 30
0.0
 11
302.1753324720595
 21
433.3239810519748
 31
0.0
  0
LINE
  5
156
330
A
100
AcDbEntity
  8
0
  6
Continuous
 62
     5
370
    18
100
AcDbLine
 10
172.1273380703396
 20
406.5693264431424
 30
0.0
 11
172.1273380703396
 21
433.3239810519748
 31
0.0
  0
LINE
  5
157
330
A
100
AcDbEntity
  8
0
  6
Continuous
 62
     1
370
    18
100
AcDbLine
 10
299.0426640828451
 20
432.6466752794054
 30
0.0
 11
175.3446696811252
 21
432.6466752794054
 31
0.0
  0
HATCH
  5
15C
330
A
100
AcDbEntity
  8
0
 62
     1
100
AcDbHatch
 10
0.0
 20
0.0
 30
0.0
210
0.0
220
0.0
230
1.0
  2
SOLID
 70
     1
 71
     0
 91
        1
 92
        7
 72
     0
 73
     1
 93
        3
 10
299.0426640828451
 20
433.1546546088325
 10
299.0426640828451
 20
432.0539896647136
 10
302.1753324720595
 20
432.6466752794054
 97
        0
 75
     0
 76
     1
 47
0.000001
 98
        0
  0
HATCH
  5
161
330
A
100
AcDbEntity
  8
0
 62
     1
100
AcDbHatch
 10
0.0
 20
0.0
 30
0.0
210
0.0
220
0.0
230
1.0
  2
SOLID
 70
     1
 71
     0
 91
        1
 92
        7
 72
     0
 73
     1
 93
        3
 10
175.3446696811252
 20
433.1546546088325
 10
175.3446696811252
 20
432.0539896647136
 10
172.1273380703396
 20
432.6466752794054
 97
        0
 75
     0
 76
     1
 47
0.000001
 98
        0
  0
LWPOLYLINE
  5
162
330
A
100
AcDbEntity
  8
0
  6
Continuous
 62
     7
370
    18
100
AcDbPolyline
 90
        3
 70
     0
 43
0.0
 10
231.3939939710829
 20
436.4566494411893
 10
230.0393393622504
 20
434.3399827745226
 10
232.0713428073459
 20
434.3399827745226
  0
LINE
  5
166
330
A
100
AcDbEntity
  8
0
  6
Continuous
 62
     7
370
    18
100
AcDbLine
 10
231.3939939710829
 20
436.4566494411893
 30
0.0
 11
231.3939939710829
 21
433.3239810519748
 31
0.0
  0
LWPOLYLINE
  5
167
330
A
100
AcDbEntity
  8
0
  6
Continuous
 62
     7
370
    18
100
AcDbPolyline
 90
       28
 70
     1
 43
0.0
 10
233.5106606377496
 20
436.4566494411893
 10
233.0873229980469
 20
436.2873229980469
 10
232.9179965549045
 20
436.0333333333334
 10
232.9179965549045
 20
435.6946804470487
 10
233.0873229980469
 20
435.4406477186415
 10
233.3413341946072
 20
435.2713212754991
 10
233.8493350558811
 20
435.1019948323568
 10
234.2726726955838
 20
434.9326683892144
 10
234.5266623602973
 20
434.6786787245009
 10
234.6960103352865
 20
434.3399827745226
 10
234.6960103352865
 20
433.9166666666667
 10
234.5266623602973
 20
433.578013780382
 10
234.4419991387261
 20
433.4086873372396
 10
234.0186614990235
 20
433.3239810519748
 10
233.5106606377496
 20
433.3239810519748
 10
233.0873229980469
 20
433.4086873372396
 10
232.9179965549045
 20
433.578013780382
 10
232.7486701117622
 20
433.9166666666667
 10
232.7486701117622
 20
434.3399827745226
 10
232.9179965549045
 20
434.6786787245009
 10
233.1720077514649
 20
434.9326683892144
 10
233.5953238593208
 20
435.1019948323568
 10
234.1880094740126
 20
435.2713212754991
 10
234.4419991387261
 20
435.4406477186415
 10
234.5266623602973
 20
435.6946804470487
 10
234.5266623602973
 20
436.0333333333334
 10
234.4419991387261
 20
436.2873229980469
 10
234.0186614990235
 20
436.4566494411893
  0
LWPOLYLINE
  5
185
330
A
100
AcDbEntity
  8
0
  6
Continuous
 62
     7
370
    18
100
AcDbPolyline
 90
       28
 70
     1
 43
0.0
 10
236.2199913872613
 20
436.4566494411893
 10
235.7966752794054
 20
436.2873229980469
 10
235.6273273044162
 20
436.0333333333334
 10
235.6273273044162
 20
435.6946804470487
 10
235.7966752794054
 20
435.4406477186415
 10
236.0506649441189
 20
435.2713212754991
 10
236.643329026964
 20
435.1019948323568
 10
237.0666666666667
 20
434.9326683892144
 10
237.3206563313802
 20
434.6786787245009
 10
237.4053410847982
 20
434.3399827745226
 10
237.4053410847982
 20
433.9166666666667
 10
237.3206563313802
 20
433.578013780382
 10
237.1513298882379
 20
433.4086873372396
 10
236.7279922485352
 20
433.3239810519748
 10
236.2199913872613
 20
433.3239810519748
 10
235.7966752794054
 20
433.4086873372396
 10
235.6273273044162
 20
433.578013780382
 10
235.5426640828451
 20
433.9166666666667
 10
235.5426640828451
 20
434.3399827745226
 10
235.6273273044162
 20
434.6786787245009
 10
235.9660017225478
 20
434.9326683892144
 10
236.3893393622504
 20
435.1019948323568
 10
236.8973402235243
 20
435.2713212754991
 10
237.1513298882379
 20
435.4406477186415
 10
237.3206563313802
 20
435.6946804470487
 10
237.3206563313802
 20
436.0333333333334
 10
237.1513298882379
 20
436.2873229980469
 10
236.7279922485352
 20
436.4566494411893
  0
LWPOLYLINE
  5
1A3
330
A
100
AcDbEntity
  8
0
  6
Continuous
 62
     7
370
    18
100
AcDbPolyline
 90
        3
 70
     0
 43
0.0
 10
239.606670973036
 20
436.4566494411893
 10
238.2519948323568
 20
434.3399827745226
 10
240.2839982774523
 20
434.3399827745226
  0
LINE
  5
1A7
330
A
100
AcDbEntity
  8
0
  6
Continuous
 62
     7
370
    18
100
AcDbLine
 10
239.606670973036
 20
436.4566494411893
 30
0.0
 11
239.606670973036
 21
433.3239810519748
 31
0.0
  0
LWPOLYLINE
  5
1A8
330
A
100
AcDbEntity
  8
0
  6
Continuous
 62
     7
370
    18
100
AcDbPolyline
 90
        4
 70
     1
 43
0.0
 10
241.3
 20
433.578013780382
 10
241.1306735568577
 20
433.4086873372396
 10
241.3
 20
433.3239810519748
 10
241.3846632215712
 20
433.4086873372396
  0
LWPOLYLINE
  5
1AE
330
A
100
AcDbEntity
  8
0
  6
Continuous
 62
     7
370
    18
100
AcDbPolyline
 90
       15
 70
     0
 43
0.0
 10
242.6546761406793
 20
436.4566494411893
 10
244.1786571926541
 20
436.4566494411893
 10
243.3320034450955
 20
435.2713212754991
 10
243.7553410847982
 20
435.2713212754991
 10
244.0093307495117
 20
435.1019948323568
 10
244.1786571926541
 20
434.9326683892144
 10
244.2633419460721
 20
434.5093522813585
 10
244.2633419460721
 20
434.1706563313803
 10
244.1786571926541
 20
433.7473402235244
 10
243.8400043063694
 20
433.4086873372396
 10
243.5013298882379
 20
433.3239810519748
 10
243.0779922485352
 20
433.3239810519748
 10
242.6546761406793
 20
433.4086873372396
 10
242.4853281656901
 20
433.578013780382
 10
242.4006649441189
 20
433.9166666666667
  0
LINE
  5
1BE
330
A
100
AcDbEntity
  8
0
  6
Continuous
 62
     5
370
    18
100
AcDbLine
 10
366.5219862196181
 20
374.9886528862847
 30
0.0
 11
366.5219862196181
 21
433.3239810519748
 31
0.0
  0
LINE
  5
1BF
330
A
100
AcDbEntity
  8
0
  6
Continuous
 62
     5
370
    18
100
AcDbLine
 10
302.1753324720595
 20
406.5693264431424
 30
0.0
 11
302.1753324720595
 21
433.3239810519748
 31
0.0
  0
LINE
  5
1C0
330
A
100
AcDbEntity
  8
0
  6
Continuous
 62
     1
370
    18
100
AcDbLine
 10
363.3046546088325
 20
432.6466752794054
 30
0.0
 11
305.392664082845
 21
432.6466752794054
 31
0.0
  0
HATCH
  5
1C5
330
A
100
AcDbEntity
  8
0
 62
     1
100
AcDbHatch
 10
0.0
 20
0.0
 30
0.0
210
0.0
220
0.0
230
1.0
  2
SOLID
 70
     1
 71
     0
 91
        1
 92
        7
 72
     0
 73
     1
 93
        3
 10
363.3046546088325
 20
433.1546546088325
 10
363.3046546088325
 20
432.0539896647136
 10
366.5219862196181
 20
432.6466752794054
 97
        0
 75
     0
 76
     1
 47
0.000001
 98
        0
  0
HATCH
  5
1CA
330
A
100
AcDbEntity
  8
0
 62
     1
100
AcDbHatch
 10
0.0
 20
0.0
 30
0.0
210
0.0
220
0.0
230
1.0
  2
SOLID
 70
     1
 71
     0
 91
        1
 92
        7
 72
     0
 73
     1
 93
        3
 10
305.392664082845
 20
433.1546546088325
 10
305.392664082845
 20
432.0539896647136
 10
302.1753324720595
 20
432.6466752794054
 97
        0
 75
     0
 76
     1
 47
0.000001
 98
        0
  0
LWPOLYLINE
  5
1CB
330
A
100
AcDbEntity
  8
0
  6
Continuous
 62
     7
370
    18
100
AcDbPolyline
 90
       14
 70
     0
 43
0.0
 10
327.4060060289171
 20
435.6946804470487
 10
327.4060060289171
 20
435.864006890191
 10
327.4906692504883
 20
436.2026597764757
 10
327.6599956936307
 20
436.2873229980469
 10
327.914006890191
 20
436.4566494411893
 10
328.506670973036
 20
436.4566494411893
 10
328.7606606377496
 20
436.2873229980469
 10
328.8453238593208
 20
436.2026597764757
 10
329.0146718343099
 20
435.864006890191
 10
329.0146718343099
 20
435.6100172254775
 10
328.8453238593208
 20
435.2713212754991
 10
328.5913341946072
 20
434.8480051676432
 10
327.236658053928
 20
433.3239810519748
 10
329.1839982774523
 20
433.3239810519748
  0
LWPOLYLINE
  5
1DA
330
A
100
AcDbEntity
  8
0
  6
Continuous
 62
     7
370
    18
100
AcDbPolyline
 90
        3
 70
     0
 43
0.0
 10
331.3853281656901
 20
436.4566494411893
 10
329.9460103352865
 20
434.3399827745226
 10
332.0626770019531
 20
434.3399827745226
  0
LINE
  5
1DE
330
A
100
AcDbEntity
  8
0
  6
Continuous
 62
     7
370
    18
100
AcDbLine
 10
331.3853281656901
 20
436.4566494411893
 30
0.0
 11
331.3853281656901
 21
433.3239810519748
 31
0.0
  0
LWPOLYLINE
  5
1DF
330
A
100
AcDbEntity
  8
0
  6
Continuous
 62
     7
370
    18
100
AcDbPolyline
 90
        4
 70
     0
 43
0.0
 10
333.1633419460721
 20
435.864006890191
 10
333.4173316107856
 20
436.0333333333334
 10
333.8406692504883
 20
436.4566494411893
 10
333.8406692504883
 20
433.3239810519748
  0
LWPOLYLINE
  5
1E4
330
A
100
AcDbEntity
  8
0
  6
Continuous
 62
     7
370
    18
100
AcDbPolyline
 90
       17
 70
     0
 43
0.0
 10
337.0580008612739
 20
436.4566494411893
 10
335.7033247205947
 20
436.4566494411893
 10
335.6186614990235
 20
435.1019948323568
 10
335.7033247205947
 20
435.2713212754991
 10
336.1266623602974
 20
435.4406477186415
 10
336.55
 20
435.4406477186415
 10
336.9733376397027
 20
435.2713212754991
 10
337.2273273044162
 20
434.9326683892144
 10
337.3966752794054
 20
434.5093522813585
 10
337.3966752794054
 20
434.1706563313803
 10
337.2273273044162
 20
433.7473402235244
 10
336.9733376397027
 20
433.4086873372396
 10
336.55
 20
433.3239810519748
 10
336.1266623602974
 20
433.3239810519748
 10
335.7033247205947
 20
433.4086873372396
 10
335.6186614990235
 20
433.578013780382
 10
335.4493350558811
 20
433.9166666666667
  0
LWPOLYLINE
  5
1F6
330
A
100
AcDbEntity
  8
0
  6
Continuous
 62
     7
370
    18
100
AcDbPolyline
 90
        4
 70
     1
 43
0.0
 10
338.4973402235243
 20
433.578013780382
 10
338.3279922485352
 20
433.4086873372396
 10
338.4973402235243
 20
433.3239810519748
 10
338.5820034450955
 20
433.4086873372396
  0
LWPOLYLINE
  5
1FC
330
A
100
AcDbEntity
  8
0
  6
Continuous
 62
     7
370
    18
100
AcDbPolyline
 90
        3
 70
     0
 43
0.0
 10
340.1060060289171
 20
433.3239810519748
 10
341.4606606377496
 20
436.4566494411893
 10
339.5980051676432
 20
436.4566494411893
  0
LINE
  5
200
330
A
100
AcDbEntity
  8
0
  6
Continuous
 62
     5
370
    18
100
AcDbLine
 10
366.5219862196181
 20
374.9886528862847
 30
0.0
 11
366.5219862196181
 21
433.3239810519748
 31
0.0
  0
LINE
  5
201
330
A
100
AcDbEntity
  8
0
  6
Continuous
 62
     5
370
    18
100
AcDbLine
 10
370.5013298882379
 20
374.9886528862847
 30
0.0
 11
370.5013298882379
 21
433.3239810519748
 31
0.0
  0
LINE
  5
202
330
A
100
AcDbEntity
  8
0
  6
Continuous
 62
     1
370
    18
100
AcDbLine
 10
363.3046546088325
 20
432.6466752794054
 30
0.0
 11
360.0873229980469
 21
432.6466752794054
 31
0.0
  0
LINE
  5
203
330
A
100
AcDbEntity
  8
0
  6
Continuous
 62
     1
370
    18
100
AcDbLine
 10
373.7186614990235
 20
432.6466752794054
 30
0.0
 11
385.2333333333333
 21
432.6466752794054
 31
0.0
  0
HATCH
  5
208
330
A
100
AcDbEntity
  8
0
 62
     1
100
AcDbHatch
 10
0.0
 20
0.0
 30
0.0
210
0.0
220
0.0
230
1.0
  2
SOLID
 70
     1
 71
     0
 91
        1
 92
        7
 72
     0
 73
     1
 93
        3
 10
363.3046546088325
 20
433.1546546088325
 10
363.3046546088325
 20
432.0539896647136
 10
366.5219862196181
 20
432.6466752794054
 97
        0
 75
     0
 76
     1
 47
0.000001
 98
        0
  0
HATCH
  5
20D
330
A
100
AcDbEntity
  8
0
 62
     1
100
AcDbHatch
 10
0.0
 20
0.0
 30
0.0
210
0.0
220
0.0
230
1.0
  2
SOLID
 70
     1
 71
     0
 91
        1
 92
        7
 72
     0
 73
     1
 93
        3
 10
373.7186614990235
 20
433.1546546088325
 10
373.7186614990235
 20
432.0539896647136
 10
370.5013298882379
 20
432.6466752794054
 97
        0
 75
     0
 76
     1
 47
0.000001
 98
        0
  0
LWPOLYLINE
  5
20E
330
A
100
AcDbEntity
  8
0
  6
Continuous
 62
     7
370
    18
100
AcDbPolyline
 90
        4
 70
     0
 43
0.0
 10
377.5286787245009
 20
435.864006890191
 10
377.8673316107856
 20
436.0333333333334
 10
378.2906477186415
 20
436.4566494411893
 10
378.2906477186415
 20
433.3239810519748
  0
LWPOLYLINE
  5
213
330
A
100
AcDbEntity
  8
0
  6
Continuous
 62
     7
370
    18
100
AcDbPolyline
 90
       17
 70
     0
 43
0.0
 10
381.5079793294271
 20
436.4566494411893
 10
380.1533247205946
 20
436.4566494411893
 10
380.0686614990234
 20
435.1019948323568
 10
380.1533247205946
 20
435.2713212754991
 10
380.5766838921441
 20
435.4406477186415
 10
381.0
 20
435.4406477186415
 10
381.423316107856
 20
435.2713212754991
 10
381.677348836263
 20
434.9326683892144
 10
381.8466752794054
 20
434.5093522813585
 10
381.8466752794054
 20
434.1706563313803
 10
381.677348836263
 20
433.7473402235244
 10
381.423316107856
 20
433.4086873372396
 10
381.0
 20
433.3239810519748
 10
380.5766838921441
 20
433.3239810519748
 10
380.1533247205946
 20
433.4086873372396
 10
380.0686614990234
 20
433.578013780382
 10
379.8993350558811
 20
433.9166666666667
  0
LWPOLYLINE
  5
225
330
A
100
AcDbEntity
  8
0
  6
Continuous
 62
     7
370
    18
100
AcDbPolyline
 90
       16
 70
     1
 43
0.0
 10
383.4553195529514
 20
436.4566494411893
 10
383.0320034450955
 20
436.2873229980469
 10
382.778013780382
 20
435.864006890191
 10
382.6086873372396
 20
435.1019948323568
 10
382.6086873372396
 20
434.6786787245009
 10
382.778013780382
 20
433.9166666666667
 10
383.0320034450955
 20
433.4086873372396
 10
383.4553195529514
 20
433.3239810519748
 10
383.7093522813585
 20
433.3239810519748
 10
384.1326683892144
 20
433.4086873372396
 10
384.386658053928
 20
433.9166666666667
 10
384.5559844970703
 20
434.6786787245009
 10
384.5559844970703
 20
435.1019948323568
 10
384.386658053928
 20
435.864006890191
 10
384.1326683892144
 20
436.2873229980469
 10
383.7093522813585
 20
436.4566494411893
  0
LINE
  5
237
330
A
100
AcDbEntity
  8
0
  6
Continuous
 62
     7
370
    18
100
AcDbLine
 10
363.8973402235243
 20
359.3253324720595
 30
0.0
 11
302.1753324720595
 21
405.8920206705729
 31
0.0
  0
LINE
  5
238
330
A
100
AcDbEntity
  8
0
  6
Continuous
 62
     7
370
    18
100
AcDbLine
 10
363.8973402235243
 20
361.1880094740126
 30
0.0
 11
303.106670973036
 21
407.0773488362631
 31
0.0
  0
LWPOLYLINE
  5
239
330
A
100
AcDbEntity
  8
0
  6
Continuous
 62
     7
370
    18
100
AcDbPolyline
 90
        3
 70
     0
 43
0.0
 10
302.1753324720595
 20
407.3313385009766
 10
302.1753324720595
 20
405.8920206705729
 10
303.106670973036
 20
407.0773488362631
  0
LINE
  5
23D
330
A
100
AcDbEntity
  8
0
  6
Continuous
 62
     7
370
    18
100
AcDbLine
 10
299.8893393622504
 20
204.3006649441189
 30
0.0
 11
172.1273380703396
 21
204.3006649441189
 31
0.0
  0
LINE
  5
23E
330
A
100
AcDbEntity
  8
0
  6
Continuous
 62
     7
370
    18
100
AcDbLine
 10
298.7886744181315
 20
202.8613255818685
 30
0.0
 11
171.8733376397027
 21
202.8613255818685
 31
0.0
  0
LINE
  5
23F
330
A
100
AcDbEntity
  8
0
  6
Continuous
 62
     7
370
    18
100
AcDbLine
 10
172.1273380703396
 20
204.3006649441189
 30
0.0
 11
119.803335486518
 21
225.9753324720595
 31
0.0
  0
LINE
  5
240
330
A
100
AcDbEntity
  8
0
  6
Continuous
 62
     7
370
    18
100
AcDbLine
 10
171.8733376397027
 20
202.8613255818685
 30
0.0
 11
118.7026705423991
 21
224.8746675279405
 31
0.0
  0
LINE
  5
241
330
A
100
AcDbEntity
  8
0
  6
Continuous
 62
     7
370
    18
100
AcDbLine
 10
363.8973402235243
 20
250.8673316107856
 30
0.0
 11
319.2779922485352
 21
217.1699913872613
 31
0.0
  0
LINE
  5
242
330
A
100
AcDbEntity
  8
0
  6
Continuous
 62
     7
370
    18
100
AcDbLine
 10
363.8973402235243
 20
249.0046761406793
 30
0.0
 11
320.7173316107856
 21
216.4926640828451
 31
0.0
  0
LINE
  5
243
330
A
100
AcDbEntity
  8
0
  6
Continuous
 62
     7
370
    18
100
AcDbLine
 10
365.1673316107856
 20
347.3873229980469
 30
0.0
 11
370.5013298882379
 21
348.9960103352865
 31
0.0
  0
LINE
  5
244
330
A
100
AcDbEntity
  8
0
  6
Continuous
 62
     7
370
    18
100
AcDbLine
 10
365.1673316107856
 20
347.7259974161784
 30
0.0
 11
365.1673316107856
 21
262.4666666666667
 31
0.0
  0
LINE
  5
245
330
A
100
AcDbEntity
  8
0
  6
Continuous
 62
     6
370
    18
100
AcDbLine
 10
292.9466752794054
 20
305.0539896647136
 30
0.0
 11
295.0633419460721
 21
293.200664944119
 31
0.0
  0
LINE
  5
246
330
A
100
AcDbEntity
  8
0
  6
Continuous
 62
     6
370
    18
100
AcDbLine
 10
295.6560060289171
 20
289.9833333333333
 30
0.0
 11
296.2486701117622
 21
286.6813385009766
 31
0.0
  0
LINE
  5
247
330
A
100
AcDbEntity
  8
0
  6
Continuous
 62
     6
370
    18
100
AcDbLine
 10
296.756670973036
 20
283.3793436686198
 30
0.0
 11
300.2279922485352
 21
263.736658053928
 31
0.0
  0
LINE
  5
248
330
A
100
AcDbEntity
  8
0
  6
Continuous
 62
     6
370
    18
100
AcDbLine
 10
300.8206563313802
 20
260.4346632215712
 30
0.0
 11
301.4133419460721
 21
257.1326683892144
 31
0.0
  0
LINE
  5
249
330
A
100
AcDbEntity
  8
0
  6
Continuous
 62
     6
370
    18
100
AcDbLine
 10
302.0060060289171
 20
253.9153367784288
 30
0.0
 11
305.4773273044162
 21
234.1880094740126
 31
0.0
  0
LINE
  5
24A
330
A
100
AcDbEntity
  8
0
  6
Continuous
 62
     6
370
    18
100
AcDbLine
 10
306.0699913872613
 20
230.9706563313802
 30
0.0
 11
306.5779922485352
 21
227.6686614990234
 31
0.0
  0
LINE
  5
24B
330
A
100
AcDbEntity
  8
0
  6
Continuous
 62
     6
370
    18
100
AcDbLine
 10
307.1706563313802
 20
224.3666666666667
 30
0.0
 11
310.6419991387261
 21
204.7240025838216
 31
0.0
  0
LINE
  5
24C
330
A
100
AcDbEntity
  8
0
  6
Continuous
 62
     6
370
    18
100
AcDbLine
 10
311.2346632215712
 20
201.4220077514649
 30
0.0
 11
311.8273273044163
 21
198.2046761406793
 31
0.0
  0
LINE
  5
24D
330
A
100
AcDbEntity
  8
0
  6
Continuous
 62
     6
370
    18
100
AcDbLine
 10
312.4199913872613
 20
194.9026597764757
 30
0.0
 11
314.4519948323568
 21
183.0493350558811
 31
0.0
  0
LINE
  5
24E
330
A
100
AcDbEntity
  8
0
  6
Continuous
 62
     7
370
    18
100
AcDbLine
 10
327.5753324720595
 20
199.3900043063694
 30
0.0
 11
327.6599956936307
 21
198.6279922485352
 31
0.0
  0
LINE
  5
24F
330
A
100
AcDbEntity
  8
0
  6
Continuous
 62
     7
370
    18
100
AcDbLine
 10
299.8893393622504
 20
204.3006649441189
 30
0.0
 11
301.5826683892144
 21
194.8179965549045
 31
0.0
  0
LINE
  5
250
330
A
100
AcDbEntity
  8
0
  6
Continuous
 62
     7
370
    18
100
AcDbLine
 10
298.7886744181315
 20
202.8613255818685
 30
0.0
 11
300.3126770019531
 21
194.6486701117622
 31
0.0
  0
LINE
  5
251
330
A
100
AcDbEntity
  8
0
  6
Continuous
 62
     7
370
    18
100
AcDbLine
 10
319.2779922485352
 20
217.1699913872613
 30
0.0
 11
322.5800086127387
 21
198.543329026964
 31
0.0
  0
LINE
  5
252
330
A
100
AcDbEntity
  8
0
  6
Continuous
 62
     7
370
    18
100
AcDbLine
 10
320.4633419460721
 20
218.1013298882379
 30
0.0
 11
323.85
 21
198.7973402235243
 31
0.0
  0
LINE
  5
253
330
A
100
AcDbEntity
  8
0
  6
Continuous
 62
     7
370
    18
100
AcDbLine
 10
296.5873229980469
 20
193.9713428073459
 30
0.0
 11
310.2186614990235
 21
196.3419991387262
 31
0.0
  0
LINE
  5
254
330
A
100
AcDbEntity
  8
0
  6
Continuous
 62
     7
370
    18
100
AcDbLine
 10
313.6900043063694
 20
197.0193264431424
 30
0.0
 11
327.321342807346
 21
199.3900043063694
 31
0.0
  0
LINE
  5
255
330
A
100
AcDbEntity
  8
0
  6
Continuous
 62
     1
370
    18
100
AcDbLine
 10
140.6313385009766
 20
335.1106606377496
 30
0.0
 11
134.5353281656901
 21
336.0419991387262
 31
0.0
  0
LINE
  5
256
330
A
100
AcDbEntity
  8
0
  6
Continuous
 62
     1
370
    18
100
AcDbLine
 10
133.7733376397027
 20
336.2113255818685
 30
0.0
 11
132.9266623602973
 21
336.2960103352865
 31
0.0
  0
LINE
  5
257
330
A
100
AcDbEntity
  8
0
  6
Continuous
 62
     1
370
    18
100
AcDbLine
 10
132.0799978468153
 20
336.4653367784288
 30
0.0
 11
127.1693372090658
 21
337.2273273044162
 31
0.0
  0
LINE
  5
258
330
A
100
AcDbEntity
  8
0
  6
Continuous
 62
     1
370
    18
100
AcDbLine
 10
126.3226619296604
 20
337.3119905259874
 30
0.0
 11
125.560671403673
 21
337.4813385009766
 31
0.0
  0
LINE
  5
259
330
A
100
AcDbEntity
  8
0
  6
Continuous
 62
     1
370
    18
100
AcDbLine
 10
124.7139961242676
 20
337.5660017225478
 30
0.0
 11
119.803335486518
 21
338.3279922485352
 31
0.0
  0
LINE
  5
25A
330
A
100
AcDbEntity
  8
0
  6
Continuous
 62
     1
370
    18
100
AcDbLine
 10
118.956670973036
 20
338.4973402235243
 30
0.0
 11
118.1099956936307
 21
338.5820034450955
 31
0.0
  0
LINE
  5
25B
330
A
100
AcDbEntity
  8
0
  6
Continuous
 62
     1
370
    18
100
AcDbLine
 10
117.2633311801487
 20
338.7513298882379
 30
0.0
 11
112.3526705423991
 21
339.513341946072
 31
0.0
  0
LINE
  5
25C
330
A
100
AcDbEntity
  8
0
  6
Continuous
 62
     1
370
    18
100
AcDbLine
 10
111.5059952629937
 20
339.5980051676432
 30
0.0
 11
110.7440047370063
 21
339.7673316107856
 31
0.0
  0
LINE
  5
25D
330
A
100
AcDbEntity
  8
0
  6
Continuous
 62
     1
370
    18
100
AcDbLine
 10
109.8973294576009
 20
339.8519948323568
 30
0.0
 11
104.9866688198513
 21
340.6986701117622
 31
0.0
  0
LINE
  5
25E
330
A
100
AcDbEntity
  8
0
  6
Continuous
 62
     1
370
    18
100
AcDbLine
 10
104.1400043063694
 20
340.7833333333334
 30
0.0
 11
103.293329026964
 21
340.9526597764757
 31
0.0
  0
LINE
  5
25F
330
A
100
AcDbEntity
  8
0
  6
Continuous
 62
     1
370
    18
100
AcDbLine
 10
102.5313385009766
 20
341.0373229980469
 30
0.0
 11
96.43532816569011
 21
341.9686614990235
 31
0.0
  0
LINE
  5
260
330
A
100
AcDbEntity
  8
0
  6
Continuous
 62
     1
370
    18
100
AcDbLine
 10
140.8853281656901
 20
275.0820034450955
 30
0.0
 11
138.4299978468153
 21
274.743329026964
 31
0.0
  0
LINE
  5
261
330
A
100
AcDbEntity
  8
0
  6
Continuous
 62
     1
370
    18
100
AcDbLine
 10
137.5833333333333
 20
274.5740025838217
 30
0.0
 11
136.7366688198514
 21
274.4893393622505
 31
0.0
  0
LINE
  5
262
330
A
100
AcDbEntity
  8
0
  6
Continuous
 62
     1
370
    18
100
AcDbLine
 10
135.9746675279405
 20
274.3199913872613
 30
0.0
 11
130.9793329026964
 21
273.5580008612739
 31
0.0
  0
LINE
  5
263
330
A
100
AcDbEntity
  8
0
  6
Continuous
 62
     1
370
    18
100
AcDbLine
 10
130.2173316107856
 20
273.4733376397027
 30
0.0
 11
129.3706670973036
 21
273.3039896647136
 31
0.0
  0
LINE
  5
264
330
A
100
AcDbEntity
  8
0
  6
Continuous
 62
     1
370
    18
100
AcDbLine
 10
128.5240025838216
 20
273.2193264431424
 30
0.0
 11
123.6133311801487
 21
272.457335917155
 31
0.0
  0
LINE
  5
265
330
A
100
AcDbEntity
  8
0
  6
Continuous
 62
     1
370
    18
100
AcDbLine
 10
122.7666666666667
 20
272.2880094740126
 30
0.0
 11
122.0046653747559
 21
272.2033247205947
 31
0.0
  0
LINE
  5
266
330
A
100
AcDbEntity
  8
0
  6
Continuous
 62
     1
370
    18
100
AcDbLine
 10
121.1580008612739
 20
272.0339982774523
 30
0.0
 11
116.2473294576009
 21
271.2720077514649
 31
0.0
  0
LINE
  5
267
330
A
100
AcDbEntity
  8
0
  6
Continuous
 62
     1
370
    18
100
AcDbLine
 10
115.4006649441189
 20
271.1873229980469
 30
0.0
 11
114.5540004306369
 21
271.0179965549045
 31
0.0
  0
LINE
  5
268
330
A
100
AcDbEntity
  8
0
  6
Continuous
 62
     1
370
    18
100
AcDbLine
 10
113.7073359171549
 20
270.9333333333333
 30
0.0
 11
108.796664513482
 21
270.1713428073459
 31
0.0
  0
LINE
  5
269
330
A
100
AcDbEntity
  8
0
  6
Continuous
 62
     1
370
    18
100
AcDbLine
 10
107.95
 20
270.0019948323568
 30
0.0
 11
107.1879987080892
 21
269.8326683892144
 31
0.0
  0
LINE
  5
26A
330
A
100
AcDbEntity
  8
0
  6
Continuous
 62
     1
370
    18
100
AcDbLine
 10
106.3413341946072
 20
269.7480051676433
 30
0.0
 11
101.4306627909342
 21
268.985993109809
 31
0.0
  0
LINE
  5
26B
330
A
100
AcDbEntity
  8
0
  6
Continuous
 62
     1
370
    18
100
AcDbLine
 10
100.5839982774523
 20
268.8166666666667
 30
0.0
 11
99.73733376397027
 21
268.7320034450955
 31
0.0
  0
LINE
  5
26C
330
A
100
AcDbEntity
  8
0
  6
Continuous
 62
     1
370
    18
100
AcDbLine
 10
98.97533247205946
 20
268.5626770019531
 30
0.0
 11
96.43532816569011
 21
268.2240025838216
 31
0.0
  0
LINE
  5
26D
330
A
100
AcDbEntity
  8
0
  6
Continuous
 62
     7
370
    18
100
AcDbLine
 10
219.3713428073459
 20
418.0839982774523
 30
0.0
 11
219.3713428073459
 21
422.1480051676432
 31
0.0
  0
LINE
  5
26E
330
A
100
AcDbEntity
  8
0
  6
Continuous
 62
     7
370
    18
100
AcDbLine
 10
122.4280030144586
 20
306.1546761406793
 30
0.0
 11
122.5973294576009
 21
304.0380094740126
 31
0.0
  0
LINE
  5
26F
330
A
100
AcDbEntity
  8
0
  6
Continuous
 62
     7
370
    18
100
AcDbLine
 10
123.8673316107856
 20
306.2393393622505
 30
0.0
 11
122.5126662360297
 21
304.7153367784288
 31
0.0
  0
LINE
  5
270
330
A
100
AcDbEntity
  8
0
  6
Continuous
 62
     7
370
    18
100
AcDbLine
 10
123.0206670973036
 20
305.3080008612739
 30
0.0
 11
124.0366688198514
 21
304.1226726955838
 31
0.0
  0
LWPOLYLINE
  5
271
330
A
100
AcDbEntity
  8
0
  6
Continuous
 62
     7
370
    18
100
AcDbPolyline
 90
       17
 70
     0
 43
0.0
 10
124.5446696811252
 20
304.9693264431424
 10
125.8146718343099
 20
305.0539896647136
 10
125.7299978468153
 20
305.2233376397027
 10
125.6453346252441
 20
305.4773273044162
 10
125.560671403673
 20
305.5619905259874
 10
125.306670973036
 20
305.6466752794054
 10
125.0526705423991
 20
305.6466752794054
 10
124.7986701117622
 20
305.4773273044162
 10
124.6293329026964
 20
305.3080008612739
 10
124.5446696811252
 20
304.9693264431424
 10
124.5446696811252
 20
304.8
 10
124.7139961242676
 20
304.4613255818685
 10
124.8833333333333
 20
304.2919991387262
 10
125.1373337639703
 20
304.207335917155
 10
125.4759974161784
 20
304.207335917155
 10
125.6453346252441
 20
304.3766623602973
 10
125.8146718343099
 20
304.5460103352865
  0
LWPOLYLINE
  5
283
330
A
100
AcDbEntity
  8
0
  6
Continuous
 62
     7
370
    18
100
AcDbPolyline
 90
        3
 70
     0
 43
0.0
 10
126.2379987080892
 20
305.7313385009766
 10
126.9153367784288
 20
304.2919991387262
 10
127.4233376397027
 20
305.8160017225478
  0
LWPOLYLINE
  5
287
330
A
100
AcDbEntity
  8
0
  6
Continuous
 62
     7
370
    18
100
AcDbPolyline
 90
        5
 70
     0
 43
0.0
 10
126.9153367784288
 20
304.2919991387262
 10
126.7459995693631
 20
303.8686614990235
 10
126.5766623602973
 20
303.6993350558811
 10
126.407335917155
 20
303.6146718343099
 10
126.3226619296604
 20
303.5300086127388
  0
LINE
  5
28D
330
A
100
AcDbEntity
  8
0
  6
Continuous
 62
     6
370
    18
100
AcDbLine
 10
292.9466752794054
 20
305.0539896647136
 30
0.0
 11
292.9466752794054
 21
287.6973402235243
 31
0.0
  0
LINE
  5
28E
330
A
100
AcDbEntity
  8
0
  6
Continuous
 62
     6
370
    18
100
AcDbLine
 10
292.9466752794054
 20
284.3953238593207
 30
0.0
 11
292.9466752794054
 21
281.093329026964
 31
0.0
  0
LINE
  5
28F
330
A
100
AcDbEntity
  8
0
  6
Continuous
 62
     6
370
    18
100
AcDbLine
 10
292.9466752794054
 20
277.7066709730361
 30
0.0
 11
292.9466752794054
 21
260.35
 31
0.0
  0
LINE
  5
290
330
A
100
AcDbEntity
  8
0
  6
Continuous
 62
     7
370
    18
100
AcDbLine
 10
296.756670973036
 20
193.2093307495117
 30
0.0
 11
310.6419991387261
 21
195.6646718343099
 31
0.0
  0
LINE
  5
291
330
A
100
AcDbEntity
  8
0
  6
Continuous
 62
     7
370
    18
100
AcDbLine
 10
313.7746675279406
 20
196.1726726955838
 30
0.0
 11
327.4060060289171
 21
198.6279922485352
 31
0.0
  0
LINE
  5
292
330
A
100
AcDbEntity
  8
0
  6
Continuous
 62
     5
370
    18
100
AcDbLine
 10
370.5013298882379
 20
374.9886528862847
 30
0.0
 11
370.5013298882379
 21
443.4839982774523
 31
0.0
  0
LINE
  5
293
330
A
100
AcDbEntity
  8
0
  6
Continuous
 62
     5
370
    18
100
AcDbLine
 10
104.2246675279405
 20
305.7313385009766
 30
0.0
 11
104.2246675279405
 21
443.4839982774523
 31
0.0
  0
LINE
  5
294
330
A
100
AcDbEntity
  8
0
  6
Continuous
 62
     1
370
    18
100
AcDbLine
 10
367.2839982774523
 20
442.8066494411893
 30
0.0
 11
107.4419991387261
 21
442.8066494411893
 31
0.0
  0
HATCH
  5
299
330
A
100
AcDbEntity
  8
0
 62
     1
100
AcDbHatch
 10
0.0
 20
0.0
 30
0.0
210
0.0
220
0.0
230
1.0
  2
SOLID
 70
     1
 71
     0
 91
        1
 92
        7
 72
     0
 73
     1
 93
        3
 10
367.2839982774523
 20
443.3993350558811
 10
367.2839982774523
 20
442.2986701117622
 10
370.5013298882379
 20
442.8066494411893
 97
        0
 75
     0
 76
     1
 47
0.000001
 98
        0
  0
HATCH
  5
29E
330
A
100
AcDbEntity
  8
0
 62
     1
100
AcDbHatch
 10
0.0
 20
0.0
 30
0.0
210
0.0
220
0.0
230
1.0
  2
SOLID
 70
     1
 71
     0
 91
        1
 92
        7
 72
     0
 73
     1
 93
        3
 10
107.4419991387261
 20
443.3993350558811
 10
107.4419991387261
 20
442.2986701117622
 10
104.2246675279405
 20
442.8066494411893
 97
        0
 75
     0
 76
     1
 47
0.000001
 98
        0
  0
LWPOLYLINE
  5
29F
330
A
100
AcDbEntity
  8
0
  6
Continuous
 62
     7
370
    18
100
AcDbPolyline
 90
        4
 70
     0
 43
0.0
 10
231.1400043063694
 20
446.1086873372396
 10
231.3939939710829
 20
446.1933505588108
 10
231.8173316107856
 20
446.7013298882379
 10
231.8173316107856
 20
443.4839982774523
  0
LWPOLYLINE
  5
2A4
330
A
100
AcDbEntity
  8
0
  6
Continuous
 62
     7
370
    18
100
AcDbPolyline
 90
       16
 70
     1
 43
0.0
 10
234.2726726955838
 20
446.7013298882379
 10
233.8493350558811
 20
446.5320034450955
 10
233.5953238593208
 20
446.1086873372396
 10
233.5106606377496
 20
445.3466752794054
 10
233.5106606377496
 20
444.8386528862848
 10
233.5953238593208
 20
444.0766838921441
 10
233.8493350558811
 20
443.6533247205946
 10
234.2726726955838
 20
443.4839982774523
 10
234.6113255818685
 20
443.4839982774523
 10
234.95
 20
443.6533247205946
 10
235.2886744181315
 20
444.0766838921441
 10
235.3733376397027
 20
444.8386528862848
 10
235.3733376397027
 20
445.3466752794054
 10
235.2886744181315
 20
446.1086873372396
 10
234.95
 20
446.5320034450955
 10
234.6113255818685
 20
446.7013298882379
  0
LWPOLYLINE
  5
2B6
330
A
100
AcDbEntity
  8
0
  6
Continuous
 62
     7
370
    18
100
AcDbPolyline
 90
       16
 70
     1
 43
0.0
 10
237.0666666666667
 20
446.7013298882379
 10
236.643329026964
 20
446.5320034450955
 10
236.3893393622504
 20
446.1086873372396
 10
236.2199913872613
 20
445.3466752794054
 10
236.2199913872613
 20
444.8386528862848
 10
236.3893393622504
 20
444.0766838921441
 10
236.643329026964
 20
443.6533247205946
 10
237.0666666666667
 20
443.4839982774523
 10
237.3206563313802
 20
443.4839982774523
 10
237.7439939710829
 20
443.6533247205946
 10
237.9980051676432
 20
444.0766838921441
 10
238.1673316107856
 20
444.8386528862848
 10
238.1673316107856
 20
445.3466752794054
 10
237.9980051676432
 20
446.1086873372396
 10
237.7439939710829
 20
446.5320034450955
 10
237.3206563313802
 20
446.7013298882379
  0
LWPOLYLINE
  5
2C8
330
A
100
AcDbEntity
  8
0
  6
Continuous
 62
     7
370
    18
100
AcDbPolyline
 90
       16
 70
     1
 43
0.0
 10
239.7759974161784
 20
446.7013298882379
 10
239.3526597764757
 20
446.5320034450955
 10
239.0986701117622
 20
446.1086873372396
 10
238.9293436686198
 20
445.3466752794054
 10
238.9293436686198
 20
444.8386528862848
 10
239.0986701117622
 20
444.0766838921441
 10
239.3526597764757
 20
443.6533247205946
 10
239.7759974161784
 20
443.4839982774523
 10
240.0300086127387
 20
443.4839982774523
 10
240.4533247205946
 20
443.6533247205946
 10
240.7073359171549
 20
444.0766838921441
 10
240.8766623602973
 20
444.8386528862848
 10
240.8766623602973
 20
445.3466752794054
 10
240.7073359171549
 20
446.1086873372396
 10
240.4533247205946
 20
446.5320034450955
 10
240.0300086127387
 20
446.7013298882379
  0
LWPOLYLINE
  5
2DA
330
A
100
AcDbEntity
  8
0
  6
Continuous
 62
     7
370
    18
100
AcDbPolyline
 90
       16
 70
     1
 43
0.0
 10
242.4853281656901
 20
446.7013298882379
 10
242.0619905259874
 20
446.5320034450955
 10
241.8080008612739
 20
446.1086873372396
 10
241.7233376397027
 20
445.3466752794054
 10
241.7233376397027
 20
444.8386528862848
 10
241.8080008612739
 20
444.0766838921441
 10
242.0619905259874
 20
443.6533247205946
 10
242.4853281656901
 20
443.4839982774523
 10
242.8240025838216
 20
443.4839982774523
 10
243.1626770019531
 20
443.6533247205946
 10
243.5013298882379
 20
444.0766838921441
 10
243.585993109809
 20
444.8386528862848
 10
243.585993109809
 20
445.3466752794054
 10
243.5013298882379
 20
446.1086873372396
 10
243.1626770019531
 20
446.5320034450955
 10
242.8240025838216
 20
446.7013298882379
  0
LWPOLYLINE
  5
2EC
330
A
100
AcDbEntity
  8
0
  6
Continuous
 62
     7
370
    18
100
AcDbPolyline
 90
        6
 70
     0
 43
0.0
 10
119.803335486518
 20
384.2173316107856
 10
116.8400043063694
 20
375.6660017225478
 10
114.2153367784288
 20
367.0300086127388
 10
111.9293329026964
 20
358.2246675279405
 10
110.0666666666667
 20
349.4193264431424
 10
108.4580008612739
 20
340.4446589152018
  0
LWPOLYLINE
  5
2F3
330
A
100
AcDbEntity
  8
0
  6
Continuous
 62
     7
370
    18
100
AcDbPolyline
 90
        9
 70
     0
 43
0.0
 10
108.3733376397027
 20
339.8519948323568
 10
107.1879987080892
 20
331.2160017225478
 10
106.3413341946072
 20
322.5800086127387
 10
105.9179965549045
 20
313.8593307495117
 10
105.7486701117622
 20
305.1386744181315
 10
105.8333333333333
 20
296.4179965549046
 10
106.3413341946072
 20
287.6973402235243
 10
107.1879987080892
 20
279.0613255818685
 10
108.3733376397027
 20
270.4253324720595
  0
LWPOLYLINE
  5
2FD
330
A
100
AcDbEntity
  8
0
  6
Continuous
 62
     7
370
    18
100
AcDbPolyline
 90
        6
 70
     0
 43
0.0
 10
108.4580008612739
 20
269.7480051676433
 10
110.0666666666667
 20
260.7733376397027
 10
111.9293329026964
 20
251.9679965549045
 10
114.2153367784288
 20
243.1626770019531
 10
116.8400043063694
 20
234.5266623602973
 10
119.803335486518
 20
225.9753324720595
  0
LWPOLYLINE
  5
304
330
A
100
AcDbEntity
  8
0
  6
Continuous
 62
     7
370
    18
100
AcDbPolyline
 90
        6
 70
     0
 43
0.0
 10
118.7026705423991
 20
385.3179965549045
 10
115.6546653747559
 20
376.5973402235243
 10
112.9453346252441
 20
367.7920206705729
 10
110.5746675279405
 20
358.8173316107856
 10
108.6273380703396
 20
349.7580008612739
 10
107.0186614990235
 20
340.6986701117622
  0
LWPOLYLINE
  5
30B
330
A
100
AcDbEntity
  8
0
  6
Continuous
 62
     7
370
    18
100
AcDbPolyline
 90
        9
 70
     0
 43
0.0
 10
106.9339982774523
 20
340.0213428073459
 10
105.7486701117622
 20
331.3006649441189
 10
104.9019948323568
 20
322.5800086127387
 10
104.3940047370063
 20
313.8593307495117
 10
104.2246675279405
 20
305.0539896647136
 10
104.3940047370063
 20
296.3333333333334
 10
104.9019948323568
 20
287.6126770019532
 10
105.7486701117622
 20
278.8919991387261
 10
106.9339982774523
 20
270.1713428073459
  0
LWPOLYLINE
  5
315
330
A
100
AcDbEntity
  8
0
  6
Continuous
 62
     7
370
    18
100
AcDbPolyline
 90
        6
 70
     0
 43
0.0
 10
107.0186614990235
 20
269.4939939710829
 10
108.6273380703396
 20
260.35
 10
110.5746675279405
 20
251.3753324720595
 10
112.9453346252441
 20
242.4006649441189
 10
115.6546653747559
 20
233.5953238593208
 10
118.7026705423991
 20
224.8746675279405
  0
LINE
  5
31C
330
A
100
AcDbEntity
  8
0
  6
Continuous
 62
     5
370
    18
100
AcDbLine
 10
119.1259974161784
 20
384.2173316107856
 30
0.0
 11
74.76066602071127
 21
384.2173316107856
 31
0.0
  0
LINE
  5
31D
330
A
100
AcDbEntity
  8
0
  6
Continuous
 62
     5
370
    18
100
AcDbLine
 10
119.1259974161784
 20
225.9753324720595
 30
0.0
 11
74.76066602071127
 21
225.9753324720595
 31
0.0
  0
LINE
  5
31E
330
A
100
AcDbEntity
  8
0
  6
Continuous
 62
     1
370
    18
100
AcDbLine
 10
75.4379987080892
 20
381.0
 30
0.0
 11
75.4379987080892
 21
229.1926640828451
 31
0.0
  0
HATCH
  5
323
330
A
100
AcDbEntity
  8
0
 62
     1
100
AcDbHatch
 10
0.0
 20
0.0
 30
0.0
210
0.0
220
0.0
230
1.0
  2
SOLID
 70
     1
 71
     0
 91
        1
 92
        7
 72
     0
 73
     1
 93
        3
 10
75.94599956936307
 20
381.0
 10
74.92999784681533
 20
381.0
 10
75.4379987080892
 20
384.2173316107856
 97
        0
 75
     0
 76
     1
 47
0.000001
 98
        0
  0
HATCH
  5
328
330
A
100
AcDbEntity
  8
0
 62
     1
100
AcDbHatch
 10
0.0
 20
0.0
 30
0.0
210
0.0
220
0.0
230
1.0
  2
SOLID
 70
     1
 71
     0
 91
        1
 92
        7
 72
     0
 73
     1
 93
        3
 10
75.94599956936307
 20
229.1926640828451
 10
74.92999784681533
 20
229.1926640828451
 10
75.4379987080892
 20
225.9753324720595
 97
        0
 75
     0
 76
     1
 47
0.000001
 98
        0
  0
LWPOLYLINE
  5
329
330
A
100
AcDbEntity
  8
0
  6
Continuous
 62
     7
370
    18
100
AcDbPolyline
 90
       16
 70
     1
 43
0.0
 10
78.65533570183649
 20
310.8113255818685
 10
78.57066709730361
 20
311.0653367784288
 10
78.2319980621338
 20
311.3193264431424
 10
77.8086658053928
 20
311.4886744181316
 10
77.47000215318468
 20
311.4886744181316
 10
77.046664513482
 20
311.3193264431424
 10
76.70800086127387
 20
311.0653367784288
 10
76.53866903516982
 20
310.8113255818685
 10
76.53866903516982
 20
310.3880094740126
 10
76.70800086127387
 20
310.1339982774523
 10
77.046664513482
 20
309.7953238593208
 10
77.47000215318468
 20
309.7106606377496
 10
77.8086658053928
 20
309.7106606377496
 10
78.2319980621338
 20
309.7953238593208
 10
78.57066709730361
 20
310.1339982774523
 10
78.65533570183649
 20
310.3880094740126
  0
LINE
  5
33B
330
A
100
AcDbEntity
  8
0
  6
Continuous
 62
     7
370
    18
100
AcDbLine
 10
79.16333118014866
 20
309.9646718343099
 30
0.0
 11
76.11533139546712
 21
311.15
 31
0.0
  0
LWPOLYLINE
  5
33C
330
A
100
AcDbEntity
  8
0
  6
Continuous
 62
     7
370
    18
100
AcDbPolyline
 90
       17
 70
     0
 43
0.0
 10
79.33266838921442
 20
307.2553410847982
 10
79.33266838921442
 20
308.6099956936307
 10
77.89333440992567
 20
308.6946589152018
 10
78.06266623602974
 20
308.6099956936307
 10
78.2319980621338
 20
308.186658053928
 10
78.2319980621338
 20
307.763341946072
 10
78.06266623602974
 20
307.3400043063694
 10
77.8086658053928
 20
307.0859931098091
 10
77.30066494411894
 20
306.9166666666667
 10
77.046664513482
 20
306.9166666666667
 10
76.53866903516982
 20
307.0859931098091
 10
76.28466860453288
 20
307.3400043063694
 10
76.11533139546712
 20
307.763341946072
 10
76.11533139546712
 20
308.186658053928
 10
76.28466860453288
 20
308.6099956936307
 10
76.36933182610406
 20
308.6946589152018
 10
76.70800086127387
 20
308.864006890191
  0
LWPOLYLINE
  5
34E
330
A
100
AcDbEntity
  8
0
  6
Continuous
 62
     7
370
    18
100
AcDbPolyline
 90
       23
 70
     0
 43
0.0
 10
78.2319980621338
 20
304.3766623602973
 10
77.8086658053928
 20
304.4613255818685
 10
77.47000215318468
 20
304.7153367784288
 10
77.30066494411894
 20
305.1386744181315
 10
77.30066494411894
 20
305.3080008612739
 10
77.47000215318468
 20
305.7313385009766
 10
77.8086658053928
 20
305.9853281656901
 10
78.2319980621338
 20
306.1546761406793
 10
78.40133527119954
 20
306.1546761406793
 10
78.82466752794055
 20
305.9853281656901
 10
79.16333118014866
 20
305.7313385009766
 10
79.33266838921442
 20
305.3080008612739
 10
79.33266838921442
 20
305.1386744181315
 10
79.16333118014866
 20
304.7153367784288
 10
78.82466752794055
 20
304.4613255818685
 10
78.2319980621338
 20
304.3766623602973
 10
77.47000215318468
 20
304.3766623602973
 10
76.70800086127387
 20
304.4613255818685
 10
76.28466860453288
 20
304.7153367784288
 10
76.11533139546712
 20
305.1386744181315
 10
76.11533139546712
 20
305.4773273044162
 10
76.28466860453288
 20
305.8160017225478
 10
76.53866903516982
 20
305.9853281656901
  0
LWPOLYLINE
  5
366
330
A
100
AcDbEntity
  8
0
  6
Continuous
 62
     7
370
    18
100
AcDbPolyline
 90
        3
 70
     0
 43
0.0
 10
79.33266838921442
 20
302.0060060289171
 10
77.13133311801487
 20
303.3606606377496
 10
77.13133311801487
 20
301.3286571926541
  0
LINE
  5
36A
330
A
100
AcDbEntity
  8
0
  6
Continuous
 62
     7
370
    18
100
AcDbLine
 10
79.33266838921442
 20
302.0060060289171
 30
0.0
 11
76.11533139546712
 21
302.0060060289171
 31
0.0
  0
LWPOLYLINE
  5
36B
330
A
100
AcDbEntity
  8
0
  6
Continuous
 62
     7
370
    18
100
AcDbPolyline
 90
       14
 70
     0
 43
0.0
 10
78.57066709730361
 20
300.4820034450955
 10
78.65533570183649
 20
300.4820034450955
 10
78.9939993540446
 20
300.3973402235243
 10
79.16333118014866
 20
300.2279922485352
 10
79.33266838921442
 20
299.9740025838216
 10
79.33266838921442
 20
299.3813385009766
 10
79.16333118014866
 20
299.1273273044163
 10
78.9939993540446
 20
299.0426640828451
 10
78.65533570183649
 20
298.8733376397027
 10
78.40133527119954
 20
298.8733376397027
 10
78.06266623602974
 20
299.0426640828451
 10
77.63933397928874
 20
299.2966752794054
 10
76.11533139546712
 20
300.6513298882379
 10
76.11533139546712
 20
298.7039896647136
  0
LINE
  5
37A
330
A
100
AcDbEntity
  8
0
  6
Continuous
 62
     7
370
    18
100
AcDbLine
 10
323.5113255818685
 20
220.3873229980469
 30
0.0
 11
319.2779922485352
 21
217.1699913872613
 31
0.0
  0
LINE
  5
37B
330
A
100
AcDbEntity
  8
0
  6
Continuous
 62
     7
370
    18
100
AcDbLine
 10
323.5113255818685
 20
224.4513298882379
 30
0.0
 11
323.3419991387261
 21
224.4513298882379
 31
0.0
  0
LWPOLYLINE
  5
37C
330
A
100
AcDbEntity
  8
0
  6
Continuous
 62
     1
370
    18
100
AcDbPolyline
 90
        5
 70
     0
 43
0.0
 10
286.5966752794054
 20
270.9333333333333
 10
288.2053410847982
 20
270.6793436686198
 10
289.7293436686198
 20
270.5099956936307
 10
291.3380094740126
 20
270.3406692504883
 10
292.9466752794054
 20
270.3406692504883
  0
LINE
  5
382
330
A
100
AcDbEntity
  8
0
  6
Continuous
 62
     1
370
    18
100
AcDbLine
 10
286.5966752794054
 20
270.9333333333333
 30
0.0
 11
280.0773273044163
 21
272.2033247205947
 31
0.0
  0
LWPOLYLINE
  5
383
330
A
100
AcDbEntity
  8
0
  6
Continuous
 62
     1
370
    18
100
AcDbPolyline
 90
        3
 70
     0
 43
0.0
 10
286.5966752794054
 20
270.9333333333333
 10
288.2053410847982
 20
270.6793436686198
 10
289.7293436686198
 20
270.5099956936307
  0
LWPOLYLINE
  5
387
330
A
100
AcDbEntity
  8
0
  6
Continuous
 62
     1
370
    18
100
AcDbPolyline
 90
        3
 70
     0
 43
0.0
 10
302.0906692504883
 20
271.5259974161784
 10
303.6146718343099
 20
272.0339982774523
 10
305.1386744181315
 20
272.5419991387262
  0
HATCH
  5
38F
330
A
100
AcDbEntity
  8
0
 62
     1
100
AcDbHatch
 10
0.0
 20
0.0
 30
0.0
210
0.0
220
0.0
230
1.0
  2
SOLID
 70
     1
 71
     0
 91
        1
 92
        7
 72
     0
 73
     1
 93
        3
 10
289.814006890191
 20
271.0179965549045
 10
289.7293436686198
 20
270.0019948323568
 10
292.9466752794054
 20
270.3406692504883
 97
        0
 75
     0
 76
     1
 47
0.000001
 98
        0
  0
HATCH
  5
394
330
A
100
AcDbEntity
  8
0
 62
     1
100
AcDbHatch
 10
0.0
 20
0.0
 30
0.0
210
0.0
220
0.0
230
1.0
  2
SOLID
 70
     1
 71
     0
 91
        1
 92
        7
 72
     0
 73
     1
 93
        3
 10
302.2599956936307
 20
271.1026597764757
 10
302.0060060289171
 20
272.1186614990235
 10
298.9580008612739
 20
270.8486701117621
 97
        0
 75
     0
 76
     1
 47
0.000001
 98
        0
  0
LWPOLYLINE
  5
395
330
A
100
AcDbEntity
  8
0
  6
Continuous
 62
     7
370
    18
100
AcDbPolyline
 90
        4
 70
     0
 43
0.0
 10
285.3266623602973
 20
267.8853281656901
 10
285.0726726955838
 20
267.8006649441189
 10
284.5646718343099
 20
267.3773273044163
 10
285.157335917155
 20
270.5099956936307
  0
LWPOLYLINE
  5
39A
330
A
100
AcDbEntity
  8
0
  6
Continuous
 62
     7
370
    18
100
AcDbPolyline
 90
       16
 70
     1
 43
0.0
 10
282.1093307495117
 20
267.8853281656901
 10
282.5326683892145
 20
267.8853281656901
 10
282.9560060289171
 20
268.3086658053928
 10
283.2099956936307
 20
269.0706563313802
 10
283.2946589152019
 20
269.4939939710829
 10
283.2946589152019
 20
270.2560060289171
 10
283.1253324720595
 20
270.764006890191
 10
282.7019948323568
 20
271.0179965549045
 10
282.4480051676433
 20
271.0179965549045
 10
282.0246675279406
 20
270.9333333333333
 10
281.685993109809
 20
270.5946589152018
 10
281.4320034450955
 20
269.8326683892144
 10
281.3473402235243
 20
269.4093307495118
 10
281.3473402235243
 20
268.6473402235243
 10
281.5166666666667
 20
268.1393393622504
 10
281.8553410847982
 20
267.8853281656901
  0
LWPOLYLINE
  5
3AC
330
A
100
AcDbEntity
  8
0
  6
Continuous
 62
     7
370
    18
100
AcDbPolyline
 90
        8
 70
     1
 43
0.0
 10
280.0773273044163
 20
268.5626770019531
 10
280.1619905259874
 20
268.3086658053928
 10
280.2466752794054
 20
268.2240025838216
 10
280.500664944119
 20
268.3086658053928
 10
280.5853281656901
 20
268.393329026964
 10
280.500664944119
 20
268.6473402235243
 10
280.4160017225478
 20
268.7320034450955
 10
280.1619905259874
 20
268.6473402235243
  0
LINE
  5
3B6
330
A
100
AcDbEntity
  8
0
  6
Continuous
 62
     5
370
    18
100
AcDbLine
 10
136.8213320414225
 20
305.0539896647136
 30
0.0
 11
150.7913341946072
 21
305.0539896647136
 31
0.0
  0
LINE
  5
3B7
330
A
100
AcDbEntity
  8
0
  6
Continuous
 62
     5
370
    18
100
AcDbLine
 10
139.1919991387261
 20
274.743329026964
 30
0.0
 11
150.7913341946072
 21
274.743329026964
 31
0.0
  0
LINE
  5
3B8
330
A
100
AcDbEntity
  8
0
  6
Continuous
 62
     1
370
    18
100
AcDbLine
 10
150.1139961242676
 20
301.9213428073459
 30
0.0
 11
150.1139961242676
 21
277.9606606377496
 31
0.0
  0
HATCH
  5
3BD
330
A
100
AcDbEntity
  8
0
 62
     1
100
AcDbHatch
 10
0.0
 20
0.0
 30
0.0
210
0.0
220
0.0
230
1.0
  2
SOLID
 70
     1
 71
     0
 91
        1
 92
        7
 72
     0
 73
     1
 93
        3
 10
150.6219969855415
 20
301.9213428073459
 10
149.6059952629937
 20
301.9213428073459
 10
150.1139961242676
 20
305.0539896647136
 97
        0
 75
     0
 76
     1
 47
0.000001
 98
        0
  0
HATCH
  5
3C2
330
A
100
AcDbEntity
  8
0
 62
     1
100
AcDbHatch
 10
0.0
 20
0.0
 30
0.0
210
0.0
220
0.0
230
1.0
  2
SOLID
 70
     1
 71
     0
 91
        1
 92
        7
 72
     0
 73
     1
 93
        3
 10
150.6219969855415
 20
277.9606606377496
 10
149.6059952629937
 20
277.9606606377496
 10
150.1139961242676
 20
274.743329026964
 97
        0
 75
     0
 76
     1
 47
0.000001
 98
        0
  0
LWPOLYLINE
  5
3C3
330
A
100
AcDbEntity
  8
0
  6
Continuous
 62
     7
370
    18
100
AcDbPolyline
 90
        4
 70
     0
 43
0.0
 10
153.3313385009766
 20
294.8093307495117
 10
153.5006649441189
 20
294.4706563313802
 10
153.9240025838216
 20
294.1320034450955
 10
150.7913341946072
 20
294.1320034450955
  0
LWPOLYLINE
  5
3C8
330
A
100
AcDbEntity
  8
0
  6
Continuous
 62
     7
370
    18
100
AcDbPolyline
 90
        4
 70
     0
 43
0.0
 10
153.3313385009766
 20
292.0153367784288
 10
153.5006649441189
 20
291.7613255818685
 10
153.9240025838216
 20
291.3380094740126
 10
150.7913341946072
 20
291.3380094740126
  0
LWPOLYLINE
  5
3CD
330
A
100
AcDbEntity
  8
0
  6
Continuous
 62
     7
370
    18
100
AcDbPolyline
 90
        3
 70
     0
 43
0.0
 10
153.9240025838216
 20
288.3746675279406
 10
151.8073359171549
 20
289.7293436686198
 10
151.8073359171549
 20
287.6973402235243
  0
LINE
  5
3D1
330
A
100
AcDbEntity
  8
0
  6
Continuous
 62
     7
370
    18
100
AcDbLine
 10
153.9240025838216
 20
288.3746675279406
 30
0.0
 11
150.7913341946072
 21
288.3746675279406
 31
0.0
  0
LWPOLYLINE
  5
3D2
330
A
100
AcDbEntity
  8
0
  6
Continuous
 62
     7
370
    18
100
AcDbPolyline
 90
       16
 70
     1
 43
0.0
 10
153.9240025838216
 20
286.1733376397027
 10
153.8393285963271
 20
286.5966752794054
 10
153.3313385009766
 20
286.8506649441189
 10
152.5693372090658
 20
286.9353281656901
 10
152.1459995693631
 20
286.9353281656901
 10
151.3839982774523
 20
286.8506649441189
 10
150.960671403673
 20
286.5966752794054
 10
150.7913341946072
 20
286.1733376397027
 10
150.7913341946072
 20
285.9193264431424
 10
150.960671403673
 20
285.4960103352865
 10
151.3839982774523
 20
285.157335917155
 10
152.1459995693631
 20
285.0726726955838
 10
152.5693372090658
 20
285.0726726955838
 10
153.3313385009766
 20
285.157335917155
 10
153.8393285963271
 20
285.4960103352865
 10
153.9240025838216
 20
285.9193264431424
  0
LINE
  5
3E4
330
A
100
AcDbEntity
  8
0
  6
Continuous
 62
     7
370
    18
100
AcDbLine
 10
370.5013298882379
 20
235.8813385009766
 30
0.0
 11
363.8973402235243
 21
235.8813385009766
 31
0.0
  0
LINE
  5
3E5
330
A
100
AcDbEntity
  8
0
  6
Continuous
 62
     7
370
    18
100
AcDbLine
 10
370.5013298882379
 20
261.1966752794054
 30
0.0
 11
366.5219862196181
 21
261.1966752794054
 31
0.0
  0
LINE
  5
3E6
330
A
100
AcDbEntity
  8
0
  6
Continuous
 62
     7
370
    18
100
AcDbLine
 10
366.5219862196181
 20
250.7826683892144
 30
0.0
 11
363.8126770019531
 21
250.7826683892144
 31
0.0
  0
LINE
  5
3E7
330
A
100
AcDbEntity
  8
0
  6
Continuous
 62
     7
370
    18
100
AcDbLine
 10
366.5219862196181
 20
235.8813385009766
 30
0.0
 11
366.5219862196181
 21
261.1966752794054
 31
0.0
  0
LINE
  5
3E8
330
A
100
AcDbEntity
  8
0
  6
Continuous
 62
     7
370
    18
100
AcDbLine
 10
363.8973402235243
 20
235.8813385009766
 30
0.0
 11
363.8973402235243
 21
250.8673316107856
 31
0.0
  0
LINE
  5
3E9
330
A
100
AcDbEntity
  8
0
  6
Continuous
 62
     7
370
    18
100
AcDbLine
 10
365.1673316107856
 20
262.8053410847982
 30
0.0
 11
370.5013298882379
 21
261.1966752794054
 31
0.0
  0
INSERT
  5
3F0
330
A
100
AcDbEntity
  8
20FCBD0
100
AcDbBlockReference
  2
20CE430
 10
279.7877739728292
 20
191.7146177758832
 30
0.0
 41
2.379217087025517
 42
2.379217087025517
 43
2.379217087025517
1001
PE_URL
1000
http://www.cadsofttools.com/pdf-to-dwg-online/
1002
{
1000
http://www.cadsofttools.com/pdf-to-dwg-online/
1002
{
1071
        1
1002
}
1002
}
  0
ENDSEC
  0
SECTION
  2
OBJECTS
  0
DICTIONARY
  5
3F4
330
0
100
AcDbDictionary
281
     1
  3
ACAD_DETAILVIEWSTYLE
350
495
  3
ACAD_GROUP
350
3F5
  3
ACAD_IMAGE_DICT
350
3FE
  3
ACAD_IMAGE_VARS
350
17
  3
ACAD_LAYOUT
350
3F8
  3
ACAD_MATERIAL
350
3F6
  3
ACAD_MLEADERSTYLE
350
3FB
  3
ACAD_MLINESTYLE
350
3F7
  3
ACAD_PLOTSETTINGS
350
44A
  3
ACAD_PLOTSTYLENAME
350
44B
  3
ACAD_SCALELIST
350
3F9
  3
ACAD_SECTIONVIEWSTYLE
350
496
  3
ACAD_TABLESTYLE
350
450
  3
ACAD_VISUALSTYLE
350
431
  3
ACAD_WIPEOUT_VARS
350
3FC
  3
ACDB_RECOMPOSE_DATA
350
491
  3
AcDbVariableDictionary
350
3FA
  0
DICTIONARY
  5
453
330
6
100
AcDbDictionary
280
     1
281
     1
  3
ACAD_XREC_ROUNDTRIP
360
454
  0
DICTIONARY
  5
495
102
{ACAD_REACTORS
330
3F4
102
}
330
3F4
100
AcDbDictionary
281
     1
  0
DICTIONARY
  5
3F5
102
{ACAD_REACTORS
330
3F4
102
}
330
3F4
100
AcDbDictionary
281
     1
  0
DICTIONARY
  5
3FE
102
{ACAD_REACTORS
330
3F4
102
}
330
3F4
100
AcDbDictionary
281
     1
  0
RASTERVARIABLES
  5
17
330
3F4
100
AcDbRasterVariables
 90
        0
 70
     0
 71
     0
 72
     0
  0
DICTIONARY
  5
3F8
102
{ACAD_REACTORS
330
3F4
102
}
330
3F4
100
AcDbDictionary
281
     1
  3
Layout1
350
3FF
  3
Model
350
B
  0
DICTIONARY
  5
3F6
102
{ACAD_REACTORS
330
3F4
102
}
330
3F4
100
AcDbDictionary
281
     1
  3
ByBlock
350
44E
  3
ByLayer
350
44D
  3
Global
350
44F
  0
DICTIONARY
  5
3FB
102
{ACAD_REACTORS
330
3F4
102
}
330
3F4
100
AcDbDictionary
281
     1
  3
Standard
350
452
  0
DICTIONARY
  5
3F7
102
{ACAD_REACTORS
330
3F4
102
}
330
3F4
100
AcDbDictionary
281
     1
  3
STANDARD
350
430
  0
DICTIONARY
  5
44A
102
{ACAD_REACTORS
330
3F4
102
}
330
3F4
100
AcDbDictionary
281
     1
  0
ACDBDICTIONARYWDFLT
  5
44B
102
{ACAD_REACTORS
330
3F4
102
}
330
3F4
100
AcDbDictionary
281
     1
  3
Normal
350
44C
100
AcDbDictionaryWithDefault
340
44C
  0
DICTIONARY
  5
3F9
102
{ACAD_REACTORS
330
3F4
102
}
330
3F4
100
AcDbDictionary
281
     1
  3
A0
350
405
  3
A1
350
406
  3
A2
350
407
  3
A3
350
408
  3
A4
350
409
  3
A5
350
40A
  3
A6
350
40B
  3
A7
350
40C
  3
A8
350
40D
  3
A9
350
40E
  3
B0
350
40F
  3
B1
350
410
  3
B2
350
411
  3
B3
350
412
  3
B4
350
413
  3
B5
350
414
  3
B6
350
415
  3
B7
350
416
  3
B8
350
417
  3
B9
350
418
  3
C0
350
419
  3
C1
350
41A
  3
C2
350
41B
  3
C3
350
41C
  3
C4
350
41D
  3
C5
350
41E
  3
C6
350
41F
  3
C7
350
420
  3
C8
350
421
  3
C9
350
422
  3
D0
350
423
  3
D1
350
424
  3
D2
350
425
  0
DICTIONARY
  5
496
102
{ACAD_REACTORS
330
3F4
102
}
330
3F4
100
AcDbDictionary
281
     1
  0
DICTIONARY
  5
450
102
{ACAD_REACTORS
330
3F4
102
}
330
3F4
100
AcDbDictionary
281
     1
  3
Standard
350
451
  0
DICTIONARY
  5
431
102
{ACAD_REACTORS
330
3F4
102
}
330
3F4
100
AcDbDictionary
281
     1
  3
2dWireframe
350
436
  3
Basic
350
439
  3
Brighten
350
43D
  3
ColorChange
350
441
  3
Conceptual
350
43B
  3
Dim
350
43C
  3
EdgeColorOff
350
444
  3
Facepattern
350
440
  3
Flat
350
432
  3
FlatWithEdges
350
433
  3
Gouraud
350
434
  3
GouraudWithEdges
350
435
  3
Hidden
350
438
  3
JitterOff
350
442
  3
Linepattern
350
43F
  3
OverhangOff
350
443
  3
Realistic
350
43A
  3
Shaded
350
449
  3
Shaded with edges
350
448
  3
Shades of Gray
350
445
  3
Sketchy
350
446
  3
Thicken
350
43E
  3
Wireframe
350
437
  3
X-Ray
350
447
  0
WIPEOUTVARIABLES
  5
3FC
330
3F4
100
AcDbWipeoutVariables
 70
     1
  0
XRECORD
  5
491
102
{ACAD_REACTORS
330
3F4
102
}
330
3F4
100
AcDbXrecord
280
     1
 90
        1
330
451
  0
DICTIONARY
  5
3FA
102
{ACAD_REACTORS
330
3F4
102
}
330
3F4
100
AcDbDictionary
281
     1
  3
CANNOSCALE
350
400
  3
CMLEADERSTYLE
350
493
  3
CTABLESTYLE
350
492
  3
DIMASSOC
350
401
  3
HIDETEXT
350
402
  3
MSLTSCALE
350
494
  3
OLEFRAME
350
403
  3
XCLIPFRAME
350
404
  0
XRECORD
  5
454
102
{ACAD_REACTORS
330
453
102
}
330
453
100
AcDbXrecord
280
     1
102
VTR_0.000_0.000_1.000_1.000_VISUALSTYLE
340
436
102
VTR_0.000_0.000_1.000_1.000_GRIDDISPLAY
 70
     3
102
VTR_0.000_0.000_1.000_1.000_GRIDMAJOR
 70
     5
102
VTR_0.000_0.000_1.000_1.000_DEFAULTLIGHTING
280
     1
102
VTR_0.000_0.000_1.000_1.000_DEFAULTLIGHTINGTYPE
 70
     1
102
VTR_0.000_0.000_1.000_1.000_BRIGHTNESS
141
0.0
102
VTR_0.000_0.000_1.000_1.000_CONTRAST
142
0.0
  0
LAYOUT
  5
3FF
102
{ACAD_REACTORS
330
3F8
102
}
330
3F8
100
AcDbPlotSettings
  1

  2
none_device
  4
ISO_A4_(297.00_x_210.00_MM)
  6

 40
20.0
 41
7.5
 42
20.0
 43
7.5
 44
210.0
 45
297.0
 46
0.0
 47
0.0
 48
0.0
 49
0.0
140
0.0
141
0.0
142
1.0
143
1.0
 70
   688
 72
     1
 73
     1
 74
     5
  7

 75
     0
 76
     0
 77
     0
 78
     0
147
1.0
148
0.0
149
0.0
100
AcDbLayout
  1
Layout1
 70
     1
 71
     1
 10
0.0
 20
0.0
 11
0.0
 21
0.0
 12
0.0
 22
0.0
 32
0.0
 14
0.0
 24
0.0
 34
0.0
 15
0.0
 25
0.0
 35
0.0
146
0.0
 13
0.0
 23
0.0
 33
0.0
 16
1.0
 26
0.0
 36
0.0
 17
0.0
 27
1.0
 37
0.0
 76
     0
330
42A
  0
LAYOUT
  5
B
102
{ACAD_REACTORS
330
3F8
102
}
330
3F8
100
AcDbPlotSettings
  1

  2
none_device
  4
none_device
  6

 40
0.0
 41
0.0
 42
0.0
 43
0.0
 44
420.16
 45
594.08
 46
0.0
 47
0.0
 48
0.0
 49
0.0
140
0.0
141
0.0
142
1.0
143
1.0
 70
 11952
 72
     1
 73
     0
 74
     1
  7

 75
     0
 76
     0
 77
     0
 78
     0
147
1.0
148
0.0
149
0.0
100
AcDbLayout
  1
Model
 70
     1
 71
     0
 10
0.0
 20
0.0
 11
0.0
 21
0.0
 12
0.0
 22
0.0
 32
0.0
 14
65.70133527119955
 24
183.0493350558811
 34
0.0
 15
385.2333333333333
 25
446.7013298882379
 35
0.0
146
0.0
 13
0.0
 23
0.0
 33
0.0
 16
1.0
 26
0.0
 36
0.0
 17
0.0
 27
1.0
 37
0.0
 76
     0
330
A
331
42F
  0
MATERIAL
  5
44E
102
{ACAD_REACTORS
330
3F6
102
}
102
{ACAD_XDICTIONARY
360
457
102
}
330
3F6
100
AcDbMaterial
  1
ByBlock
  0
MATERIAL
  5
44D
102
{ACAD_REACTORS
330
3F6
102
}
102
{ACAD_XDICTIONARY
360
455
102
}
330
3F6
100
AcDbMaterial
  1
ByLayer
  0
MATERIAL
  5
44F
102
{ACAD_REACTORS
330
3F6
102
}
102
{ACAD_XDICTIONARY
360
459
102
}
330
3F6
100
AcDbMaterial
  1
Global
  0
MLEADERSTYLE
  5
452
102
{ACAD_REACTORS
330
3FB
102
}
102
{ACAD_XDICTIONARY
360
45C
102
}
330
3FB
100
AcDbMLeaderStyle
170
     2
171
     1
172
     0
 90
        2
 40
0.0
 41
0.0
173
     1
 91
-1056964608
340
D
 92
       -2
290
     1
 42
0.09
291
     1
 43
0.36
  3
Standard
341
0
 44
0.18
300

342
F
174
     1
178
     6
175
     1
176
     0
 93
-1056964608
 45
0.18
292
     0
297
     0
 46
0.18
343
0
 94
-1056964608
 47
1.0
 49
1.0
140
1.0
293
     1
141
0.0
294
     1
177
     0
142
1.0
295
     0
296
     0
143
0.125
1001
ACAD_MLEADERVER
1070
     2
  0
MLINESTYLE
  5
430
330
3F7
100
AcDbMlineStyle
  2
STANDARD
 70
     0
  3

 62
     0
 51
90.0000000000002
 52
90.0000000000002
 71
     2
 49
0.5
 62
   256
  6
BYLAYER
 49
-0.5
 62
   256
  6
BYLAYER
  0
ACDBPLACEHOLDER
  5
44C
102
{ACAD_REACTORS
330
44B
102
}
330
44B
  0
SCALE
  5
405
102
{ACAD_REACTORS
330
3F9
102
}
330
3F9
100
AcDbScale
 70
     0
300
1:1
140
1.0
141
1.0
290
     1
  0
SCALE
  5
406
102
{ACAD_REACTORS
330
3F9
102
}
330
3F9
100
AcDbScale
 70
     0
300
1:2
140
1.0
141
2.0
290
     0
  0
SCALE
  5
407
102
{ACAD_REACTORS
330
3F9
102
}
330
3F9
100
AcDbScale
 70
     0
300
1:4
140
1.0
141
4.0
290
     0
  0
SCALE
  5
408
102
{ACAD_REACTORS
330
3F9
102
}
330
3F9
100
AcDbScale
 70
     0
300
1:5
140
1.0
141
5.0
290
     0
  0
SCALE
  5
409
102
{ACAD_REACTORS
330
3F9
102
}
330
3F9
100
AcDbScale
 70
     0
300
1:8
140
1.0
141
8.0
290
     0
  0
SCALE
  5
40A
102
{ACAD_REACTORS
330
3F9
102
}
330
3F9
100
AcDbScale
 70
     0
300
1:10
140
1.0
141
10.0
290
     0
  0
SCALE
  5
40B
102
{ACAD_REACTORS
330
3F9
102
}
330
3F9
100
AcDbScale
 70
     0
300
1:16
140
1.0
141
16.0
290
     0
  0
SCALE
  5
40C
102
{ACAD_REACTORS
330
3F9
102
}
330
3F9
100
AcDbScale
 70
     0
300
1:20
140
1.0
141
20.0
290
     0
  0
SCALE
  5
40D
102
{ACAD_REACTORS
330
3F9
102
}
330
3F9
100
AcDbScale
 70
     0
300
1:30
140
1.0
141
30.0
290
     0
  0
SCALE
  5
40E
102
{ACAD_REACTORS
330
3F9
102
}
330
3F9
100
AcDbScale
 70
     0
300
1:40
140
1.0
141
40.0
290
     0
  0
SCALE
  5
40F
102
{ACAD_REACTORS
330
3F9
102
}
330
3F9
100
AcDbScale
 70
     0
300
1:50
140
1.0
141
50.0
290
     0
  0
SCALE
  5
410
102
{ACAD_REACTORS
330
3F9
102
}
330
3F9
100
AcDbScale
 70
     0
300
1:100
140
1.0
141
100.0
290
     0
  0
SCALE
  5
411
102
{ACAD_REACTORS
330
3F9
102
}
330
3F9
100
AcDbScale
 70
     0
300
2:1
140
2.0
141
1.0
290
     0
  0
SCALE
  5
412
102
{ACAD_REACTORS
330
3F9
102
}
330
3F9
100
AcDbScale
 70
     0
300
4:1
140
4.0
141
1.0
290
     0
  0
SCALE
  5
413
102
{ACAD_REACTORS
330
3F9
102
}
330
3F9
100
AcDbScale
 70
     0
300
8:1
140
8.0
141
1.0
290
     0
  0
SCALE
  5
414
102
{ACAD_REACTORS
330
3F9
102
}
330
3F9
100
AcDbScale
 70
     0
300
10:1
140
10.0
141
1.0
290
     0
  0
SCALE
  5
415
102
{ACAD_REACTORS
330
3F9
102
}
330
3F9
100
AcDbScale
 70
     0
300
100:1
140
100.0
141
1.0
290
     0
  0
SCALE
  5
416
102
{ACAD_REACTORS
330
3F9
102
}
330
3F9
100
AcDbScale
 70
     0
300
1/128" = 1'-0"
140
0.0078125
141
12.0
290
     0
  0
SCALE
  5
417
102
{ACAD_REACTORS
330
3F9
102
}
330
3F9
100
AcDbScale
 70
     0
300
1/64" = 1'-0"
140
0.015625
141
12.0
290
     0
  0
SCALE
  5
418
102
{ACAD_REACTORS
330
3F9
102
}
330
3F9
100
AcDbScale
 70
     0
300
1/32" = 1'-0"
140
0.03125
141
12.0
290
     0
  0
SCALE
  5
419
102
{ACAD_REACTORS
330
3F9
102
}
330
3F9
100
AcDbScale
 70
     0
300
1/16" = 1'-0"
140
0.0625
141
12.0
290
     0
  0
SCALE
  5
41A
102
{ACAD_REACTORS
330
3F9
102
}
330
3F9
100
AcDbScale
 70
     0
300
3/32" = 1'-0"
140
0.09375
141
12.0
290
     0
  0
SCALE
  5
41B
102
{ACAD_REACTORS
330
3F9
102
}
330
3F9
100
AcDbScale
 70
     0
300
1/8" = 1'-0"
140
0.125
141
12.0
290
     0
  0
SCALE
  5
41C
102
{ACAD_REACTORS
330
3F9
102
}
330
3F9
100
AcDbScale
 70
     0
300
3/16" = 1'-0"
140
0.1875
141
12.0
290
     0
  0
SCALE
  5
41D
102
{ACAD_REACTORS
330
3F9
102
}
330
3F9
100
AcDbScale
 70
     0
300
1/4" = 1'-0"
140
0.25
141
12.0
290
     0
  0
SCALE
  5
41E
102
{ACAD_REACTORS
330
3F9
102
}
330
3F9
100
AcDbScale
 70
     0
300
3/8" = 1'-0"
140
0.375
141
12.0
290
     0
  0
SCALE
  5
41F
102
{ACAD_REACTORS
330
3F9
102
}
330
3F9
100
AcDbScale
 70
     0
300
1/2" = 1'-0"
140
0.5
141
12.0
290
     0
  0
SCALE
  5
420
102
{ACAD_REACTORS
330
3F9
102
}
330
3F9
100
AcDbScale
 70
     0
300
3/4" = 1'-0"
140
0.75
141
12.0
290
     0
  0
SCALE
  5
421
102
{ACAD_REACTORS
330
3F9
102
}
330
3F9
100
AcDbScale
 70
     0
300
1" = 1'-0"
140
1.0
141
12.0
290
     0
  0
SCALE
  5
422
102
{ACAD_REACTORS
330
3F9
102
}
330
3F9
100
AcDbScale
 70
     0
300
1-1/2" = 1'-0"
140
1.5
141
12.0
290
     0
  0
SCALE
  5
423
102
{ACAD_REACTORS
330
3F9
102
}
330
3F9
100
AcDbScale
 70
     0
300
3" = 1'-0"
140
3.0
141
12.0
290
     0
  0
SCALE
  5
424
102
{ACAD_REACTORS
330
3F9
102
}
330
3F9
100
AcDbScale
 70
     0
300
6" = 1'-0"
140
6.0
141
12.0
290
     0
  0
SCALE
  5
425
102
{ACAD_REACTORS
330
3F9
102
}
330
3F9
100
AcDbScale
 70
     0
300
1'-0" = 1'-0"
140
12.0
141
12.0
290
     0
  0
TABLESTYLE
  5
451
102
{ACAD_REACTORS
330
450
102
}
102
{ACAD_XDICTIONARY
360
48E
102
}
330
450
100
AcDbTableStyle
  3
Standard
 70
     0
 71
     0
 40
0.06
 41
0.06
280
     0
281
     0
  7
STANDARD
140
0.18
170
     2
 62
     0
 63
   257
283
     0
274
    -2
284
     1
 64
     0
275
    -2
285
     1
 65
     0
276
    -2
286
     1
 66
     0
277
    -2
287
     1
 67
     0
278
    -2
288
     1
 68
     0
279
    -2
289
     1
 69
     0
  7
STANDARD
140
0.25
170
     5
 62
     0
 63
   257
283
     0
274
    -2
284
     1
 64
     0
275
    -2
285
     1
 65
     0
276
    -2
286
     1
 66
     0
277
    -2
287
     1
 67
     0
278
    -2
288
     1
 68
     0
279
    -2
289
     1
 69
     0
  7
STANDARD
140
0.18
170
     5
 62
     0
 63
   257
283
     0
274
    -2
284
     1
 64
     0
275
    -2
285
     1
 65
     0
276
    -2
286
     1
 66
     0
277
    -2
287
     1
 67
     0
278
    -2
288
     1
 68
     0
279
    -2
289
     1
 69
     0
  0
VISUALSTYLE
  5
436
102
{ACAD_REACTORS
330
431
102
}
102
{ACAD_XDICTIONARY
360
466
102
}
330
431
100
AcDbVisualStyle
  2
2dWireframe
 70
     4
 71
     0
 72
     2
 73
     0
 90
        0
 40
0.6
 41
30.0
 62
     5
 63
     7
421
 16777215
 74
     1
 91
        4
 64
     7
 65
   257
 75
     1
175
     1
 42
1.0
 92
        0
 66
   257
 43
1.0
 76
     1
 77
     6
 78
     2
 67
     7
 79
     5
170
     0
171
     0
290
     0
174
     0
 93
        1
 44
0.0
173
     0
291
     0
 45
0.0
1001
ACAD
1000
AcDbSavedByObjectVersion
1070
     0
  0
VISUALSTYLE
  5
439
102
{ACAD_REACTORS
330
431
102
}
102
{ACAD_XDICTIONARY
360
46C
102
}
330
431
100
AcDbVisualStyle
  2
Basic
 70
     7
 71
     1
 72
     0
 73
     1
 90
        0
 40
0.6
 41
30.0
 62
     5
 63
     7
421
 16777215
 74
     0
 91
        4
 64
     7
 65
   257
 75
     1
175
     1
 42
1.0
 92
        8
 66
     7
 43
1.0
 76
     1
 77
     6
 78
     2
 67
     7
 79
     5
170
     0
171
     0
290
     0
174
     0
 93
        1
 44
0.0
173
     0
291
     1
 45
0.0
1001
ACAD
1000
AcDbSavedByObjectVersion
1070
     0
  0
VISUALSTYLE
  5
43D
102
{ACAD_REACTORS
330
431
102
}
102
{ACAD_XDICTIONARY
360
474
102
}
330
431
100
AcDbVisualStyle
  2
Brighten
 70
    12
 71
     2
 72
     2
 73
     0
 90
        0
 40
0.6
 41
30.0
 62
     5
 63
     7
421
 16777215
 74
     1
 91
        4
 64
     7
 65
   257
 75
     1
175
     1
 42
1.0
 92
        8
 66
     7
 43
1.0
 76
     1
 77
     6
 78
     2
 67
     7
 79
     5
170
     0
171
     0
290
     0
174
     0
 93
        1
 44
50.0
173
     0
291
     1
 45
0.0
1001
ACAD
1000
AcDbSavedByObjectVersion
1070
     0
  0
VISUALSTYLE
  5
441
102
{ACAD_REACTORS
330
431
102
}
102
{ACAD_XDICTIONARY
360
47C
102
}
330
431
100
AcDbVisualStyle
  2
ColorChange
 70
    16
 71
     2
 72
     2
 73
     3
 90
        0
 40
0.6
 41
30.0
 62
     5
 63
     8
421
  8421504
 74
     1
 91
        4
 64
     7
 65
   257
 75
     1
175
     1
 42
1.0
 92
        8
 66
     8
424
  8421504
 43
1.0
 76
     1
 77
     6
 78
     2
 67
     7
 79
     5
170
     0
171
     0
290
     0
174
     0
 93
        1
 44
0.0
173
     0
291
     1
 45
0.0
1001
ACAD
1000
AcDbSavedByObjectVersion
1070
     0
  0
VISUALSTYLE
  5
43B
102
{ACAD_REACTORS
330
431
102
}
102
{ACAD_XDICTIONARY
360
470
102
}
330
431
100
AcDbVisualStyle
  2
Conceptual
 70
     9
 71
     3
 72
     2
 73
     0
 90
        0
 40
0.6
 41
30.0
 62
     5
 63
     7
421
 16777215
 74
     2
 91
        2
 64
     7
 65
   257
 75
     1
175
     1
 42
179.0
 92
        8
 66
     7
 43
1.0
 76
     1
 77
     6
 78
     2
 67
     7
 79
     3
170
     0
171
     0
290
     0
174
     0
 93
        1
 44
0.0
173
     0
291
     0
 45
0.0
1001
ACAD
1000
AcDbSavedByObjectVersion
1070
     0
  0
VISUALSTYLE
  5
43C
102
{ACAD_REACTORS
330
431
102
}
102
{ACAD_XDICTIONARY
360
472
102
}
330
431
100
AcDbVisualStyle
  2
Dim
 70
    11
 71
     2
 72
     2
 73
     0
 90
        0
 40
0.6
 41
30.0
 62
     5
 63
     7
421
 16777215
 74
     1
 91
        4
 64
     7
 65
   257
 75
     1
175
     1
 42
1.0
 92
        8
 66
     7
 43
1.0
 76
     1
 77
     6
 78
     2
 67
     7
 79
     5
170
     0
171
     0
290
     0
174
     0
 93
        1
 44
-50.0
173
     0
291
     1
 45
0.0
1001
ACAD
1000
AcDbSavedByObjectVersion
1070
     0
  0
VISUALSTYLE
  5
444
102
{ACAD_REACTORS
330
431
102
}
102
{ACAD_XDICTIONARY
360
482
102
}
330
431
100
AcDbVisualStyle
  2
EdgeColorOff
 70
    22
 71
     2
 72
     2
 73
     0
 90
        0
 40
0.6
 41
30.0
 62
     5
 63
     7
421
 16777215
 74
     1
 91
        4
 64
     7
 65
   257
 75
     1
175
     1
 42
1.0
 92
        8
 66
     7
 43
1.0
 76
     1
 77
     6
 78
     2
 67
     7
 79
     5
170
     0
171
     0
290
     0
174
     0
 93
        1
 44
0.0
173
     0
291
     1
 45
0.0
1001
ACAD
1000
AcDbSavedByObjectVersion
1070
     0
  0
VISUALSTYLE
  5
440
102
{ACAD_REACTORS
330
431
102
}
102
{ACAD_XDICTIONARY
360
47A
102
}
330
431
100
AcDbVisualStyle
  2
Facepattern
 70
    15
 71
     2
 72
     2
 73
     0
 90
        0
 40
0.6
 41
30.0
 62
     5
 63
     7
421
 16777215
 74
     1
 91
        4
 64
     7
 65
   257
 75
     1
175
     1
 42
1.0
 92
        8
 66
     7
 43
1.0
 76
     1
 77
     6
 78
     2
 67
     7
 79
     5
170
     0
171
     0
290
     0
174
     0
 93
        1
 44
0.0
173
     0
291
     1
 45
0.0
1001
ACAD
1000
AcDbSavedByObjectVersion
1070
     0
  0
VISUALSTYLE
  5
432
102
{ACAD_REACTORS
330
431
102
}
102
{ACAD_XDICTIONARY
360
45E
102
}
330
431
100
AcDbVisualStyle
  2
Flat
 70
     0
 71
     2
 72
     1
 73
     1
 90
        2
 40
0.6
 41
30.0
 62
     5
 63
     7
421
 16777215
 74
     0
 91
        0
 64
     7
 65
   257
 75
     1
175
     1
 42
1.0
 92
        8
 66
     7
 43
1.0
 76
     1
 77
     6
 78
     2
 67
     7
 79
     5
170
     0
171
     0
290
     0
174
     0
 93
       13
 44
0.0
173
     0
291
     1
 45
0.0
1001
ACAD
1000
AcDbSavedByObjectVersion
1070
     0
  0
VISUALSTYLE
  5
433
102
{ACAD_REACTORS
330
431
102
}
102
{ACAD_XDICTIONARY
360
460
102
}
330
431
100
AcDbVisualStyle
  2
FlatWithEdges
 70
     1
 71
     2
 72
     1
 73
     1
 90
        2
 40
0.6
 41
30.0
 62
     5
 63
     7
421
 16777215
 74
     1
 91
        0
 64
     7
 65
   257
 75
     1
175
     1
 42
1.0
 92
        0
 66
   257
 43
1.0
 76
     1
 77
     6
 78
     2
 67
     7
 79
     5
170
     0
171
     0
290
     0
174
     0
 93
       13
 44
0.0
173
     0
291
     1
 45
0.0
1001
ACAD
1000
AcDbSavedByObjectVersion
1070
     0
  0
VISUALSTYLE
  5
434
102
{ACAD_REACTORS
330
431
102
}
102
{ACAD_XDICTIONARY
360
462
102
}
330
431
100
AcDbVisualStyle
  2
Gouraud
 70
     2
 71
     2
 72
     2
 73
     1
 90
        2
 40
0.6
 41
30.0
 62
     5
 63
     7
421
 16777215
 74
     0
 91
        0
 64
     7
 65
   257
 75
     1
175
     1
 42
1.0
 92
        0
 66
     7
 43
1.0
 76
     1
 77
     6
 78
     2
 67
     7
 79
     5
170
     0
171
     0
290
     0
174
     0
 93
       13
 44
0.0
173
     0
291
     1
 45
0.0
1001
ACAD
1000
AcDbSavedByObjectVersion
1070
     0
  0
VISUALSTYLE
  5
435
102
{ACAD_REACTORS
330
431
102
}
102
{ACAD_XDICTIONARY
360
464
102
}
330
431
100
AcDbVisualStyle
  2
GouraudWithEdges
 70
     3
 71
     2
 72
     2
 73
     1
 90
        2
 40
0.6
 41
30.0
 62
     5
 63
     7
421
 16777215
 74
     1
 91
        0
 64
     7
 65
   257
 75
     1
175
     1
 42
1.0
 92
        0
 66
   257
 43
1.0
 76
     1
 77
     6
 78
     2
 67
     7
 79
     5
170
     0
171
     0
290
     0
174
     0
 93
       13
 44
0.0
173
     0
291
     1
 45
0.0
1001
ACAD
1000
AcDbSavedByObjectVersion
1070
     0
  0
VISUALSTYLE
  5
438
102
{ACAD_REACTORS
330
431
102
}
102
{ACAD_XDICTIONARY
360
46A
102
}
330
431
100
AcDbVisualStyle
  2
Hidden
 70
     6
 71
     1
 72
     2
 73
     2
 90
        0
 40
0.6
 41
30.0
 62
     5
 63
     7
421
 16777215
 74
     2
 91
        2
 64
     7
 65
   257
 75
     2
175
     1
 42
40.0
 92
        0
 66
   257
 43
1.0
 76
     1
 77
     6
 78
     2
 67
     7
 79
     3
170
     0
171
     0
290
     0
174
     0
 93
        1
 44
0.0
173
     0
291
     0
 45
0.0
1001
ACAD
1000
AcDbSavedByObjectVersion
1070
     0
  0
VISUALSTYLE
  5
442
102
{ACAD_REACTORS
330
431
102
}
102
{ACAD_XDICTIONARY
360
47E
102
}
330
431
100
AcDbVisualStyle
  2
JitterOff
 70
    20
 71
     2
 72
     2
 73
     0
 90
        0
 40
0.6
 41
30.0
 62
     5
 63
     7
421
 16777215
 74
     1
 91
        4
 64
     7
 65
   257
 75
     1
175
     1
 42
1.0
 92
       10
 66
     7
 43
1.0
 76
     1
 77
     6
 78
     2
 67
     7
 79
     5
170
     0
171
     0
290
     0
174
     0
 93
        1
 44
0.0
173
     0
291
     1
 45
0.0
1001
ACAD
1000
AcDbSavedByObjectVersion
1070
     0
  0
VISUALSTYLE
  5
43F
102
{ACAD_REACTORS
330
431
102
}
102
{ACAD_XDICTIONARY
360
478
102
}
330
431
100
AcDbVisualStyle
  2
Linepattern
 70
    14
 71
     2
 72
     2
 73
     0
 90
        0
 40
0.6
 41
30.0
 62
     5
 63
     7
421
 16777215
 74
     1
 91
        4
 64
     7
 65
   257
 75
     7
175
     7
 42
1.0
 92
        8
 66
     7
 43
1.0
 76
     1
 77
     6
 78
     2
 67
     7
 79
     5
170
     0
171
     0
290
     0
174
     0
 93
        1
 44
0.0
173
     0
291
     1
 45
0.0
1001
ACAD
1000
AcDbSavedByObjectVersion
1070
     0
  0
VISUALSTYLE
  5
443
102
{ACAD_REACTORS
330
431
102
}
102
{ACAD_XDICTIONARY
360
480
102
}
330
431
100
AcDbVisualStyle
  2
OverhangOff
 70
    21
 71
     2
 72
     2
 73
     0
 90
        0
 40
0.6
 41
30.0
 62
     5
 63
     7
421
 16777215
 74
     1
 91
        4
 64
     7
 65
   257
 75
     1
175
     1
 42
1.0
 92
        9
 66
     7
 43
1.0
 76
     1
 77
     6
 78
     2
 67
     7
 79
     5
170
     0
171
     0
290
     0
174
     0
 93
        1
 44
0.0
173
     0
291
     1
 45
0.0
1001
ACAD
1000
AcDbSavedByObjectVersion
1070
     0
  0
VISUALSTYLE
  5
43A
102
{ACAD_REACTORS
330
431
102
}
102
{ACAD_XDICTIONARY
360
46E
102
}
330
431
100
AcDbVisualStyle
  2
Realistic
 70
     8
 71
     2
 72
     3
 73
     0
 90
        2
 40
0.6
 41
30.0
 62
     5
 63
     7
421
 16777215
 74
     0
 91
        0
 64
     7
 65
   257
 75
     1
175
     1
 42
1.0
 92
        8
 66
   257
 43
1.0
 76
     1
 77
     6
 78
     2
 67
     7
 79
     3
170
     0
171
     0
290
     0
174
     0
 93
       13
 44
0.0
173
     0
291
     0
 45
0.0
1001
ACAD
1000
AcDbSavedByObjectVersion
1070
     0
  0
VISUALSTYLE
  5
449
102
{ACAD_REACTORS
330
431
102
}
102
{ACAD_XDICTIONARY
360
48C
102
}
330
431
100
AcDbVisualStyle
  2
Shaded
 70
    27
 71
     2
 72
     2
 73
     1
 90
        2
 40
0.6
 41
30.0
 62
     5
 63
     7
421
 16777215
 74
     0
 91
        4
 64
     7
 65
   257
 75
     1
175
     1
 42
1.0
 92
        8
 66
   257
 43
1.0
 76
     1
 77
     6
 78
     2
 67
     8
425
  7895160
 79
     3
170
     0
171
     0
290
     0
174
     0
 93
        5
 44
0.0
173
     0
291
     0
 45
0.0
1001
ACAD
1000
AcDbSavedByObjectVersion
1070
     0
  0
VISUALSTYLE
  5
448
102
{ACAD_REACTORS
330
431
102
}
102
{ACAD_XDICTIONARY
360
48A
102
}
330
431
100
AcDbVisualStyle
  2
Shaded with edges
 70
    26
 71
     2
 72
     2
 73
     1
 90
        2
 40
0.6
 41
30.0
 62
     5
 63
     7
421
 16777215
 74
     1
 91
       10
 64
     7
 65
   257
 75
     2
175
     1
 42
1.0
 92
        8
 66
   257
 43
1.0
 76
     1
 77
     6
 78
     2
 67
     7
 79
     3
170
     0
171
     0
290
     0
174
     0
 93
        5
 44
0.0
173
     0
291
     0
 45
0.0
1001
ACAD
1000
AcDbSavedByObjectVersion
1070
     0
  0
VISUALSTYLE
  5
445
102
{ACAD_REACTORS
330
431
102
}
102
{ACAD_XDICTIONARY
360
484
102
}
330
431
100
AcDbVisualStyle
  2
Shades of Gray
 70
    23
 71
     2
 72
     2
 73
     3
 90
        0
 40
0.6
 41
30.0
 62
     5
 63
     7
421
 16777215
 74
     2
 91
        2
 64
     7
 65
     7
 75
     1
175
     1
 42
40.0
 92
        8
 66
     7
 43
1.0
 76
     1
 77
     6
 78
     2
 67
     7
 79
     3
170
     0
171
     0
290
     0
174
     0
 93
        1
 44
0.0
173
     0
291
     0
 45
0.0
1001
ACAD
1000
AcDbSavedByObjectVersion
1070
     0
  0
VISUALSTYLE
  5
446
102
{ACAD_REACTORS
330
431
102
}
102
{ACAD_XDICTIONARY
360
486
102
}
330
431
100
AcDbVisualStyle
  2
Sketchy
 70
    24
 71
     1
 72
     2
 73
     2
 90
        0
 40
0.6
 41
30.0
 62
     5
 63
     7
421
 16777215
 74
     2
 91
        2
 64
     7
 65
     7
 75
     1
175
     1
 42
40.0
 92
       11
 66
     7
 43
1.0
 76
     1
 77
     6
 78
     2
 67
     7
 79
     6
170
     0
171
     0
290
     0
174
     0
 93
        1
 44
0.0
173
     0
291
     0
 45
0.0
1001
ACAD
1000
AcDbSavedByObjectVersion
1070
     0
  0
VISUALSTYLE
  5
43E
102
{ACAD_REACTORS
330
431
102
}
102
{ACAD_XDICTIONARY
360
476
102
}
330
431
100
AcDbVisualStyle
  2
Thicken
 70
    13
 71
     2
 72
     2
 73
     0
 90
        0
 40
0.6
 41
30.0
 62
     5
 63
     7
421
 16777215
 74
     1
 91
        4
 64
     7
 65
   257
 75
     1
175
     1
 42
1.0
 92
       12
 66
     7
 43
1.0
 76
     1
 77
     6
 78
     2
 67
     7
 79
     5
170
     0
171
     0
290
     0
174
     0
 93
        1
 44
0.0
173
     0
291
     1
 45
0.0
1001
ACAD
1000
AcDbSavedByObjectVersion
1070
     0
  0
VISUALSTYLE
  5
437
102
{ACAD_REACTORS
330
431
102
}
102
{ACAD_XDICTIONARY
360
468
102
}
330
431
100
AcDbVisualStyle
  2
Wireframe
 70
     5
 71
     0
 72
     2
 73
     0
 90
        0
 40
0.6
 41
30.0
 62
     5
 63
     7
421
 16777215
 74
     1
 91
        4
 64
     7
 65
   257
 75
     1
175
     1
 42
1.0
 92
        0
 66
   257
 43
1.0
 76
     1
 77
     6
 78
     2
 67
     7
 79
     3
170
     0
171
     0
290
     0
174
     0
 93
        1
 44
0.0
173
     0
291
     0
 45
0.0
1001
ACAD
1000
AcDbSavedByObjectVersion
1070
     0
  0
VISUALSTYLE
  5
447
102
{ACAD_REACTORS
330
431
102
}
102
{ACAD_XDICTIONARY
360
488
102
}
330
431
100
AcDbVisualStyle
  2
X-Ray
 70
    25
 71
     2
 72
     2
 73
     1
 90
        1
 40
0.5
 41
30.0
 62
     5
 63
     7
421
 16777215
 74
     1
 91
        0
 64
     7
 65
   257
 75
     1
175
     1
 42
1.0
 92
        8
 66
     7
 43
1.0
 76
     1
 77
     6
 78
     2
 67
     7
 79
     3
170
     0
171
     0
290
     0
174
     0
 93
       13
 44
0.0
173
     0
291
     0
 45
0.0
1001
ACAD
1000
AcDbSavedByObjectVersion
1070
     0
  0
DICTIONARYVAR
  5
400
102
{ACAD_REACTORS
330
3FA
102
}
330
3FA
100
DictionaryVariables
280
     0
  1
1:1
  0
DICTIONARYVAR
  5
493
102
{ACAD_REACTORS
330
3FA
102
}
330
3FA
100
DictionaryVariables
280
     0
  1
Standard
  0
DICTIONARYVAR
  5
492
102
{ACAD_REACTORS
330
3FA
102
}
330
3FA
100
DictionaryVariables
280
     0
  1
Standard
  0
DICTIONARYVAR
  5
401
102
{ACAD_REACTORS
330
3FA
102
}
330
3FA
100
DictionaryVariables
280
     0
  1
2
  0
DICTIONARYVAR
  5
402
102
{ACAD_REACTORS
330
3FA
102
}
330
3FA
100
DictionaryVariables
280
     0
  1
1
  0
DICTIONARYVAR
  5
494
102
{ACAD_REACTORS
330
3FA
102
}
330
3FA
100
DictionaryVariables
280
     0
  1
0
  0
DICTIONARYVAR
  5
403
102
{ACAD_REACTORS
330
3FA
102
}
330
3FA
100
DictionaryVariables
280
     0
  1
0
  0
DICTIONARYVAR
  5
404
102
{ACAD_REACTORS
330
3FA
102
}
330
3FA
100
DictionaryVariables
280
     0
  1
0
  0
DICTIONARY
  5
457
330
44E
100
AcDbDictionary
280
     1
281
     1
  3
ACAD_XREC_ROUNDTRIP
360
458
  0
DICTIONARY
  5
455
330
44D
100
AcDbDictionary
280
     1
281
     1
  3
ACAD_XREC_ROUNDTRIP
360
456
  0
DICTIONARY
  5
459
330
44F
100
AcDbDictionary
280
     1
281
     1
  3
ACAD_XREC_ROUNDTRIP
360
45A
  0
DICTIONARY
  5
45C
330
452
100
AcDbDictionary
280
     1
281
     1
  3
ACAD_XREC_ROUNDTRIP
360
45D
  0
DICTIONARY
  5
48E
330
451
100
AcDbDictionary
280
     1
281
     1
  3
ACAD_ROUNDTRIP_2008_TABLESTYLE_CELLSTYLEMAP
360
490
  3
ACAD_XREC_ROUNDTRIP
360
48F
  0
DICTIONARY
  5
466
330
436
100
AcDbDictionary
280
     1
281
     1
  3
ACAD_XREC_ROUNDTRIP
360
467
  0
DICTIONARY
  5
46C
330
439
100
AcDbDictionary
280
     1
281
     1
  3
ACAD_XREC_ROUNDTRIP
360
46D
  0
DICTIONARY
  5
474
330
43D
100
AcDbDictionary
280
     1
281
     1
  3
ACAD_XREC_ROUNDTRIP
360
475
  0
DICTIONARY
  5
47C
330
441
100
AcDbDictionary
280
     1
281
     1
  3
ACAD_XREC_ROUNDTRIP
360
47D
  0
DICTIONARY
  5
470
330
43B
100
AcDbDictionary
280
     1
281
     1
  3
ACAD_XREC_ROUNDTRIP
360
471
  0
DICTIONARY
  5
472
330
43C
100
AcDbDictionary
280
     1
281
     1
  3
ACAD_XREC_ROUNDTRIP
360
473
  0
DICTIONARY
  5
482
330
444
100
AcDbDictionary
280
     1
281
     1
  3
ACAD_XREC_ROUNDTRIP
360
483
  0
DICTIONARY
  5
47A
330
440
100
AcDbDictionary
280
     1
281
     1
  3
ACAD_XREC_ROUNDTRIP
360
47B
  0
DICTIONARY
  5
45E
330
432
100
AcDbDictionary
280
     1
281
     1
  3
ACAD_XREC_ROUNDTRIP
360
45F
  0
DICTIONARY
  5
460
330
433
100
AcDbDictionary
280
     1
281
     1
  3
ACAD_XREC_ROUNDTRIP
360
461
  0
DICTIONARY
  5
462
330
434
100
AcDbDictionary
280
     1
281
     1
  3
ACAD_XREC_ROUNDTRIP
360
463
  0
DICTIONARY
  5
464
330
435
100
AcDbDictionary
280
     1
281
     1
  3
ACAD_XREC_ROUNDTRIP
360
465
  0
DICTIONARY
  5
46A
330
438
100
AcDbDictionary
280
     1
281
     1
  3
ACAD_XREC_ROUNDTRIP
360
46B
  0
DICTIONARY
  5
47E
330
442
100
AcDbDictionary
280
     1
281
     1
  3
ACAD_XREC_ROUNDTRIP
360
47F
  0
DICTIONARY
  5
478
330
43F
100
AcDbDictionary
280
     1
281
     1
  3
ACAD_XREC_ROUNDTRIP
360
479
  0
DICTIONARY
  5
480
330
443
100
AcDbDictionary
280
     1
281
     1
  3
ACAD_XREC_ROUNDTRIP
360
481
  0
DICTIONARY
  5
46E
330
43A
100
AcDbDictionary
280
     1
281
     1
  3
ACAD_XREC_ROUNDTRIP
360
46F
  0
DICTIONARY
  5
48C
330
449
100
AcDbDictionary
280
     1
281
     1
  3
ACAD_XREC_ROUNDTRIP
360
48D
  0
DICTIONARY
  5
48A
330
448
100
AcDbDictionary
280
     1
281
     1
  3
ACAD_XREC_ROUNDTRIP
360
48B
  0
DICTIONARY
  5
484
330
445
100
AcDbDictionary
280
     1
281
     1
  3
ACAD_XREC_ROUNDTRIP
360
485
  0
DICTIONARY
  5
486
330
446
100
AcDbDictionary
280
     1
281
     1
  3
ACAD_XREC_ROUNDTRIP
360
487
  0
DICTIONARY
  5
476
330
43E
100
AcDbDictionary
280
     1
281
     1
  3
ACAD_XREC_ROUNDTRIP
360
477
  0
DICTIONARY
  5
468
330
437
100
AcDbDictionary
280
     1
281
     1
  3
ACAD_XREC_ROUNDTRIP
360
469
  0
DICTIONARY
  5
488
330
447
100
AcDbDictionary
280
     1
281
     1
  3
ACAD_XREC_ROUNDTRIP
360
489
  0
XRECORD
  5
458
102
{ACAD_REACTORS
330
457
102
}
330
457
100
AcDbXrecord
280
     1
102
MATERIAL
148
0.0
149
0.0
149
0.0
 93
        0
 94
      127
282
     0
 72
     1
 77
     1
171
     1
175
     1
179
     1
273
     0
  0
XRECORD
  5
456
102
{ACAD_REACTORS
330
455
102
}
330
455
100
AcDbXrecord
280
     1
102
MATERIAL
148
0.0
149
0.0
149
0.0
 93
        0
 94
      127
282
     0
 72
     1
 77
     1
171
     1
175
     1
179
     1
273
     0
  0
XRECORD
  5
45A
102
{ACAD_REACTORS
330
459
102
}
330
459
100
AcDbXrecord
280
     1
102
MATERIAL
148
0.0
149
0.0
149
0.0
 93
        0
 94
      127
282
     0
 72
     1
 77
     1
171
     1
175
     1
179
     1
273
     0
  0
XRECORD
  5
45D
102
{ACAD_REACTORS
330
45C
102
}
330
45C
100
AcDbXrecord
280
     1
102
ACAD_ROUNDTRIP_2010_MLEADER_STYLE
  0
CELLSTYLEMAP
  5
490
102
{ACAD_REACTORS
330
48E
102
}
330
48E
100
AcDbCellStyleMap
 90
        3
300
CELLSTYLE
  1
TABLEFORMAT_BEGIN
 90
        5
170
     1
 91
        0
 92
    32768
 62
   257
 93
        1
300
CONTENTFORMAT
  1
CONTENTFORMAT_BEGIN
 90
        0
 91
        0
 92
        4
 93
        0
300

 40
0.0
140
1.0
 94
        5
 62
     0
340
F
144
0.25
309
CONTENTFORMAT_END
171
     1
301
MARGIN
  1
CELLMARGIN_BEGIN
 40
0.06
 40
0.06
 40
0.06
 40
0.06
 40
0.06
 40
0.06
309
CELLMARGIN_END
 94
        6
 95
        1
302
GRIDFORMAT
  1
GRIDFORMAT_BEGIN
 90
        0
 91
        1
 62
     0
 92
       -2
340
D
 93
        0
 40
0.045
309
GRIDFORMAT_END
 95
        2
302
GRIDFORMAT
  1
GRIDFORMAT_BEGIN
 90
        0
 91
        1
 62
     0
 92
       -2
340
D
 93
        0
 40
0.045
309
GRIDFORMAT_END
 95
        4
302
GRIDFORMAT
  1
GRIDFORMAT_BEGIN
 90
        0
 91
        1
 62
     0
 92
       -2
340
D
 93
        0
 40
0.045
309
GRIDFORMAT_END
 95
        8
302
GRIDFORMAT
  1
GRIDFORMAT_BEGIN
 90
        0
 91
        1
 62
     0
 92
       -2
340
D
 93
        0
 40
0.045
309
GRIDFORMAT_END
 95
       16
302
GRIDFORMAT
  1
GRIDFORMAT_BEGIN
 90
        0
 91
        1
 62
     0
 92
       -2
340
D
 93
        0
 40
0.045
309
GRIDFORMAT_END
 95
       32
302
GRIDFORMAT
  1
GRIDFORMAT_BEGIN
 90
        0
 91
        1
 62
     0
 92
       -2
340
D
 93
        0
 40
0.045
309
GRIDFORMAT_END
309
TABLEFORMAT_END
  1
CELLSTYLE_BEGIN
 90
        1
 91
        1
300
_TITLE
309
CELLSTYLE_END
300
CELLSTYLE
  1
TABLEFORMAT_BEGIN
 90
        5
170
     1
 91
        0
 92
        0
 62
   257
 93
        1
300
CONTENTFORMAT
  1
CONTENTFORMAT_BEGIN
 90
        0
 91
        0
 92
        4
 93
        0
300

 40
0.0
140
1.0
 94
        5
 62
     0
340
F
144
0.18
309
CONTENTFORMAT_END
171
     1
301
MARGIN
  1
CELLMARGIN_BEGIN
 40
0.06
 40
0.06
 40
0.06
 40
0.06
 40
0.06
 40
0.06
309
CELLMARGIN_END
 94
        6
 95
        1
302
GRIDFORMAT
  1
GRIDFORMAT_BEGIN
 90
        0
 91
        1
 62
     0
 92
       -2
340
D
 93
        0
 40
0.045
309
GRIDFORMAT_END
 95
        2
302
GRIDFORMAT
  1
GRIDFORMAT_BEGIN
 90
        0
 91
        1
 62
     0
 92
       -2
340
D
 93
        0
 40
0.045
309
GRIDFORMAT_END
 95
        4
302
GRIDFORMAT
  1
GRIDFORMAT_BEGIN
 90
        0
 91
        1
 62
     0
 92
       -2
340
D
 93
        0
 40
0.045
309
GRIDFORMAT_END
 95
        8
302
GRIDFORMAT
  1
GRIDFORMAT_BEGIN
 90
        0
 91
        1
 62
     0
 92
       -2
340
D
 93
        0
 40
0.045
309
GRIDFORMAT_END
 95
       16
302
GRIDFORMAT
  1
GRIDFORMAT_BEGIN
 90
        0
 91
        1
 62
     0
 92
       -2
340
D
 93
        0
 40
0.045
309
GRIDFORMAT_END
 95
       32
302
GRIDFORMAT
  1
GRIDFORMAT_BEGIN
 90
        0
 91
        1
 62
     0
 92
       -2
340
D
 93
        0
 40
0.045
309
GRIDFORMAT_END
309
TABLEFORMAT_END
  1
CELLSTYLE_BEGIN
 90
        2
 91
        1
300
_HEADER
309
CELLSTYLE_END
300
CELLSTYLE
  1
TABLEFORMAT_BEGIN
 90
        5
170
     1
 91
        0
 92
        0
 62
   257
 93
        1
300
CONTENTFORMAT
  1
CONTENTFORMAT_BEGIN
 90
        0
 91
        0
 92
        4
 93
        0
300

 40
0.0
140
1.0
 94
        2
 62
     0
340
F
144
0.18
309
CONTENTFORMAT_END
171
     1
301
MARGIN
  1
CELLMARGIN_BEGIN
 40
0.06
 40
0.06
 40
0.06
 40
0.06
 40
0.06
 40
0.06
309
CELLMARGIN_END
 94
        6
 95
        1
302
GRIDFORMAT
  1
GRIDFORMAT_BEGIN
 90
        0
 91
        1
 62
     0
 92
       -2
340
D
 93
        0
 40
0.045
309
GRIDFORMAT_END
 95
        2
302
GRIDFORMAT
  1
GRIDFORMAT_BEGIN
 90
        0
 91
        1
 62
     0
 92
       -2
340
D
 93
        0
 40
0.045
309
GRIDFORMAT_END
 95
        4
302
GRIDFORMAT
  1
GRIDFORMAT_BEGIN
 90
        0
 91
        1
 62
     0
 92
       -2
340
D
 93
        0
 40
0.045
309
GRIDFORMAT_END
 95
        8
302
GRIDFORMAT
  1
GRIDFORMAT_BEGIN
 90
        0
 91
        1
 62
     0
 92
       -2
340
D
 93
        0
 40
0.045
309
GRIDFORMAT_END
 95
       16
302
GRIDFORMAT
  1
GRIDFORMAT_BEGIN
 90
        0
 91
        1
 62
     0
 92
       -2
340
D
 93
        0
 40
0.045
309
GRIDFORMAT_END
 95
       32
302
GRIDFORMAT
  1
GRIDFORMAT_BEGIN
 90
        0
 91
        1
 62
     0
 92
       -2
340
D
 93
        0
 40
0.045
309
GRIDFORMAT_END
309
TABLEFORMAT_END
  1
CELLSTYLE_BEGIN
 90
        3
 91
        2
300
_DATA
309
CELLSTYLE_END
  0
XRECORD
  5
48F
102
{ACAD_REACTORS
330
48E
102
}
330
48E
100
AcDbXrecord
280
     1
102
ACAD_ROUNDTRIP_PRE2007_TABLESTYLE
 90
        4
 91
        0
  1

 92
        4
 93
        0
  2

 94
        4
 95
        0
  3

  0
XRECORD
  5
467
102
{ACAD_REACTORS
330
466
102
}
330
466
100
AcDbXrecord
280
     1
102
RTVSPropertyOp0
 70
     1
102
RTVSPropertyOp1
 70
     1
102
RTVSPropertyOp2
 70
     1
102
RTVSPropertyOp3
 70
     1
102
RTVSPropertyOp4
 70
     1
102
RTVSPropertyOp5
 70
     1
102
RTVSPropertyOp6
 70
     1
102
RTVSPropertyOp7
 70
     1
102
RTVSPropertyOp8
 70
     1
102
RTVSPropertyOp9
 70
     1
102
RTVSPropertyOp10
 70
     1
102
RTVSPropertyOp11
 70
     1
102
RTVSPropertyOp12
 70
     1
102
RTVSPropertyOp13
 70
     1
102
RTVSPropertyOp14
 70
     1
102
RTVSPropertyOp15
 70
     1
102
RTVSPropertyOp16
 70
     1
102
RTVSPropertyOp17
 70
     1
102
RTVSPropertyOp18
 70
     1
102
RTVSPropertyOp19
 70
     1
102
RTVSPropertyOp20
 70
     1
102
RTVSPropertyOp21
 70
     1
102
RTVSPropertyOp22
 70
     1
102
RTVSPropertyOp23
 70
     1
102
RTVSPropertyOp24
 70
     1
102
RTVSPropertyOp25
 70
     1
102
RTVSPropertyOp26
 70
     1
102
RTVSPropertyOp27
 70
     1
102
RTVSPropertyOp28
 70
     1
102
RTVSPropertyOp29
 70
     1
102
RTVSPropertyOp30
 70
     1
102
RTVSPropertyOp31
 70
     1
102
RTVSPropertyOp32
 70
     1
102
RTVSPropertyOp33
 70
     1
102
RTVSPropertyOp34
 70
     1
102
RTVSPropertyOp35
 70
     1
102
RTVSPropertyOp36
 70
     1
102
RTVSPropertyOp37
 70
     1
102
RTVSPropertyOp38
 70
     1
102
RTVSPropertyOp39
 70
     1
102
RTVSPropertyOp40
 70
     1
102
RTVSPropertyOp41
 70
     1
102
RTVSPropertyOp42
 70
     1
102
RTVSPropertyOp43
 70
     1
102
RTVSPropertyOp44
 70
     1
102
RTVSPropertyOp45
 70
     1
102
RTVSPropertyOp46
 70
     1
102
RTVSPropertyOp47
 70
     1
102
RTVSPropertyOp48
 70
     1
102
RTVSPropertyOp49
 70
     1
102
RTVSPropertyOp50
 70
     1
102
RTVSPropertyOp51
 70
     0
102
RTVSPropertyOp52
 70
     0
102
RTVSPropertyOp53
 70
     1
102
RTVSPropertyOp54
 70
     1
102
RTVSPropertyOp55
 70
     1
102
RTVSPropertyOp56
 70
     1
102
RTVSPropertyOp57
 70
     1
102
RTVSPost2010Prop28
280
     1
102
RTVSPost2010PropOp28
 70
     1
102
RTVSPost2010Prop29
280
     1
102
RTVSPost2010PropOp29
 70
     1
102
RTVSPost2010Prop30
280
     0
102
RTVSPost2010PropOp30
 70
     1
102
RTVSPost2010Prop31
280
     0
102
RTVSPost2010PropOp31
 70
     1
102
RTVSPost2010Prop32
280
     0
102
RTVSPost2010PropOp32
 70
     1
102
RTVSPost2010Prop33
280
     0
102
RTVSPost2010PropOp33
 70
     1
102
RTVSPost2010Prop34
280
     0
102
RTVSPost2010PropOp34
 70
     1
102
RTVSPost2010Prop35
280
     0
102
RTVSPost2010PropOp35
 70
     1
102
RTVSPost2010Prop36
280
     0
102
RTVSPost2010PropOp36
 70
     1
102
RTVSPost2010Prop37
 90
       50
102
RTVSPost2010PropOp37
 70
     1
102
RTVSPost2010Prop38
140
0.0
102
RTVSPost2010PropOp38
 70
     1
102
RTVSPost2010Prop39
140
1.0
102
RTVSPost2010PropOp39
 70
     1
102
RTVSPost2010Prop40
 90
        0
102
RTVSPost2010PropOp40
 70
     1
102
RTVSPost2010Prop41ColorIndex
 90
       18
102
RTVSPost2010Prop41ColorRGB
 90
        0
102
RTVSPost2010PropOp41
 70
     1
102
RTVSPost2010Prop42
 90
       50
102
RTVSPost2010PropOp42
 70
     1
102
RTVSPost2010Prop43
 90
        3
102
RTVSPost2010PropOp43
 70
     1
102
RTVSPost2010Prop44ColorIndex
 90
        5
102
RTVSPost2010Prop44ColorRGB
 90
      255
102
RTVSPost2010PropOp44
 70
     1
102
RTVSPost2010Prop45
280
     0
102
RTVSPost2010PropOp45
 70
     1
102
RTVSPost2010Prop46
 90
       50
102
RTVSPost2010PropOp46
 70
     1
102
RTVSPost2010Prop47
 90
       50
102
RTVSPost2010PropOp47
 70
     1
102
RTVSPost2010Prop48
 90
       50
102
RTVSPost2010PropOp48
 70
     1
102
RTVSPost2010Prop49
280
     0
102
RTVSPost2010PropOp49
 70
     1
102
RTVSPost2010Prop50
 90
       50
102
RTVSPost2010PropOp50
 70
     1
102
RTVSPost2010Prop51ColorIndex
 90
      256
102
RTVSPost2010Prop51ColorRGB
 90
-16777216
102
RTVSPost2010PropOp51
 70
     0
102
RTVSPost2010Prop52
140
1.0
102
RTVSPost2010PropOp52
 70
     0
102
RTVSPost2010Prop53
 90
        2
102
RTVSPost2010PropOp53
 70
     1
102
RTVSPost2010Prop54
  1
strokes_ogs.tif
102
RTVSPost2010PropOp54
 70
     1
102
RTVSPost2010Prop55
280
     0
102
RTVSPost2010PropOp55
 70
     1
102
RTVSPost2010Prop56
140
1.0
102
RTVSPost2010PropOp56
 70
     1
102
RTVSPost2010Prop57
140
1.0
102
RTVSPost2010PropOp57
 70
     1
  0
XRECORD
  5
46D
102
{ACAD_REACTORS
330
46C
102
}
330
46C
100
AcDbXrecord
280
     1
102
RTVSPropertyOp0
 70
     1
102
RTVSPropertyOp1
 70
     1
102
RTVSPropertyOp2
 70
     1
102
RTVSPropertyOp3
 70
     1
102
RTVSPropertyOp4
 70
     1
102
RTVSPropertyOp5
 70
     1
102
RTVSPropertyOp6
 70
     1
102
RTVSPropertyOp7
 70
     1
102
RTVSPropertyOp8
 70
     1
102
RTVSPropertyOp9
 70
     1
102
RTVSPropertyOp10
 70
     1
102
RTVSPropertyOp11
 70
     1
102
RTVSPropertyOp12
 70
     1
102
RTVSPropertyOp13
 70
     1
102
RTVSPropertyOp14
 70
     1
102
RTVSPropertyOp15
 70
     1
102
RTVSPropertyOp16
 70
     1
102
RTVSPropertyOp17
 70
     1
102
RTVSPropertyOp18
 70
     1
102
RTVSPropertyOp19
 70
     1
102
RTVSPropertyOp20
 70
     1
102
RTVSPropertyOp21
 70
     1
102
RTVSPropertyOp22
 70
     1
102
RTVSPropertyOp23
 70
     1
102
RTVSPropertyOp24
 70
     1
102
RTVSPropertyOp25
 70
     1
102
RTVSPropertyOp26
 70
     1
102
RTVSPropertyOp27
 70
     1
102
RTVSPropertyOp28
 70
     1
102
RTVSPropertyOp29
 70
     1
102
RTVSPropertyOp30
 70
     1
102
RTVSPropertyOp31
 70
     1
102
RTVSPropertyOp32
 70
     1
102
RTVSPropertyOp33
 70
     1
102
RTVSPropertyOp34
 70
     1
102
RTVSPropertyOp35
 70
     1
102
RTVSPropertyOp36
 70
     1
102
RTVSPropertyOp37
 70
     1
102
RTVSPropertyOp38
 70
     1
102
RTVSPropertyOp39
 70
     1
102
RTVSPropertyOp40
 70
     1
102
RTVSPropertyOp41
 70
     1
102
RTVSPropertyOp42
 70
     1
102
RTVSPropertyOp43
 70
     1
102
RTVSPropertyOp44
 70
     1
102
RTVSPropertyOp45
 70
     1
102
RTVSPropertyOp46
 70
     1
102
RTVSPropertyOp47
 70
     1
102
RTVSPropertyOp48
 70
     1
102
RTVSPropertyOp49
 70
     1
102
RTVSPropertyOp50
 70
     1
102
RTVSPropertyOp51
 70
     0
102
RTVSPropertyOp52
 70
     0
102
RTVSPropertyOp53
 70
     1
102
RTVSPropertyOp54
 70
     1
102
RTVSPropertyOp55
 70
     1
102
RTVSPropertyOp56
 70
     1
102
RTVSPropertyOp57
 70
     1
102
RTVSPost2010Prop28
280
     0
102
RTVSPost2010PropOp28
 70
     1
102
RTVSPost2010Prop29
280
     1
102
RTVSPost2010PropOp29
 70
     1
102
RTVSPost2010Prop30
280
     1
102
RTVSPost2010PropOp30
 70
     1
102
RTVSPost2010Prop31
280
     0
102
RTVSPost2010PropOp31
 70
     1
102
RTVSPost2010Prop32
280
     0
102
RTVSPost2010PropOp32
 70
     1
102
RTVSPost2010Prop33
280
     0
102
RTVSPost2010PropOp33
 70
     1
102
RTVSPost2010Prop34
280
     0
102
RTVSPost2010PropOp34
 70
     1
102
RTVSPost2010Prop35
280
     0
102
RTVSPost2010PropOp35
 70
     1
102
RTVSPost2010Prop36
280
     0
102
RTVSPost2010PropOp36
 70
     1
102
RTVSPost2010Prop37
 90
       50
102
RTVSPost2010PropOp37
 70
     1
102
RTVSPost2010Prop38
140
0.0
102
RTVSPost2010PropOp38
 70
     1
102
RTVSPost2010Prop39
140
1.0
102
RTVSPost2010PropOp39
 70
     1
102
RTVSPost2010Prop40
 90
        0
102
RTVSPost2010PropOp40
 70
     1
102
RTVSPost2010Prop41ColorIndex
 90
       18
102
RTVSPost2010Prop41ColorRGB
 90
        0
102
RTVSPost2010PropOp41
 70
     1
102
RTVSPost2010Prop42
 90
       50
102
RTVSPost2010PropOp42
 70
     1
102
RTVSPost2010Prop43
 90
        3
102
RTVSPost2010PropOp43
 70
     1
102
RTVSPost2010Prop44ColorIndex
 90
        5
102
RTVSPost2010Prop44ColorRGB
 90
      255
102
RTVSPost2010PropOp44
 70
     1
102
RTVSPost2010Prop45
280
     0
102
RTVSPost2010PropOp45
 70
     1
102
RTVSPost2010Prop46
 90
       50
102
RTVSPost2010PropOp46
 70
     1
102
RTVSPost2010Prop47
 90
       50
102
RTVSPost2010PropOp47
 70
     1
102
RTVSPost2010Prop48
 90
       50
102
RTVSPost2010PropOp48
 70
     1
102
RTVSPost2010Prop49
280
     0
102
RTVSPost2010PropOp49
 70
     1
102
RTVSPost2010Prop50
 90
       50
102
RTVSPost2010PropOp50
 70
     1
102
RTVSPost2010Prop51ColorIndex
 90
      256
102
RTVSPost2010Prop51ColorRGB
 90
-16777216
102
RTVSPost2010PropOp51
 70
     0
102
RTVSPost2010Prop52
140
1.0
102
RTVSPost2010PropOp52
 70
     0
102
RTVSPost2010Prop53
 90
        2
102
RTVSPost2010PropOp53
 70
     1
102
RTVSPost2010Prop54
  1
strokes_ogs.tif
102
RTVSPost2010PropOp54
 70
     1
102
RTVSPost2010Prop55
280
     0
102
RTVSPost2010PropOp55
 70
     1
102
RTVSPost2010Prop56
140
1.0
102
RTVSPost2010PropOp56
 70
     1
102
RTVSPost2010Prop57
140
1.0
102
RTVSPost2010PropOp57
 70
     1
  0
XRECORD
  5
475
102
{ACAD_REACTORS
330
474
102
}
330
474
100
AcDbXrecord
280
     1
102
RTVSPropertyOp0
 70
     1
102
RTVSPropertyOp1
 70
     1
102
RTVSPropertyOp2
 70
     1
102
RTVSPropertyOp3
 70
     1
102
RTVSPropertyOp4
 70
     1
102
RTVSPropertyOp5
 70
     1
102
RTVSPropertyOp6
 70
     1
102
RTVSPropertyOp7
 70
     1
102
RTVSPropertyOp8
 70
     1
102
RTVSPropertyOp9
 70
     1
102
RTVSPropertyOp10
 70
     1
102
RTVSPropertyOp11
 70
     1
102
RTVSPropertyOp12
 70
     1
102
RTVSPropertyOp13
 70
     1
102
RTVSPropertyOp14
 70
     1
102
RTVSPropertyOp15
 70
     1
102
RTVSPropertyOp16
 70
     1
102
RTVSPropertyOp17
 70
     1
102
RTVSPropertyOp18
 70
     1
102
RTVSPropertyOp19
 70
     1
102
RTVSPropertyOp20
 70
     1
102
RTVSPropertyOp21
 70
     1
102
RTVSPropertyOp22
 70
     1
102
RTVSPropertyOp23
 70
     1
102
RTVSPropertyOp24
 70
     1
102
RTVSPropertyOp25
 70
     1
102
RTVSPropertyOp26
 70
     1
102
RTVSPropertyOp27
 70
     1
102
RTVSPropertyOp28
 70
     1
102
RTVSPropertyOp29
 70
     1
102
RTVSPropertyOp30
 70
     1
102
RTVSPropertyOp31
 70
     1
102
RTVSPropertyOp32
 70
     1
102
RTVSPropertyOp33
 70
     1
102
RTVSPropertyOp34
 70
     1
102
RTVSPropertyOp35
 70
     1
102
RTVSPropertyOp36
 70
     1
102
RTVSPropertyOp37
 70
     1
102
RTVSPropertyOp38
 70
     1
102
RTVSPropertyOp39
 70
     1
102
RTVSPropertyOp40
 70
     1
102
RTVSPropertyOp41
 70
     1
102
RTVSPropertyOp42
 70
     1
102
RTVSPropertyOp43
 70
     1
102
RTVSPropertyOp44
 70
     1
102
RTVSPropertyOp45
 70
     1
102
RTVSPropertyOp46
 70
     1
102
RTVSPropertyOp47
 70
     1
102
RTVSPropertyOp48
 70
     1
102
RTVSPropertyOp49
 70
     1
102
RTVSPropertyOp50
 70
     1
102
RTVSPropertyOp51
 70
     0
102
RTVSPropertyOp52
 70
     0
102
RTVSPropertyOp53
 70
     1
102
RTVSPropertyOp54
 70
     1
102
RTVSPropertyOp55
 70
     1
102
RTVSPropertyOp56
 70
     1
102
RTVSPropertyOp57
 70
     1
102
RTVSPost2010Prop28
280
     0
102
RTVSPost2010PropOp28
 70
     1
102
RTVSPost2010Prop29
280
     1
102
RTVSPost2010PropOp29
 70
     1
102
RTVSPost2010Prop30
280
     1
102
RTVSPost2010PropOp30
 70
     1
102
RTVSPost2010Prop31
280
     0
102
RTVSPost2010PropOp31
 70
     1
102
RTVSPost2010Prop32
280
     0
102
RTVSPost2010PropOp32
 70
     1
102
RTVSPost2010Prop33
280
     0
102
RTVSPost2010PropOp33
 70
     1
102
RTVSPost2010Prop34
280
     0
102
RTVSPost2010PropOp34
 70
     1
102
RTVSPost2010Prop35
280
     0
102
RTVSPost2010PropOp35
 70
     1
102
RTVSPost2010Prop36
280
     0
102
RTVSPost2010PropOp36
 70
     1
102
RTVSPost2010Prop37
 90
       50
102
RTVSPost2010PropOp37
 70
     1
102
RTVSPost2010Prop38
140
0.0
102
RTVSPost2010PropOp38
 70
     1
102
RTVSPost2010Prop39
140
1.0
102
RTVSPost2010PropOp39
 70
     1
102
RTVSPost2010Prop40
 90
        0
102
RTVSPost2010PropOp40
 70
     1
102
RTVSPost2010Prop41ColorIndex
 90
       18
102
RTVSPost2010Prop41ColorRGB
 90
        0
102
RTVSPost2010PropOp41
 70
     1
102
RTVSPost2010Prop42
 90
       50
102
RTVSPost2010PropOp42
 70
     1
102
RTVSPost2010Prop43
 90
        3
102
RTVSPost2010PropOp43
 70
     1
102
RTVSPost2010Prop44ColorIndex
 90
        5
102
RTVSPost2010Prop44ColorRGB
 90
      255
102
RTVSPost2010PropOp44
 70
     1
102
RTVSPost2010Prop45
280
     0
102
RTVSPost2010PropOp45
 70
     1
102
RTVSPost2010Prop46
 90
       50
102
RTVSPost2010PropOp46
 70
     1
102
RTVSPost2010Prop47
 90
       50
102
RTVSPost2010PropOp47
 70
     1
102
RTVSPost2010Prop48
 90
       50
102
RTVSPost2010PropOp48
 70
     1
102
RTVSPost2010Prop49
280
     0
102
RTVSPost2010PropOp49
 70
     1
102
RTVSPost2010Prop50
 90
       50
102
RTVSPost2010PropOp50
 70
     1
102
RTVSPost2010Prop51ColorIndex
 90
      256
102
RTVSPost2010Prop51ColorRGB
 90
-16777216
102
RTVSPost2010PropOp51
 70
     0
102
RTVSPost2010Prop52
140
1.0
102
RTVSPost2010PropOp52
 70
     0
102
RTVSPost2010Prop53
 90
        2
102
RTVSPost2010PropOp53
 70
     1
102
RTVSPost2010Prop54
  1
strokes_ogs.tif
102
RTVSPost2010PropOp54
 70
     1
102
RTVSPost2010Prop55
280
     0
102
RTVSPost2010PropOp55
 70
     1
102
RTVSPost2010Prop56
140
1.0
102
RTVSPost2010PropOp56
 70
     1
102
RTVSPost2010Prop57
140
1.0
102
RTVSPost2010PropOp57
 70
     1
  0
XRECORD
  5
47D
102
{ACAD_REACTORS
330
47C
102
}
330
47C
100
AcDbXrecord
280
     1
102
RTVSPropertyOp0
 70
     1
102
RTVSPropertyOp1
 70
     1
102
RTVSPropertyOp2
 70
     1
102
RTVSPropertyOp3
 70
     1
102
RTVSPropertyOp4
 70
     1
102
RTVSPropertyOp5
 70
     1
102
RTVSPropertyOp6
 70
     1
102
RTVSPropertyOp7
 70
     1
102
RTVSPropertyOp8
 70
     1
102
RTVSPropertyOp9
 70
     1
102
RTVSPropertyOp10
 70
     1
102
RTVSPropertyOp11
 70
     1
102
RTVSPropertyOp12
 70
     1
102
RTVSPropertyOp13
 70
     1
102
RTVSPropertyOp14
 70
     1
102
RTVSPropertyOp15
 70
     1
102
RTVSPropertyOp16
 70
     1
102
RTVSPropertyOp17
 70
     1
102
RTVSPropertyOp18
 70
     1
102
RTVSPropertyOp19
 70
     1
102
RTVSPropertyOp20
 70
     1
102
RTVSPropertyOp21
 70
     1
102
RTVSPropertyOp22
 70
     1
102
RTVSPropertyOp23
 70
     1
102
RTVSPropertyOp24
 70
     1
102
RTVSPropertyOp25
 70
     1
102
RTVSPropertyOp26
 70
     1
102
RTVSPropertyOp27
 70
     1
102
RTVSPropertyOp28
 70
     1
102
RTVSPropertyOp29
 70
     1
102
RTVSPropertyOp30
 70
     1
102
RTVSPropertyOp31
 70
     1
102
RTVSPropertyOp32
 70
     1
102
RTVSPropertyOp33
 70
     1
102
RTVSPropertyOp34
 70
     1
102
RTVSPropertyOp35
 70
     1
102
RTVSPropertyOp36
 70
     1
102
RTVSPropertyOp37
 70
     1
102
RTVSPropertyOp38
 70
     1
102
RTVSPropertyOp39
 70
     1
102
RTVSPropertyOp40
 70
     1
102
RTVSPropertyOp41
 70
     1
102
RTVSPropertyOp42
 70
     1
102
RTVSPropertyOp43
 70
     1
102
RTVSPropertyOp44
 70
     1
102
RTVSPropertyOp45
 70
     1
102
RTVSPropertyOp46
 70
     1
102
RTVSPropertyOp47
 70
     1
102
RTVSPropertyOp48
 70
     1
102
RTVSPropertyOp49
 70
     1
102
RTVSPropertyOp50
 70
     1
102
RTVSPropertyOp51
 70
     0
102
RTVSPropertyOp52
 70
     0
102
RTVSPropertyOp53
 70
     1
102
RTVSPropertyOp54
 70
     1
102
RTVSPropertyOp55
 70
     1
102
RTVSPropertyOp56
 70
     1
102
RTVSPropertyOp57
 70
     1
102
RTVSPost2010Prop28
280
     0
102
RTVSPost2010PropOp28
 70
     1
102
RTVSPost2010Prop29
280
     1
102
RTVSPost2010PropOp29
 70
     1
102
RTVSPost2010Prop30
280
     1
102
RTVSPost2010PropOp30
 70
     1
102
RTVSPost2010Prop31
280
     0
102
RTVSPost2010PropOp31
 70
     1
102
RTVSPost2010Prop32
280
     0
102
RTVSPost2010PropOp32
 70
     1
102
RTVSPost2010Prop33
280
     0
102
RTVSPost2010PropOp33
 70
     1
102
RTVSPost2010Prop34
280
     0
102
RTVSPost2010PropOp34
 70
     1
102
RTVSPost2010Prop35
280
     0
102
RTVSPost2010PropOp35
 70
     1
102
RTVSPost2010Prop36
280
     0
102
RTVSPost2010PropOp36
 70
     1
102
RTVSPost2010Prop37
 90
       50
102
RTVSPost2010PropOp37
 70
     1
102
RTVSPost2010Prop38
140
0.0
102
RTVSPost2010PropOp38
 70
     1
102
RTVSPost2010Prop39
140
1.0
102
RTVSPost2010PropOp39
 70
     1
102
RTVSPost2010Prop40
 90
        0
102
RTVSPost2010PropOp40
 70
     1
102
RTVSPost2010Prop41ColorIndex
 90
       18
102
RTVSPost2010Prop41ColorRGB
 90
        0
102
RTVSPost2010PropOp41
 70
     1
102
RTVSPost2010Prop42
 90
       50
102
RTVSPost2010PropOp42
 70
     1
102
RTVSPost2010Prop43
 90
        3
102
RTVSPost2010PropOp43
 70
     1
102
RTVSPost2010Prop44ColorIndex
 90
        5
102
RTVSPost2010Prop44ColorRGB
 90
      255
102
RTVSPost2010PropOp44
 70
     1
102
RTVSPost2010Prop45
280
     0
102
RTVSPost2010PropOp45
 70
     1
102
RTVSPost2010Prop46
 90
       50
102
RTVSPost2010PropOp46
 70
     1
102
RTVSPost2010Prop47
 90
       50
102
RTVSPost2010PropOp47
 70
     1
102
RTVSPost2010Prop48
 90
       50
102
RTVSPost2010PropOp48
 70
     1
102
RTVSPost2010Prop49
280
     0
102
RTVSPost2010PropOp49
 70
     1
102
RTVSPost2010Prop50
 90
       50
102
RTVSPost2010PropOp50
 70
     1
102
RTVSPost2010Prop51ColorIndex
 90
      256
102
RTVSPost2010Prop51ColorRGB
 90
-16777216
102
RTVSPost2010PropOp51
 70
     0
102
RTVSPost2010Prop52
140
1.0
102
RTVSPost2010PropOp52
 70
     0
102
RTVSPost2010Prop53
 90
        2
102
RTVSPost2010PropOp53
 70
     1
102
RTVSPost2010Prop54
  1
strokes_ogs.tif
102
RTVSPost2010PropOp54
 70
     1
102
RTVSPost2010Prop55
280
     0
102
RTVSPost2010PropOp55
 70
     1
102
RTVSPost2010Prop56
140
1.0
102
RTVSPost2010PropOp56
 70
     1
102
RTVSPost2010Prop57
140
1.0
102
RTVSPost2010PropOp57
 70
     1
  0
XRECORD
  5
471
102
{ACAD_REACTORS
330
470
102
}
330
470
100
AcDbXrecord
280
     1
102
RTVSPropertyOp0
 70
     1
102
RTVSPropertyOp1
 70
     1
102
RTVSPropertyOp2
 70
     1
102
RTVSPropertyOp3
 70
     1
102
RTVSPropertyOp4
 70
     1
102
RTVSPropertyOp5
 70
     1
102
RTVSPropertyOp6
 70
     1
102
RTVSPropertyOp7
 70
     1
102
RTVSPropertyOp8
 70
     1
102
RTVSPropertyOp9
 70
     1
102
RTVSPropertyOp10
 70
     1
102
RTVSPropertyOp11
 70
     1
102
RTVSPropertyOp12
 70
     1
102
RTVSPropertyOp13
 70
     1
102
RTVSPropertyOp14
 70
     1
102
RTVSPropertyOp15
 70
     1
102
RTVSPropertyOp16
 70
     1
102
RTVSPropertyOp17
 70
     1
102
RTVSPropertyOp18
 70
     1
102
RTVSPropertyOp19
 70
     1
102
RTVSPropertyOp20
 70
     1
102
RTVSPropertyOp21
 70
     1
102
RTVSPropertyOp22
 70
     1
102
RTVSPropertyOp23
 70
     1
102
RTVSPropertyOp24
 70
     1
102
RTVSPropertyOp25
 70
     1
102
RTVSPropertyOp26
 70
     1
102
RTVSPropertyOp27
 70
     1
102
RTVSPropertyOp28
 70
     1
102
RTVSPropertyOp29
 70
     1
102
RTVSPropertyOp30
 70
     1
102
RTVSPropertyOp31
 70
     1
102
RTVSPropertyOp32
 70
     1
102
RTVSPropertyOp33
 70
     1
102
RTVSPropertyOp34
 70
     1
102
RTVSPropertyOp35
 70
     1
102
RTVSPropertyOp36
 70
     1
102
RTVSPropertyOp37
 70
     1
102
RTVSPropertyOp38
 70
     1
102
RTVSPropertyOp39
 70
     1
102
RTVSPropertyOp40
 70
     1
102
RTVSPropertyOp41
 70
     1
102
RTVSPropertyOp42
 70
     1
102
RTVSPropertyOp43
 70
     1
102
RTVSPropertyOp44
 70
     1
102
RTVSPropertyOp45
 70
     1
102
RTVSPropertyOp46
 70
     1
102
RTVSPropertyOp47
 70
     1
102
RTVSPropertyOp48
 70
     1
102
RTVSPropertyOp49
 70
     1
102
RTVSPropertyOp50
 70
     1
102
RTVSPropertyOp51
 70
     0
102
RTVSPropertyOp52
 70
     0
102
RTVSPropertyOp53
 70
     1
102
RTVSPropertyOp54
 70
     1
102
RTVSPropertyOp55
 70
     1
102
RTVSPropertyOp56
 70
     1
102
RTVSPropertyOp57
 70
     1
102
RTVSPost2010Prop28
280
     0
102
RTVSPost2010PropOp28
 70
     1
102
RTVSPost2010Prop29
280
     1
102
RTVSPost2010PropOp29
 70
     1
102
RTVSPost2010Prop30
280
     1
102
RTVSPost2010PropOp30
 70
     1
102
RTVSPost2010Prop31
280
     0
102
RTVSPost2010PropOp31
 70
     1
102
RTVSPost2010Prop32
280
     0
102
RTVSPost2010PropOp32
 70
     1
102
RTVSPost2010Prop33
280
     0
102
RTVSPost2010PropOp33
 70
     1
102
RTVSPost2010Prop34
280
     0
102
RTVSPost2010PropOp34
 70
     1
102
RTVSPost2010Prop35
280
     0
102
RTVSPost2010PropOp35
 70
     1
102
RTVSPost2010Prop36
280
     0
102
RTVSPost2010PropOp36
 70
     1
102
RTVSPost2010Prop37
 90
       50
102
RTVSPost2010PropOp37
 70
     1
102
RTVSPost2010Prop38
140
0.0
102
RTVSPost2010PropOp38
 70
     1
102
RTVSPost2010Prop39
140
1.0
102
RTVSPost2010PropOp39
 70
     1
102
RTVSPost2010Prop40
 90
        0
102
RTVSPost2010PropOp40
 70
     1
102
RTVSPost2010Prop41ColorIndex
 90
       18
102
RTVSPost2010Prop41ColorRGB
 90
        0
102
RTVSPost2010PropOp41
 70
     1
102
RTVSPost2010Prop42
 90
       50
102
RTVSPost2010PropOp42
 70
     1
102
RTVSPost2010Prop43
 90
        3
102
RTVSPost2010PropOp43
 70
     1
102
RTVSPost2010Prop44ColorIndex
 90
        5
102
RTVSPost2010Prop44ColorRGB
 90
      255
102
RTVSPost2010PropOp44
 70
     1
102
RTVSPost2010Prop45
280
     0
102
RTVSPost2010PropOp45
 70
     1
102
RTVSPost2010Prop46
 90
       50
102
RTVSPost2010PropOp46
 70
     1
102
RTVSPost2010Prop47
 90
       50
102
RTVSPost2010PropOp47
 70
     1
102
RTVSPost2010Prop48
 90
       50
102
RTVSPost2010PropOp48
 70
     1
102
RTVSPost2010Prop49
280
     0
102
RTVSPost2010PropOp49
 70
     1
102
RTVSPost2010Prop50
 90
       50
102
RTVSPost2010PropOp50
 70
     1
102
RTVSPost2010Prop51ColorIndex
 90
      256
102
RTVSPost2010Prop51ColorRGB
 90
-16777216
102
RTVSPost2010PropOp51
 70
     0
102
RTVSPost2010Prop52
140
1.0
102
RTVSPost2010PropOp52
 70
     0
102
RTVSPost2010Prop53
 90
        2
102
RTVSPost2010PropOp53
 70
     1
102
RTVSPost2010Prop54
  1
strokes_ogs.tif
102
RTVSPost2010PropOp54
 70
     1
102
RTVSPost2010Prop55
280
     0
102
RTVSPost2010PropOp55
 70
     1
102
RTVSPost2010Prop56
140
1.0
102
RTVSPost2010PropOp56
 70
     1
102
RTVSPost2010Prop57
140
1.0
102
RTVSPost2010PropOp57
 70
     1
  0
XRECORD
  5
473
102
{ACAD_REACTORS
330
472
102
}
330
472
100
AcDbXrecord
280
     1
102
RTVSPropertyOp0
 70
     1
102
RTVSPropertyOp1
 70
     1
102
RTVSPropertyOp2
 70
     1
102
RTVSPropertyOp3
 70
     1
102
RTVSPropertyOp4
 70
     1
102
RTVSPropertyOp5
 70
     1
102
RTVSPropertyOp6
 70
     1
102
RTVSPropertyOp7
 70
     1
102
RTVSPropertyOp8
 70
     1
102
RTVSPropertyOp9
 70
     1
102
RTVSPropertyOp10
 70
     1
102
RTVSPropertyOp11
 70
     1
102
RTVSPropertyOp12
 70
     1
102
RTVSPropertyOp13
 70
     1
102
RTVSPropertyOp14
 70
     1
102
RTVSPropertyOp15
 70
     1
102
RTVSPropertyOp16
 70
     1
102
RTVSPropertyOp17
 70
     1
102
RTVSPropertyOp18
 70
     1
102
RTVSPropertyOp19
 70
     1
102
RTVSPropertyOp20
 70
     1
102
RTVSPropertyOp21
 70
     1
102
RTVSPropertyOp22
 70
     1
102
RTVSPropertyOp23
 70
     1
102
RTVSPropertyOp24
 70
     1
102
RTVSPropertyOp25
 70
     1
102
RTVSPropertyOp26
 70
     1
102
RTVSPropertyOp27
 70
     1
102
RTVSPropertyOp28
 70
     1
102
RTVSPropertyOp29
 70
     1
102
RTVSPropertyOp30
 70
     1
102
RTVSPropertyOp31
 70
     1
102
RTVSPropertyOp32
 70
     1
102
RTVSPropertyOp33
 70
     1
102
RTVSPropertyOp34
 70
     1
102
RTVSPropertyOp35
 70
     1
102
RTVSPropertyOp36
 70
     1
102
RTVSPropertyOp37
 70
     1
102
RTVSPropertyOp38
 70
     1
102
RTVSPropertyOp39
 70
     1
102
RTVSPropertyOp40
 70
     1
102
RTVSPropertyOp41
 70
     1
102
RTVSPropertyOp42
 70
     1
102
RTVSPropertyOp43
 70
     1
102
RTVSPropertyOp44
 70
     1
102
RTVSPropertyOp45
 70
     1
102
RTVSPropertyOp46
 70
     1
102
RTVSPropertyOp47
 70
     1
102
RTVSPropertyOp48
 70
     1
102
RTVSPropertyOp49
 70
     1
102
RTVSPropertyOp50
 70
     1
102
RTVSPropertyOp51
 70
     0
102
RTVSPropertyOp52
 70
     0
102
RTVSPropertyOp53
 70
     1
102
RTVSPropertyOp54
 70
     1
102
RTVSPropertyOp55
 70
     1
102
RTVSPropertyOp56
 70
     1
102
RTVSPropertyOp57
 70
     1
102
RTVSPost2010Prop28
280
     0
102
RTVSPost2010PropOp28
 70
     1
102
RTVSPost2010Prop29
280
     1
102
RTVSPost2010PropOp29
 70
     1
102
RTVSPost2010Prop30
280
     1
102
RTVSPost2010PropOp30
 70
     1
102
RTVSPost2010Prop31
280
     0
102
RTVSPost2010PropOp31
 70
     1
102
RTVSPost2010Prop32
280
     0
102
RTVSPost2010PropOp32
 70
     1
102
RTVSPost2010Prop33
280
     0
102
RTVSPost2010PropOp33
 70
     1
102
RTVSPost2010Prop34
280
     0
102
RTVSPost2010PropOp34
 70
     1
102
RTVSPost2010Prop35
280
     0
102
RTVSPost2010PropOp35
 70
     1
102
RTVSPost2010Prop36
280
     0
102
RTVSPost2010PropOp36
 70
     1
102
RTVSPost2010Prop37
 90
       50
102
RTVSPost2010PropOp37
 70
     1
102
RTVSPost2010Prop38
140
0.0
102
RTVSPost2010PropOp38
 70
     1
102
RTVSPost2010Prop39
140
1.0
102
RTVSPost2010PropOp39
 70
     1
102
RTVSPost2010Prop40
 90
        0
102
RTVSPost2010PropOp40
 70
     1
102
RTVSPost2010Prop41ColorIndex
 90
       18
102
RTVSPost2010Prop41ColorRGB
 90
        0
102
RTVSPost2010PropOp41
 70
     1
102
RTVSPost2010Prop42
 90
       50
102
RTVSPost2010PropOp42
 70
     1
102
RTVSPost2010Prop43
 90
        3
102
RTVSPost2010PropOp43
 70
     1
102
RTVSPost2010Prop44ColorIndex
 90
        5
102
RTVSPost2010Prop44ColorRGB
 90
      255
102
RTVSPost2010PropOp44
 70
     1
102
RTVSPost2010Prop45
280
     0
102
RTVSPost2010PropOp45
 70
     1
102
RTVSPost2010Prop46
 90
       50
102
RTVSPost2010PropOp46
 70
     1
102
RTVSPost2010Prop47
 90
       50
102
RTVSPost2010PropOp47
 70
     1
102
RTVSPost2010Prop48
 90
       50
102
RTVSPost2010PropOp48
 70
     1
102
RTVSPost2010Prop49
280
     0
102
RTVSPost2010PropOp49
 70
     1
102
RTVSPost2010Prop50
 90
       50
102
RTVSPost2010PropOp50
 70
     1
102
RTVSPost2010Prop51ColorIndex
 90
      256
102
RTVSPost2010Prop51ColorRGB
 90
-16777216
102
RTVSPost2010PropOp51
 70
     0
102
RTVSPost2010Prop52
140
1.0
102
RTVSPost2010PropOp52
 70
     0
102
RTVSPost2010Prop53
 90
        2
102
RTVSPost2010PropOp53
 70
     1
102
RTVSPost2010Prop54
  1
strokes_ogs.tif
102
RTVSPost2010PropOp54
 70
     1
102
RTVSPost2010Prop55
280
     0
102
RTVSPost2010PropOp55
 70
     1
102
RTVSPost2010Prop56
140
1.0
102
RTVSPost2010PropOp56
 70
     1
102
RTVSPost2010Prop57
140
1.0
102
RTVSPost2010PropOp57
 70
     1
  0
XRECORD
  5
483
102
{ACAD_REACTORS
330
482
102
}
330
482
100
AcDbXrecord
280
     1
102
RTVSPropertyOp0
 70
     0
102
RTVSPropertyOp1
 70
     0
102
RTVSPropertyOp2
 70
     0
102
RTVSPropertyOp3
 70
     0
102
RTVSPropertyOp4
 70
     0
102
RTVSPropertyOp5
 70
     0
102
RTVSPropertyOp6
 70
     0
102
RTVSPropertyOp7
 70
     0
102
RTVSPropertyOp8
 70
     0
102
RTVSPropertyOp9
 70
     0
102
RTVSPropertyOp10
 70
     0
102
RTVSPropertyOp11
 70
     0
102
RTVSPropertyOp12
 70
     0
102
RTVSPropertyOp13
 70
     0
102
RTVSPropertyOp14
 70
     2
102
RTVSPropertyOp15
 70
     0
102
RTVSPropertyOp16
 70
     0
102
RTVSPropertyOp17
 70
     0
102
RTVSPropertyOp18
 70
     0
102
RTVSPropertyOp19
 70
     0
102
RTVSPropertyOp20
 70
     0
102
RTVSPropertyOp21
 70
     0
102
RTVSPropertyOp22
 70
     0
102
RTVSPropertyOp23
 70
     0
102
RTVSPropertyOp24
 70
     0
102
RTVSPropertyOp25
 70
     0
102
RTVSPropertyOp26
 70
     0
102
RTVSPropertyOp27
 70
     0
102
RTVSPropertyOp28
 70
     0
102
RTVSPropertyOp29
 70
     0
102
RTVSPropertyOp30
 70
     0
102
RTVSPropertyOp31
 70
     0
102
RTVSPropertyOp32
 70
     0
102
RTVSPropertyOp33
 70
     0
102
RTVSPropertyOp34
 70
     0
102
RTVSPropertyOp35
 70
     0
102
RTVSPropertyOp36
 70
     0
102
RTVSPropertyOp37
 70
     0
102
RTVSPropertyOp38
 70
     0
102
RTVSPropertyOp39
 70
     0
102
RTVSPropertyOp40
 70
     0
102
RTVSPropertyOp41
 70
     0
102
RTVSPropertyOp42
 70
     0
102
RTVSPropertyOp43
 70
     0
102
RTVSPropertyOp44
 70
     0
102
RTVSPropertyOp45
 70
     0
102
RTVSPropertyOp46
 70
     0
102
RTVSPropertyOp47
 70
     0
102
RTVSPropertyOp48
 70
     0
102
RTVSPropertyOp49
 70
     0
102
RTVSPropertyOp50
 70
     0
102
RTVSPropertyOp51
 70
     0
102
RTVSPropertyOp52
 70
     0
102
RTVSPropertyOp53
 70
     0
102
RTVSPropertyOp54
 70
     0
102
RTVSPropertyOp55
 70
     0
102
RTVSPropertyOp56
 70
     0
102
RTVSPropertyOp57
 70
     0
102
RTVSPost2010Prop28
280
     0
102
RTVSPost2010PropOp28
 70
     0
102
RTVSPost2010Prop29
280
     1
102
RTVSPost2010PropOp29
 70
     0
102
RTVSPost2010Prop30
280
     1
102
RTVSPost2010PropOp30
 70
     0
102
RTVSPost2010Prop31
280
     0
102
RTVSPost2010PropOp31
 70
     0
102
RTVSPost2010Prop32
280
     0
102
RTVSPost2010PropOp32
 70
     0
102
RTVSPost2010Prop33
280
     0
102
RTVSPost2010PropOp33
 70
     0
102
RTVSPost2010Prop34
280
     0
102
RTVSPost2010PropOp34
 70
     0
102
RTVSPost2010Prop35
280
     0
102
RTVSPost2010PropOp35
 70
     0
102
RTVSPost2010Prop36
280
     0
102
RTVSPost2010PropOp36
 70
     0
102
RTVSPost2010Prop37
 90
       50
102
RTVSPost2010PropOp37
 70
     0
102
RTVSPost2010Prop38
140
0.0
102
RTVSPost2010PropOp38
 70
     0
102
RTVSPost2010Prop39
140
1.0
102
RTVSPost2010PropOp39
 70
     0
102
RTVSPost2010Prop40
 90
        0
102
RTVSPost2010PropOp40
 70
     0
102
RTVSPost2010Prop41ColorIndex
 90
       18
102
RTVSPost2010Prop41ColorRGB
 90
        0
102
RTVSPost2010PropOp41
 70
     0
102
RTVSPost2010Prop42
 90
       50
102
RTVSPost2010PropOp42
 70
     0
102
RTVSPost2010Prop43
 90
        3
102
RTVSPost2010PropOp43
 70
     0
102
RTVSPost2010Prop44ColorIndex
 90
        5
102
RTVSPost2010Prop44ColorRGB
 90
      255
102
RTVSPost2010PropOp44
 70
     0
102
RTVSPost2010Prop45
280
     0
102
RTVSPost2010PropOp45
 70
     0
102
RTVSPost2010Prop46
 90
       50
102
RTVSPost2010PropOp46
 70
     0
102
RTVSPost2010Prop47
 90
       50
102
RTVSPost2010PropOp47
 70
     0
102
RTVSPost2010Prop48
 90
       50
102
RTVSPost2010PropOp48
 70
     0
102
RTVSPost2010Prop49
280
     0
102
RTVSPost2010PropOp49
 70
     0
102
RTVSPost2010Prop50
 90
       50
102
RTVSPost2010PropOp50
 70
     0
102
RTVSPost2010Prop51ColorIndex
 90
      256
102
RTVSPost2010Prop51ColorRGB
 90
-16777216
102
RTVSPost2010PropOp51
 70
     0
102
RTVSPost2010Prop52
140
1.0
102
RTVSPost2010PropOp52
 70
     0
102
RTVSPost2010Prop53
 90
        2
102
RTVSPost2010PropOp53
 70
     0
102
RTVSPost2010Prop54
  1
strokes_ogs.tif
102
RTVSPost2010PropOp54
 70
     0
102
RTVSPost2010Prop55
280
     0
102
RTVSPost2010PropOp55
 70
     0
102
RTVSPost2010Prop56
140
1.0
102
RTVSPost2010PropOp56
 70
     0
102
RTVSPost2010Prop57
140
1.0
102
RTVSPost2010PropOp57
 70
     0
  0
XRECORD
  5
47B
102
{ACAD_REACTORS
330
47A
102
}
330
47A
100
AcDbXrecord
280
     1
102
RTVSPropertyOp0
 70
     1
102
RTVSPropertyOp1
 70
     1
102
RTVSPropertyOp2
 70
     1
102
RTVSPropertyOp3
 70
     1
102
RTVSPropertyOp4
 70
     1
102
RTVSPropertyOp5
 70
     1
102
RTVSPropertyOp6
 70
     1
102
RTVSPropertyOp7
 70
     1
102
RTVSPropertyOp8
 70
     1
102
RTVSPropertyOp9
 70
     1
102
RTVSPropertyOp10
 70
     1
102
RTVSPropertyOp11
 70
     1
102
RTVSPropertyOp12
 70
     1
102
RTVSPropertyOp13
 70
     1
102
RTVSPropertyOp14
 70
     1
102
RTVSPropertyOp15
 70
     1
102
RTVSPropertyOp16
 70
     1
102
RTVSPropertyOp17
 70
     1
102
RTVSPropertyOp18
 70
     1
102
RTVSPropertyOp19
 70
     1
102
RTVSPropertyOp20
 70
     1
102
RTVSPropertyOp21
 70
     1
102
RTVSPropertyOp22
 70
     1
102
RTVSPropertyOp23
 70
     1
102
RTVSPropertyOp24
 70
     1
102
RTVSPropertyOp25
 70
     1
102
RTVSPropertyOp26
 70
     1
102
RTVSPropertyOp27
 70
     1
102
RTVSPropertyOp28
 70
     1
102
RTVSPropertyOp29
 70
     1
102
RTVSPropertyOp30
 70
     1
102
RTVSPropertyOp31
 70
     1
102
RTVSPropertyOp32
 70
     1
102
RTVSPropertyOp33
 70
     1
102
RTVSPropertyOp34
 70
     1
102
RTVSPropertyOp35
 70
     1
102
RTVSPropertyOp36
 70
     1
102
RTVSPropertyOp37
 70
     1
102
RTVSPropertyOp38
 70
     1
102
RTVSPropertyOp39
 70
     1
102
RTVSPropertyOp40
 70
     1
102
RTVSPropertyOp41
 70
     1
102
RTVSPropertyOp42
 70
     1
102
RTVSPropertyOp43
 70
     1
102
RTVSPropertyOp44
 70
     1
102
RTVSPropertyOp45
 70
     1
102
RTVSPropertyOp46
 70
     1
102
RTVSPropertyOp47
 70
     1
102
RTVSPropertyOp48
 70
     1
102
RTVSPropertyOp49
 70
     1
102
RTVSPropertyOp50
 70
     1
102
RTVSPropertyOp51
 70
     0
102
RTVSPropertyOp52
 70
     0
102
RTVSPropertyOp53
 70
     1
102
RTVSPropertyOp54
 70
     1
102
RTVSPropertyOp55
 70
     1
102
RTVSPropertyOp56
 70
     1
102
RTVSPropertyOp57
 70
     1
102
RTVSPost2010Prop28
280
     0
102
RTVSPost2010PropOp28
 70
     1
102
RTVSPost2010Prop29
280
     1
102
RTVSPost2010PropOp29
 70
     1
102
RTVSPost2010Prop30
280
     1
102
RTVSPost2010PropOp30
 70
     1
102
RTVSPost2010Prop31
280
     0
102
RTVSPost2010PropOp31
 70
     1
102
RTVSPost2010Prop32
280
     0
102
RTVSPost2010PropOp32
 70
     1
102
RTVSPost2010Prop33
280
     0
102
RTVSPost2010PropOp33
 70
     1
102
RTVSPost2010Prop34
280
     0
102
RTVSPost2010PropOp34
 70
     1
102
RTVSPost2010Prop35
280
     0
102
RTVSPost2010PropOp35
 70
     1
102
RTVSPost2010Prop36
280
     0
102
RTVSPost2010PropOp36
 70
     1
102
RTVSPost2010Prop37
 90
       50
102
RTVSPost2010PropOp37
 70
     1
102
RTVSPost2010Prop38
140
0.0
102
RTVSPost2010PropOp38
 70
     1
102
RTVSPost2010Prop39
140
1.0
102
RTVSPost2010PropOp39
 70
     1
102
RTVSPost2010Prop40
 90
        0
102
RTVSPost2010PropOp40
 70
     1
102
RTVSPost2010Prop41ColorIndex
 90
       18
102
RTVSPost2010Prop41ColorRGB
 90
        0
102
RTVSPost2010PropOp41
 70
     1
102
RTVSPost2010Prop42
 90
       50
102
RTVSPost2010PropOp42
 70
     1
102
RTVSPost2010Prop43
 90
        3
102
RTVSPost2010PropOp43
 70
     1
102
RTVSPost2010Prop44ColorIndex
 90
        5
102
RTVSPost2010Prop44ColorRGB
 90
      255
102
RTVSPost2010PropOp44
 70
     1
102
RTVSPost2010Prop45
280
     0
102
RTVSPost2010PropOp45
 70
     1
102
RTVSPost2010Prop46
 90
       50
102
RTVSPost2010PropOp46
 70
     1
102
RTVSPost2010Prop47
 90
       50
102
RTVSPost2010PropOp47
 70
     1
102
RTVSPost2010Prop48
 90
       50
102
RTVSPost2010PropOp48
 70
     1
102
RTVSPost2010Prop49
280
     0
102
RTVSPost2010PropOp49
 70
     1
102
RTVSPost2010Prop50
 90
       50
102
RTVSPost2010PropOp50
 70
     1
102
RTVSPost2010Prop51ColorIndex
 90
      256
102
RTVSPost2010Prop51ColorRGB
 90
-16777216
102
RTVSPost2010PropOp51
 70
     0
102
RTVSPost2010Prop52
140
1.0
102
RTVSPost2010PropOp52
 70
     0
102
RTVSPost2010Prop53
 90
        2
102
RTVSPost2010PropOp53
 70
     1
102
RTVSPost2010Prop54
  1
strokes_ogs.tif
102
RTVSPost2010PropOp54
 70
     1
102
RTVSPost2010Prop55
280
     0
102
RTVSPost2010PropOp55
 70
     1
102
RTVSPost2010Prop56
140
1.0
102
RTVSPost2010PropOp56
 70
     1
102
RTVSPost2010Prop57
140
1.0
102
RTVSPost2010PropOp57
 70
     1
  0
XRECORD
  5
45F
102
{ACAD_REACTORS
330
45E
102
}
330
45E
100
AcDbXrecord
280
     1
102
RTVSPropertyOp0
 70
     1
102
RTVSPropertyOp1
 70
     1
102
RTVSPropertyOp2
 70
     1
102
RTVSPropertyOp3
 70
     1
102
RTVSPropertyOp4
 70
     1
102
RTVSPropertyOp5
 70
     1
102
RTVSPropertyOp6
 70
     1
102
RTVSPropertyOp7
 70
     1
102
RTVSPropertyOp8
 70
     1
102
RTVSPropertyOp9
 70
     1
102
RTVSPropertyOp10
 70
     1
102
RTVSPropertyOp11
 70
     1
102
RTVSPropertyOp12
 70
     1
102
RTVSPropertyOp13
 70
     1
102
RTVSPropertyOp14
 70
     1
102
RTVSPropertyOp15
 70
     1
102
RTVSPropertyOp16
 70
     1
102
RTVSPropertyOp17
 70
     1
102
RTVSPropertyOp18
 70
     1
102
RTVSPropertyOp19
 70
     1
102
RTVSPropertyOp20
 70
     1
102
RTVSPropertyOp21
 70
     1
102
RTVSPropertyOp22
 70
     1
102
RTVSPropertyOp23
 70
     1
102
RTVSPropertyOp24
 70
     1
102
RTVSPropertyOp25
 70
     1
102
RTVSPropertyOp26
 70
     1
102
RTVSPropertyOp27
 70
     1
102
RTVSPropertyOp28
 70
     1
102
RTVSPropertyOp29
 70
     1
102
RTVSPropertyOp30
 70
     1
102
RTVSPropertyOp31
 70
     1
102
RTVSPropertyOp32
 70
     1
102
RTVSPropertyOp33
 70
     1
102
RTVSPropertyOp34
 70
     1
102
RTVSPropertyOp35
 70
     1
102
RTVSPropertyOp36
 70
     1
102
RTVSPropertyOp37
 70
     1
102
RTVSPropertyOp38
 70
     1
102
RTVSPropertyOp39
 70
     1
102
RTVSPropertyOp40
 70
     1
102
RTVSPropertyOp41
 70
     1
102
RTVSPropertyOp42
 70
     1
102
RTVSPropertyOp43
 70
     1
102
RTVSPropertyOp44
 70
     1
102
RTVSPropertyOp45
 70
     1
102
RTVSPropertyOp46
 70
     1
102
RTVSPropertyOp47
 70
     1
102
RTVSPropertyOp48
 70
     1
102
RTVSPropertyOp49
 70
     1
102
RTVSPropertyOp50
 70
     1
102
RTVSPropertyOp51
 70
     0
102
RTVSPropertyOp52
 70
     0
102
RTVSPropertyOp53
 70
     1
102
RTVSPropertyOp54
 70
     1
102
RTVSPropertyOp55
 70
     1
102
RTVSPropertyOp56
 70
     1
102
RTVSPropertyOp57
 70
     1
102
RTVSPost2010Prop28
280
     0
102
RTVSPost2010PropOp28
 70
     1
102
RTVSPost2010Prop29
280
     1
102
RTVSPost2010PropOp29
 70
     1
102
RTVSPost2010Prop30
280
     1
102
RTVSPost2010PropOp30
 70
     1
102
RTVSPost2010Prop31
280
     0
102
RTVSPost2010PropOp31
 70
     1
102
RTVSPost2010Prop32
280
     0
102
RTVSPost2010PropOp32
 70
     1
102
RTVSPost2010Prop33
280
     0
102
RTVSPost2010PropOp33
 70
     1
102
RTVSPost2010Prop34
280
     0
102
RTVSPost2010PropOp34
 70
     1
102
RTVSPost2010Prop35
280
     0
102
RTVSPost2010PropOp35
 70
     1
102
RTVSPost2010Prop36
280
     0
102
RTVSPost2010PropOp36
 70
     1
102
RTVSPost2010Prop37
 90
       50
102
RTVSPost2010PropOp37
 70
     1
102
RTVSPost2010Prop38
140
0.0
102
RTVSPost2010PropOp38
 70
     1
102
RTVSPost2010Prop39
140
1.0
102
RTVSPost2010PropOp39
 70
     1
102
RTVSPost2010Prop40
 90
        0
102
RTVSPost2010PropOp40
 70
     1
102
RTVSPost2010Prop41ColorIndex
 90
       18
102
RTVSPost2010Prop41ColorRGB
 90
        0
102
RTVSPost2010PropOp41
 70
     1
102
RTVSPost2010Prop42
 90
       50
102
RTVSPost2010PropOp42
 70
     1
102
RTVSPost2010Prop43
 90
        3
102
RTVSPost2010PropOp43
 70
     1
102
RTVSPost2010Prop44ColorIndex
 90
        5
102
RTVSPost2010Prop44ColorRGB
 90
      255
102
RTVSPost2010PropOp44
 70
     1
102
RTVSPost2010Prop45
280
     0
102
RTVSPost2010PropOp45
 70
     1
102
RTVSPost2010Prop46
 90
       50
102
RTVSPost2010PropOp46
 70
     1
102
RTVSPost2010Prop47
 90
       50
102
RTVSPost2010PropOp47
 70
     1
102
RTVSPost2010Prop48
 90
       50
102
RTVSPost2010PropOp48
 70
     1
102
RTVSPost2010Prop49
280
     0
102
RTVSPost2010PropOp49
 70
     1
102
RTVSPost2010Prop50
 90
       50
102
RTVSPost2010PropOp50
 70
     1
102
RTVSPost2010Prop51ColorIndex
 90
      256
102
RTVSPost2010Prop51ColorRGB
 90
-16777216
102
RTVSPost2010PropOp51
 70
     0
102
RTVSPost2010Prop52
140
1.0
102
RTVSPost2010PropOp52
 70
     0
102
RTVSPost2010Prop53
 90
        2
102
RTVSPost2010PropOp53
 70
     1
102
RTVSPost2010Prop54
  1
strokes_ogs.tif
102
RTVSPost2010PropOp54
 70
     1
102
RTVSPost2010Prop55
280
     0
102
RTVSPost2010PropOp55
 70
     1
102
RTVSPost2010Prop56
140
1.0
102
RTVSPost2010PropOp56
 70
     1
102
RTVSPost2010Prop57
140
1.0
102
RTVSPost2010PropOp57
 70
     1
  0
XRECORD
  5
461
102
{ACAD_REACTORS
330
460
102
}
330
460
100
AcDbXrecord
280
     1
102
RTVSPropertyOp0
 70
     1
102
RTVSPropertyOp1
 70
     1
102
RTVSPropertyOp2
 70
     1
102
RTVSPropertyOp3
 70
     1
102
RTVSPropertyOp4
 70
     1
102
RTVSPropertyOp5
 70
     1
102
RTVSPropertyOp6
 70
     1
102
RTVSPropertyOp7
 70
     1
102
RTVSPropertyOp8
 70
     1
102
RTVSPropertyOp9
 70
     1
102
RTVSPropertyOp10
 70
     1
102
RTVSPropertyOp11
 70
     1
102
RTVSPropertyOp12
 70
     1
102
RTVSPropertyOp13
 70
     1
102
RTVSPropertyOp14
 70
     1
102
RTVSPropertyOp15
 70
     1
102
RTVSPropertyOp16
 70
     1
102
RTVSPropertyOp17
 70
     1
102
RTVSPropertyOp18
 70
     1
102
RTVSPropertyOp19
 70
     1
102
RTVSPropertyOp20
 70
     1
102
RTVSPropertyOp21
 70
     1
102
RTVSPropertyOp22
 70
     1
102
RTVSPropertyOp23
 70
     1
102
RTVSPropertyOp24
 70
     1
102
RTVSPropertyOp25
 70
     1
102
RTVSPropertyOp26
 70
     1
102
RTVSPropertyOp27
 70
     1
102
RTVSPropertyOp28
 70
     1
102
RTVSPropertyOp29
 70
     1
102
RTVSPropertyOp30
 70
     1
102
RTVSPropertyOp31
 70
     1
102
RTVSPropertyOp32
 70
     1
102
RTVSPropertyOp33
 70
     1
102
RTVSPropertyOp34
 70
     1
102
RTVSPropertyOp35
 70
     1
102
RTVSPropertyOp36
 70
     1
102
RTVSPropertyOp37
 70
     1
102
RTVSPropertyOp38
 70
     1
102
RTVSPropertyOp39
 70
     1
102
RTVSPropertyOp40
 70
     1
102
RTVSPropertyOp41
 70
     1
102
RTVSPropertyOp42
 70
     1
102
RTVSPropertyOp43
 70
     1
102
RTVSPropertyOp44
 70
     1
102
RTVSPropertyOp45
 70
     1
102
RTVSPropertyOp46
 70
     1
102
RTVSPropertyOp47
 70
     1
102
RTVSPropertyOp48
 70
     1
102
RTVSPropertyOp49
 70
     1
102
RTVSPropertyOp50
 70
     1
102
RTVSPropertyOp51
 70
     0
102
RTVSPropertyOp52
 70
     0
102
RTVSPropertyOp53
 70
     1
102
RTVSPropertyOp54
 70
     1
102
RTVSPropertyOp55
 70
     1
102
RTVSPropertyOp56
 70
     1
102
RTVSPropertyOp57
 70
     1
102
RTVSPost2010Prop28
280
     0
102
RTVSPost2010PropOp28
 70
     1
102
RTVSPost2010Prop29
280
     1
102
RTVSPost2010PropOp29
 70
     1
102
RTVSPost2010Prop30
280
     1
102
RTVSPost2010PropOp30
 70
     1
102
RTVSPost2010Prop31
280
     0
102
RTVSPost2010PropOp31
 70
     1
102
RTVSPost2010Prop32
280
     0
102
RTVSPost2010PropOp32
 70
     1
102
RTVSPost2010Prop33
280
     0
102
RTVSPost2010PropOp33
 70
     1
102
RTVSPost2010Prop34
280
     0
102
RTVSPost2010PropOp34
 70
     1
102
RTVSPost2010Prop35
280
     0
102
RTVSPost2010PropOp35
 70
     1
102
RTVSPost2010Prop36
280
     0
102
RTVSPost2010PropOp36
 70
     1
102
RTVSPost2010Prop37
 90
       50
102
RTVSPost2010PropOp37
 70
     1
102
RTVSPost2010Prop38
140
0.0
102
RTVSPost2010PropOp38
 70
     1
102
RTVSPost2010Prop39
140
1.0
102
RTVSPost2010PropOp39
 70
     1
102
RTVSPost2010Prop40
 90
        0
102
RTVSPost2010PropOp40
 70
     1
102
RTVSPost2010Prop41ColorIndex
 90
       18
102
RTVSPost2010Prop41ColorRGB
 90
        0
102
RTVSPost2010PropOp41
 70
     1
102
RTVSPost2010Prop42
 90
       50
102
RTVSPost2010PropOp42
 70
     1
102
RTVSPost2010Prop43
 90
        3
102
RTVSPost2010PropOp43
 70
     1
102
RTVSPost2010Prop44ColorIndex
 90
        5
102
RTVSPost2010Prop44ColorRGB
 90
      255
102
RTVSPost2010PropOp44
 70
     1
102
RTVSPost2010Prop45
280
     0
102
RTVSPost2010PropOp45
 70
     1
102
RTVSPost2010Prop46
 90
       50
102
RTVSPost2010PropOp46
 70
     1
102
RTVSPost2010Prop47
 90
       50
102
RTVSPost2010PropOp47
 70
     1
102
RTVSPost2010Prop48
 90
       50
102
RTVSPost2010PropOp48
 70
     1
102
RTVSPost2010Prop49
280
     0
102
RTVSPost2010PropOp49
 70
     1
102
RTVSPost2010Prop50
 90
       50
102
RTVSPost2010PropOp50
 70
     1
102
RTVSPost2010Prop51ColorIndex
 90
      256
102
RTVSPost2010Prop51ColorRGB
 90
-16777216
102
RTVSPost2010PropOp51
 70
     0
102
RTVSPost2010Prop52
140
1.0
102
RTVSPost2010PropOp52
 70
     0
102
RTVSPost2010Prop53
 90
        2
102
RTVSPost2010PropOp53
 70
     1
102
RTVSPost2010Prop54
  1
strokes_ogs.tif
102
RTVSPost2010PropOp54
 70
     1
102
RTVSPost2010Prop55
280
     0
102
RTVSPost2010PropOp55
 70
     1
102
RTVSPost2010Prop56
140
1.0
102
RTVSPost2010PropOp56
 70
     1
102
RTVSPost2010Prop57
140
1.0
102
RTVSPost2010PropOp57
 70
     1
  0
XRECORD
  5
463
102
{ACAD_REACTORS
330
462
102
}
330
462
100
AcDbXrecord
280
     1
102
RTVSPropertyOp0
 70
     1
102
RTVSPropertyOp1
 70
     1
102
RTVSPropertyOp2
 70
     1
102
RTVSPropertyOp3
 70
     1
102
RTVSPropertyOp4
 70
     1
102
RTVSPropertyOp5
 70
     1
102
RTVSPropertyOp6
 70
     1
102
RTVSPropertyOp7
 70
     1
102
RTVSPropertyOp8
 70
     1
102
RTVSPropertyOp9
 70
     1
102
RTVSPropertyOp10
 70
     1
102
RTVSPropertyOp11
 70
     1
102
RTVSPropertyOp12
 70
     1
102
RTVSPropertyOp13
 70
     1
102
RTVSPropertyOp14
 70
     1
102
RTVSPropertyOp15
 70
     1
102
RTVSPropertyOp16
 70
     1
102
RTVSPropertyOp17
 70
     1
102
RTVSPropertyOp18
 70
     1
102
RTVSPropertyOp19
 70
     1
102
RTVSPropertyOp20
 70
     1
102
RTVSPropertyOp21
 70
     1
102
RTVSPropertyOp22
 70
     1
102
RTVSPropertyOp23
 70
     1
102
RTVSPropertyOp24
 70
     1
102
RTVSPropertyOp25
 70
     1
102
RTVSPropertyOp26
 70
     1
102
RTVSPropertyOp27
 70
     1
102
RTVSPropertyOp28
 70
     1
102
RTVSPropertyOp29
 70
     1
102
RTVSPropertyOp30
 70
     1
102
RTVSPropertyOp31
 70
     1
102
RTVSPropertyOp32
 70
     1
102
RTVSPropertyOp33
 70
     1
102
RTVSPropertyOp34
 70
     1
102
RTVSPropertyOp35
 70
     1
102
RTVSPropertyOp36
 70
     1
102
RTVSPropertyOp37
 70
     1
102
RTVSPropertyOp38
 70
     1
102
RTVSPropertyOp39
 70
     1
102
RTVSPropertyOp40
 70
     1
102
RTVSPropertyOp41
 70
     1
102
RTVSPropertyOp42
 70
     1
102
RTVSPropertyOp43
 70
     1
102
RTVSPropertyOp44
 70
     1
102
RTVSPropertyOp45
 70
     1
102
RTVSPropertyOp46
 70
     1
102
RTVSPropertyOp47
 70
     1
102
RTVSPropertyOp48
 70
     1
102
RTVSPropertyOp49
 70
     1
102
RTVSPropertyOp50
 70
     1
102
RTVSPropertyOp51
 70
     0
102
RTVSPropertyOp52
 70
     0
102
RTVSPropertyOp53
 70
     1
102
RTVSPropertyOp54
 70
     1
102
RTVSPropertyOp55
 70
     1
102
RTVSPropertyOp56
 70
     1
102
RTVSPropertyOp57
 70
     1
102
RTVSPost2010Prop28
280
     0
102
RTVSPost2010PropOp28
 70
     1
102
RTVSPost2010Prop29
280
     1
102
RTVSPost2010PropOp29
 70
     1
102
RTVSPost2010Prop30
280
     1
102
RTVSPost2010PropOp30
 70
     1
102
RTVSPost2010Prop31
280
     0
102
RTVSPost2010PropOp31
 70
     1
102
RTVSPost2010Prop32
280
     0
102
RTVSPost2010PropOp32
 70
     1
102
RTVSPost2010Prop33
280
     0
102
RTVSPost2010PropOp33
 70
     1
102
RTVSPost2010Prop34
280
     0
102
RTVSPost2010PropOp34
 70
     1
102
RTVSPost2010Prop35
280
     0
102
RTVSPost2010PropOp35
 70
     1
102
RTVSPost2010Prop36
280
     0
102
RTVSPost2010PropOp36
 70
     1
102
RTVSPost2010Prop37
 90
       50
102
RTVSPost2010PropOp37
 70
     1
102
RTVSPost2010Prop38
140
0.0
102
RTVSPost2010PropOp38
 70
     1
102
RTVSPost2010Prop39
140
1.0
102
RTVSPost2010PropOp39
 70
     1
102
RTVSPost2010Prop40
 90
        0
102
RTVSPost2010PropOp40
 70
     1
102
RTVSPost2010Prop41ColorIndex
 90
       18
102
RTVSPost2010Prop41ColorRGB
 90
        0
102
RTVSPost2010PropOp41
 70
     1
102
RTVSPost2010Prop42
 90
       50
102
RTVSPost2010PropOp42
 70
     1
102
RTVSPost2010Prop43
 90
        3
102
RTVSPost2010PropOp43
 70
     1
102
RTVSPost2010Prop44ColorIndex
 90
        5
102
RTVSPost2010Prop44ColorRGB
 90
      255
102
RTVSPost2010PropOp44
 70
     1
102
RTVSPost2010Prop45
280
     0
102
RTVSPost2010PropOp45
 70
     1
102
RTVSPost2010Prop46
 90
       50
102
RTVSPost2010PropOp46
 70
     1
102
RTVSPost2010Prop47
 90
       50
102
RTVSPost2010PropOp47
 70
     1
102
RTVSPost2010Prop48
 90
       50
102
RTVSPost2010PropOp48
 70
     1
102
RTVSPost2010Prop49
280
     0
102
RTVSPost2010PropOp49
 70
     1
102
RTVSPost2010Prop50
 90
       50
102
RTVSPost2010PropOp50
 70
     1
102
RTVSPost2010Prop51ColorIndex
 90
      256
102
RTVSPost2010Prop51ColorRGB
 90
-16777216
102
RTVSPost2010PropOp51
 70
     0
102
RTVSPost2010Prop52
140
1.0
102
RTVSPost2010PropOp52
 70
     0
102
RTVSPost2010Prop53
 90
        2
102
RTVSPost2010PropOp53
 70
     1
102
RTVSPost2010Prop54
  1
strokes_ogs.tif
102
RTVSPost2010PropOp54
 70
     1
102
RTVSPost2010Prop55
280
     0
102
RTVSPost2010PropOp55
 70
     1
102
RTVSPost2010Prop56
140
1.0
102
RTVSPost2010PropOp56
 70
     1
102
RTVSPost2010Prop57
140
1.0
102
RTVSPost2010PropOp57
 70
     1
  0
XRECORD
  5
465
102
{ACAD_REACTORS
330
464
102
}
330
464
100
AcDbXrecord
280
     1
102
RTVSPropertyOp0
 70
     1
102
RTVSPropertyOp1
 70
     1
102
RTVSPropertyOp2
 70
     1
102
RTVSPropertyOp3
 70
     1
102
RTVSPropertyOp4
 70
     1
102
RTVSPropertyOp5
 70
     1
102
RTVSPropertyOp6
 70
     1
102
RTVSPropertyOp7
 70
     1
102
RTVSPropertyOp8
 70
     1
102
RTVSPropertyOp9
 70
     1
102
RTVSPropertyOp10
 70
     1
102
RTVSPropertyOp11
 70
     1
102
RTVSPropertyOp12
 70
     1
102
RTVSPropertyOp13
 70
     1
102
RTVSPropertyOp14
 70
     1
102
RTVSPropertyOp15
 70
     1
102
RTVSPropertyOp16
 70
     1
102
RTVSPropertyOp17
 70
     1
102
RTVSPropertyOp18
 70
     1
102
RTVSPropertyOp19
 70
     1
102
RTVSPropertyOp20
 70
     1
102
RTVSPropertyOp21
 70
     1
102
RTVSPropertyOp22
 70
     1
102
RTVSPropertyOp23
 70
     1
102
RTVSPropertyOp24
 70
     1
102
RTVSPropertyOp25
 70
     1
102
RTVSPropertyOp26
 70
     1
102
RTVSPropertyOp27
 70
     1
102
RTVSPropertyOp28
 70
     1
102
RTVSPropertyOp29
 70
     1
102
RTVSPropertyOp30
 70
     1
102
RTVSPropertyOp31
 70
     1
102
RTVSPropertyOp32
 70
     1
102
RTVSPropertyOp33
 70
     1
102
RTVSPropertyOp34
 70
     1
102
RTVSPropertyOp35
 70
     1
102
RTVSPropertyOp36
 70
     1
102
RTVSPropertyOp37
 70
     1
102
RTVSPropertyOp38
 70
     1
102
RTVSPropertyOp39
 70
     1
102
RTVSPropertyOp40
 70
     1
102
RTVSPropertyOp41
 70
     1
102
RTVSPropertyOp42
 70
     1
102
RTVSPropertyOp43
 70
     1
102
RTVSPropertyOp44
 70
     1
102
RTVSPropertyOp45
 70
     1
102
RTVSPropertyOp46
 70
     1
102
RTVSPropertyOp47
 70
     1
102
RTVSPropertyOp48
 70
     1
102
RTVSPropertyOp49
 70
     1
102
RTVSPropertyOp50
 70
     1
102
RTVSPropertyOp51
 70
     0
102
RTVSPropertyOp52
 70
     0
102
RTVSPropertyOp53
 70
     1
102
RTVSPropertyOp54
 70
     1
102
RTVSPropertyOp55
 70
     1
102
RTVSPropertyOp56
 70
     1
102
RTVSPropertyOp57
 70
     1
102
RTVSPost2010Prop28
280
     0
102
RTVSPost2010PropOp28
 70
     1
102
RTVSPost2010Prop29
280
     1
102
RTVSPost2010PropOp29
 70
     1
102
RTVSPost2010Prop30
280
     1
102
RTVSPost2010PropOp30
 70
     1
102
RTVSPost2010Prop31
280
     0
102
RTVSPost2010PropOp31
 70
     1
102
RTVSPost2010Prop32
280
     0
102
RTVSPost2010PropOp32
 70
     1
102
RTVSPost2010Prop33
280
     0
102
RTVSPost2010PropOp33
 70
     1
102
RTVSPost2010Prop34
280
     0
102
RTVSPost2010PropOp34
 70
     1
102
RTVSPost2010Prop35
280
     0
102
RTVSPost2010PropOp35
 70
     1
102
RTVSPost2010Prop36
280
     0
102
RTVSPost2010PropOp36
 70
     1
102
RTVSPost2010Prop37
 90
       50
102
RTVSPost2010PropOp37
 70
     1
102
RTVSPost2010Prop38
140
0.0
102
RTVSPost2010PropOp38
 70
     1
102
RTVSPost2010Prop39
140
1.0
102
RTVSPost2010PropOp39
 70
     1
102
RTVSPost2010Prop40
 90
        0
102
RTVSPost2010PropOp40
 70
     1
102
RTVSPost2010Prop41ColorIndex
 90
       18
102
RTVSPost2010Prop41ColorRGB
 90
        0
102
RTVSPost2010PropOp41
 70
     1
102
RTVSPost2010Prop42
 90
       50
102
RTVSPost2010PropOp42
 70
     1
102
RTVSPost2010Prop43
 90
        3
102
RTVSPost2010PropOp43
 70
     1
102
RTVSPost2010Prop44ColorIndex
 90
        5
102
RTVSPost2010Prop44ColorRGB
 90
      255
102
RTVSPost2010PropOp44
 70
     1
102
RTVSPost2010Prop45
280
     0
102
RTVSPost2010PropOp45
 70
     1
102
RTVSPost2010Prop46
 90
       50
102
RTVSPost2010PropOp46
 70
     1
102
RTVSPost2010Prop47
 90
       50
102
RTVSPost2010PropOp47
 70
     1
102
RTVSPost2010Prop48
 90
       50
102
RTVSPost2010PropOp48
 70
     1
102
RTVSPost2010Prop49
280
     0
102
RTVSPost2010PropOp49
 70
     1
102
RTVSPost2010Prop50
 90
       50
102
RTVSPost2010PropOp50
 70
     1
102
RTVSPost2010Prop51ColorIndex
 90
      256
102
RTVSPost2010Prop51ColorRGB
 90
-16777216
102
RTVSPost2010PropOp51
 70
     0
102
RTVSPost2010Prop52
140
1.0
102
RTVSPost2010PropOp52
 70
     0
102
RTVSPost2010Prop53
 90
        2
102
RTVSPost2010PropOp53
 70
     1
102
RTVSPost2010Prop54
  1
strokes_ogs.tif
102
RTVSPost2010PropOp54
 70
     1
102
RTVSPost2010Prop55
280
     0
102
RTVSPost2010PropOp55
 70
     1
102
RTVSPost2010Prop56
140
1.0
102
RTVSPost2010PropOp56
 70
     1
102
RTVSPost2010Prop57
140
1.0
102
RTVSPost2010PropOp57
 70
     1
  0
XRECORD
  5
46B
102
{ACAD_REACTORS
330
46A
102
}
330
46A
100
AcDbXrecord
280
     1
102
RTVSPropertyOp0
 70
     1
102
RTVSPropertyOp1
 70
     1
102
RTVSPropertyOp2
 70
     1
102
RTVSPropertyOp3
 70
     1
102
RTVSPropertyOp4
 70
     1
102
RTVSPropertyOp5
 70
     1
102
RTVSPropertyOp6
 70
     1
102
RTVSPropertyOp7
 70
     1
102
RTVSPropertyOp8
 70
     1
102
RTVSPropertyOp9
 70
     1
102
RTVSPropertyOp10
 70
     1
102
RTVSPropertyOp11
 70
     1
102
RTVSPropertyOp12
 70
     1
102
RTVSPropertyOp13
 70
     1
102
RTVSPropertyOp14
 70
     1
102
RTVSPropertyOp15
 70
     1
102
RTVSPropertyOp16
 70
     1
102
RTVSPropertyOp17
 70
     1
102
RTVSPropertyOp18
 70
     1
102
RTVSPropertyOp19
 70
     1
102
RTVSPropertyOp20
 70
     1
102
RTVSPropertyOp21
 70
     1
102
RTVSPropertyOp22
 70
     1
102
RTVSPropertyOp23
 70
     1
102
RTVSPropertyOp24
 70
     1
102
RTVSPropertyOp25
 70
     1
102
RTVSPropertyOp26
 70
     1
102
RTVSPropertyOp27
 70
     1
102
RTVSPropertyOp28
 70
     1
102
RTVSPropertyOp29
 70
     1
102
RTVSPropertyOp30
 70
     1
102
RTVSPropertyOp31
 70
     1
102
RTVSPropertyOp32
 70
     1
102
RTVSPropertyOp33
 70
     1
102
RTVSPropertyOp34
 70
     1
102
RTVSPropertyOp35
 70
     1
102
RTVSPropertyOp36
 70
     1
102
RTVSPropertyOp37
 70
     1
102
RTVSPropertyOp38
 70
     1
102
RTVSPropertyOp39
 70
     1
102
RTVSPropertyOp40
 70
     1
102
RTVSPropertyOp41
 70
     1
102
RTVSPropertyOp42
 70
     1
102
RTVSPropertyOp43
 70
     1
102
RTVSPropertyOp44
 70
     1
102
RTVSPropertyOp45
 70
     1
102
RTVSPropertyOp46
 70
     1
102
RTVSPropertyOp47
 70
     1
102
RTVSPropertyOp48
 70
     1
102
RTVSPropertyOp49
 70
     1
102
RTVSPropertyOp50
 70
     1
102
RTVSPropertyOp51
 70
     0
102
RTVSPropertyOp52
 70
     0
102
RTVSPropertyOp53
 70
     1
102
RTVSPropertyOp54
 70
     1
102
RTVSPropertyOp55
 70
     1
102
RTVSPropertyOp56
 70
     1
102
RTVSPropertyOp57
 70
     1
102
RTVSPost2010Prop28
280
     0
102
RTVSPost2010PropOp28
 70
     1
102
RTVSPost2010Prop29
280
     1
102
RTVSPost2010PropOp29
 70
     1
102
RTVSPost2010Prop30
280
     1
102
RTVSPost2010PropOp30
 70
     1
102
RTVSPost2010Prop31
280
     0
102
RTVSPost2010PropOp31
 70
     1
102
RTVSPost2010Prop32
280
     0
102
RTVSPost2010PropOp32
 70
     1
102
RTVSPost2010Prop33
280
     0
102
RTVSPost2010PropOp33
 70
     1
102
RTVSPost2010Prop34
280
     0
102
RTVSPost2010PropOp34
 70
     1
102
RTVSPost2010Prop35
280
     0
102
RTVSPost2010PropOp35
 70
     1
102
RTVSPost2010Prop36
280
     0
102
RTVSPost2010PropOp36
 70
     1
102
RTVSPost2010Prop37
 90
       50
102
RTVSPost2010PropOp37
 70
     1
102
RTVSPost2010Prop38
140
0.0
102
RTVSPost2010PropOp38
 70
     1
102
RTVSPost2010Prop39
140
1.0
102
RTVSPost2010PropOp39
 70
     1
102
RTVSPost2010Prop40
 90
        0
102
RTVSPost2010PropOp40
 70
     1
102
RTVSPost2010Prop41ColorIndex
 90
       18
102
RTVSPost2010Prop41ColorRGB
 90
        0
102
RTVSPost2010PropOp41
 70
     1
102
RTVSPost2010Prop42
 90
       50
102
RTVSPost2010PropOp42
 70
     1
102
RTVSPost2010Prop43
 90
        3
102
RTVSPost2010PropOp43
 70
     1
102
RTVSPost2010Prop44ColorIndex
 90
        5
102
RTVSPost2010Prop44ColorRGB
 90
      255
102
RTVSPost2010PropOp44
 70
     1
102
RTVSPost2010Prop45
280
     0
102
RTVSPost2010PropOp45
 70
     1
102
RTVSPost2010Prop46
 90
       50
102
RTVSPost2010PropOp46
 70
     1
102
RTVSPost2010Prop47
 90
       50
102
RTVSPost2010PropOp47
 70
     1
102
RTVSPost2010Prop48
 90
       50
102
RTVSPost2010PropOp48
 70
     1
102
RTVSPost2010Prop49
280
     0
102
RTVSPost2010PropOp49
 70
     1
102
RTVSPost2010Prop50
 90
       50
102
RTVSPost2010PropOp50
 70
     1
102
RTVSPost2010Prop51ColorIndex
 90
      256
102
RTVSPost2010Prop51ColorRGB
 90
-16777216
102
RTVSPost2010PropOp51
 70
     0
102
RTVSPost2010Prop52
140
1.0
102
RTVSPost2010PropOp52
 70
     0
102
RTVSPost2010Prop53
 90
        2
102
RTVSPost2010PropOp53
 70
     1
102
RTVSPost2010Prop54
  1
strokes_ogs.tif
102
RTVSPost2010PropOp54
 70
     1
102
RTVSPost2010Prop55
280
     0
102
RTVSPost2010PropOp55
 70
     1
102
RTVSPost2010Prop56
140
1.0
102
RTVSPost2010PropOp56
 70
     1
102
RTVSPost2010Prop57
140
1.0
102
RTVSPost2010PropOp57
 70
     1
  0
XRECORD
  5
47F
102
{ACAD_REACTORS
330
47E
102
}
330
47E
100
AcDbXrecord
280
     1
102
RTVSPropertyOp0
 70
     0
102
RTVSPropertyOp1
 70
     0
102
RTVSPropertyOp2
 70
     0
102
RTVSPropertyOp3
 70
     0
102
RTVSPropertyOp4
 70
     0
102
RTVSPropertyOp5
 70
     0
102
RTVSPropertyOp6
 70
     0
102
RTVSPropertyOp7
 70
     0
102
RTVSPropertyOp8
 70
     0
102
RTVSPropertyOp9
 70
     0
102
RTVSPropertyOp10
 70
     0
102
RTVSPropertyOp11
 70
     0
102
RTVSPropertyOp12
 70
     0
102
RTVSPropertyOp13
 70
     0
102
RTVSPropertyOp14
 70
     2
102
RTVSPropertyOp15
 70
     0
102
RTVSPropertyOp16
 70
     0
102
RTVSPropertyOp17
 70
     0
102
RTVSPropertyOp18
 70
     0
102
RTVSPropertyOp19
 70
     0
102
RTVSPropertyOp20
 70
     0
102
RTVSPropertyOp21
 70
     0
102
RTVSPropertyOp22
 70
     0
102
RTVSPropertyOp23
 70
     0
102
RTVSPropertyOp24
 70
     0
102
RTVSPropertyOp25
 70
     0
102
RTVSPropertyOp26
 70
     0
102
RTVSPropertyOp27
 70
     0
102
RTVSPropertyOp28
 70
     0
102
RTVSPropertyOp29
 70
     0
102
RTVSPropertyOp30
 70
     0
102
RTVSPropertyOp31
 70
     0
102
RTVSPropertyOp32
 70
     0
102
RTVSPropertyOp33
 70
     0
102
RTVSPropertyOp34
 70
     0
102
RTVSPropertyOp35
 70
     0
102
RTVSPropertyOp36
 70
     0
102
RTVSPropertyOp37
 70
     0
102
RTVSPropertyOp38
 70
     0
102
RTVSPropertyOp39
 70
     0
102
RTVSPropertyOp40
 70
     0
102
RTVSPropertyOp41
 70
     0
102
RTVSPropertyOp42
 70
     0
102
RTVSPropertyOp43
 70
     0
102
RTVSPropertyOp44
 70
     0
102
RTVSPropertyOp45
 70
     0
102
RTVSPropertyOp46
 70
     0
102
RTVSPropertyOp47
 70
     0
102
RTVSPropertyOp48
 70
     0
102
RTVSPropertyOp49
 70
     0
102
RTVSPropertyOp50
 70
     0
102
RTVSPropertyOp51
 70
     0
102
RTVSPropertyOp52
 70
     0
102
RTVSPropertyOp53
 70
     0
102
RTVSPropertyOp54
 70
     0
102
RTVSPropertyOp55
 70
     0
102
RTVSPropertyOp56
 70
     0
102
RTVSPropertyOp57
 70
     0
102
RTVSPost2010Prop28
280
     0
102
RTVSPost2010PropOp28
 70
     0
102
RTVSPost2010Prop29
280
     1
102
RTVSPost2010PropOp29
 70
     0
102
RTVSPost2010Prop30
280
     1
102
RTVSPost2010PropOp30
 70
     0
102
RTVSPost2010Prop31
280
     0
102
RTVSPost2010PropOp31
 70
     0
102
RTVSPost2010Prop32
280
     0
102
RTVSPost2010PropOp32
 70
     0
102
RTVSPost2010Prop33
280
     0
102
RTVSPost2010PropOp33
 70
     0
102
RTVSPost2010Prop34
280
     0
102
RTVSPost2010PropOp34
 70
     0
102
RTVSPost2010Prop35
280
     0
102
RTVSPost2010PropOp35
 70
     0
102
RTVSPost2010Prop36
280
     0
102
RTVSPost2010PropOp36
 70
     0
102
RTVSPost2010Prop37
 90
       50
102
RTVSPost2010PropOp37
 70
     0
102
RTVSPost2010Prop38
140
0.0
102
RTVSPost2010PropOp38
 70
     0
102
RTVSPost2010Prop39
140
1.0
102
RTVSPost2010PropOp39
 70
     0
102
RTVSPost2010Prop40
 90
        0
102
RTVSPost2010PropOp40
 70
     0
102
RTVSPost2010Prop41ColorIndex
 90
       18
102
RTVSPost2010Prop41ColorRGB
 90
        0
102
RTVSPost2010PropOp41
 70
     0
102
RTVSPost2010Prop42
 90
       50
102
RTVSPost2010PropOp42
 70
     0
102
RTVSPost2010Prop43
 90
        3
102
RTVSPost2010PropOp43
 70
     0
102
RTVSPost2010Prop44ColorIndex
 90
        5
102
RTVSPost2010Prop44ColorRGB
 90
      255
102
RTVSPost2010PropOp44
 70
     0
102
RTVSPost2010Prop45
280
     0
102
RTVSPost2010PropOp45
 70
     0
102
RTVSPost2010Prop46
 90
       50
102
RTVSPost2010PropOp46
 70
     0
102
RTVSPost2010Prop47
 90
       50
102
RTVSPost2010PropOp47
 70
     0
102
RTVSPost2010Prop48
 90
       50
102
RTVSPost2010PropOp48
 70
     0
102
RTVSPost2010Prop49
280
     0
102
RTVSPost2010PropOp49
 70
     0
102
RTVSPost2010Prop50
 90
       50
102
RTVSPost2010PropOp50
 70
     0
102
RTVSPost2010Prop51ColorIndex
 90
      256
102
RTVSPost2010Prop51ColorRGB
 90
-16777216
102
RTVSPost2010PropOp51
 70
     0
102
RTVSPost2010Prop52
140
1.0
102
RTVSPost2010PropOp52
 70
     0
102
RTVSPost2010Prop53
 90
        2
102
RTVSPost2010PropOp53
 70
     0
102
RTVSPost2010Prop54
  1
strokes_ogs.tif
102
RTVSPost2010PropOp54
 70
     0
102
RTVSPost2010Prop55
280
     0
102
RTVSPost2010PropOp55
 70
     0
102
RTVSPost2010Prop56
140
1.0
102
RTVSPost2010PropOp56
 70
     0
102
RTVSPost2010Prop57
140
1.0
102
RTVSPost2010PropOp57
 70
     0
  0
XRECORD
  5
479
102
{ACAD_REACTORS
330
478
102
}
330
478
100
AcDbXrecord
280
     1
102
RTVSPropertyOp0
 70
     1
102
RTVSPropertyOp1
 70
     1
102
RTVSPropertyOp2
 70
     1
102
RTVSPropertyOp3
 70
     1
102
RTVSPropertyOp4
 70
     1
102
RTVSPropertyOp5
 70
     1
102
RTVSPropertyOp6
 70
     1
102
RTVSPropertyOp7
 70
     1
102
RTVSPropertyOp8
 70
     1
102
RTVSPropertyOp9
 70
     1
102
RTVSPropertyOp10
 70
     1
102
RTVSPropertyOp11
 70
     1
102
RTVSPropertyOp12
 70
     1
102
RTVSPropertyOp13
 70
     1
102
RTVSPropertyOp14
 70
     1
102
RTVSPropertyOp15
 70
     1
102
RTVSPropertyOp16
 70
     1
102
RTVSPropertyOp17
 70
     1
102
RTVSPropertyOp18
 70
     1
102
RTVSPropertyOp19
 70
     1
102
RTVSPropertyOp20
 70
     1
102
RTVSPropertyOp21
 70
     1
102
RTVSPropertyOp22
 70
     1
102
RTVSPropertyOp23
 70
     1
102
RTVSPropertyOp24
 70
     1
102
RTVSPropertyOp25
 70
     1
102
RTVSPropertyOp26
 70
     1
102
RTVSPropertyOp27
 70
     1
102
RTVSPropertyOp28
 70
     1
102
RTVSPropertyOp29
 70
     1
102
RTVSPropertyOp30
 70
     1
102
RTVSPropertyOp31
 70
     1
102
RTVSPropertyOp32
 70
     1
102
RTVSPropertyOp33
 70
     1
102
RTVSPropertyOp34
 70
     1
102
RTVSPropertyOp35
 70
     1
102
RTVSPropertyOp36
 70
     1
102
RTVSPropertyOp37
 70
     1
102
RTVSPropertyOp38
 70
     1
102
RTVSPropertyOp39
 70
     1
102
RTVSPropertyOp40
 70
     1
102
RTVSPropertyOp41
 70
     1
102
RTVSPropertyOp42
 70
     1
102
RTVSPropertyOp43
 70
     1
102
RTVSPropertyOp44
 70
     1
102
RTVSPropertyOp45
 70
     1
102
RTVSPropertyOp46
 70
     1
102
RTVSPropertyOp47
 70
     1
102
RTVSPropertyOp48
 70
     1
102
RTVSPropertyOp49
 70
     1
102
RTVSPropertyOp50
 70
     1
102
RTVSPropertyOp51
 70
     0
102
RTVSPropertyOp52
 70
     0
102
RTVSPropertyOp53
 70
     1
102
RTVSPropertyOp54
 70
     1
102
RTVSPropertyOp55
 70
     1
102
RTVSPropertyOp56
 70
     1
102
RTVSPropertyOp57
 70
     1
102
RTVSPost2010Prop28
280
     0
102
RTVSPost2010PropOp28
 70
     1
102
RTVSPost2010Prop29
280
     1
102
RTVSPost2010PropOp29
 70
     1
102
RTVSPost2010Prop30
280
     1
102
RTVSPost2010PropOp30
 70
     1
102
RTVSPost2010Prop31
280
     0
102
RTVSPost2010PropOp31
 70
     1
102
RTVSPost2010Prop32
280
     0
102
RTVSPost2010PropOp32
 70
     1
102
RTVSPost2010Prop33
280
     0
102
RTVSPost2010PropOp33
 70
     1
102
RTVSPost2010Prop34
280
     0
102
RTVSPost2010PropOp34
 70
     1
102
RTVSPost2010Prop35
280
     0
102
RTVSPost2010PropOp35
 70
     1
102
RTVSPost2010Prop36
280
     0
102
RTVSPost2010PropOp36
 70
     1
102
RTVSPost2010Prop37
 90
       50
102
RTVSPost2010PropOp37
 70
     1
102
RTVSPost2010Prop38
140
0.0
102
RTVSPost2010PropOp38
 70
     1
102
RTVSPost2010Prop39
140
1.0
102
RTVSPost2010PropOp39
 70
     1
102
RTVSPost2010Prop40
 90
        0
102
RTVSPost2010PropOp40
 70
     1
102
RTVSPost2010Prop41ColorIndex
 90
       18
102
RTVSPost2010Prop41ColorRGB
 90
        0
102
RTVSPost2010PropOp41
 70
     1
102
RTVSPost2010Prop42
 90
       50
102
RTVSPost2010PropOp42
 70
     1
102
RTVSPost2010Prop43
 90
        3
102
RTVSPost2010PropOp43
 70
     1
102
RTVSPost2010Prop44ColorIndex
 90
        5
102
RTVSPost2010Prop44ColorRGB
 90
      255
102
RTVSPost2010PropOp44
 70
     1
102
RTVSPost2010Prop45
280
     0
102
RTVSPost2010PropOp45
 70
     1
102
RTVSPost2010Prop46
 90
       50
102
RTVSPost2010PropOp46
 70
     1
102
RTVSPost2010Prop47
 90
       50
102
RTVSPost2010PropOp47
 70
     1
102
RTVSPost2010Prop48
 90
       50
102
RTVSPost2010PropOp48
 70
     1
102
RTVSPost2010Prop49
280
     0
102
RTVSPost2010PropOp49
 70
     1
102
RTVSPost2010Prop50
 90
       50
102
RTVSPost2010PropOp50
 70
     1
102
RTVSPost2010Prop51ColorIndex
 90
      256
102
RTVSPost2010Prop51ColorRGB
 90
-16777216
102
RTVSPost2010PropOp51
 70
     0
102
RTVSPost2010Prop52
140
1.0
102
RTVSPost2010PropOp52
 70
     0
102
RTVSPost2010Prop53
 90
        2
102
RTVSPost2010PropOp53
 70
     1
102
RTVSPost2010Prop54
  1
strokes_ogs.tif
102
RTVSPost2010PropOp54
 70
     1
102
RTVSPost2010Prop55
280
     0
102
RTVSPost2010PropOp55
 70
     1
102
RTVSPost2010Prop56
140
1.0
102
RTVSPost2010PropOp56
 70
     1
102
RTVSPost2010Prop57
140
1.0
102
RTVSPost2010PropOp57
 70
     1
  0
XRECORD
  5
481
102
{ACAD_REACTORS
330
480
102
}
330
480
100
AcDbXrecord
280
     1
102
RTVSPropertyOp0
 70
     0
102
RTVSPropertyOp1
 70
     0
102
RTVSPropertyOp2
 70
     0
102
RTVSPropertyOp3
 70
     0
102
RTVSPropertyOp4
 70
     0
102
RTVSPropertyOp5
 70
     0
102
RTVSPropertyOp6
 70
     0
102
RTVSPropertyOp7
 70
     0
102
RTVSPropertyOp8
 70
     0
102
RTVSPropertyOp9
 70
     0
102
RTVSPropertyOp10
 70
     0
102
RTVSPropertyOp11
 70
     0
102
RTVSPropertyOp12
 70
     0
102
RTVSPropertyOp13
 70
     0
102
RTVSPropertyOp14
 70
     2
102
RTVSPropertyOp15
 70
     0
102
RTVSPropertyOp16
 70
     0
102
RTVSPropertyOp17
 70
     0
102
RTVSPropertyOp18
 70
     0
102
RTVSPropertyOp19
 70
     0
102
RTVSPropertyOp20
 70
     0
102
RTVSPropertyOp21
 70
     0
102
RTVSPropertyOp22
 70
     0
102
RTVSPropertyOp23
 70
     0
102
RTVSPropertyOp24
 70
     0
102
RTVSPropertyOp25
 70
     0
102
RTVSPropertyOp26
 70
     0
102
RTVSPropertyOp27
 70
     0
102
RTVSPropertyOp28
 70
     0
102
RTVSPropertyOp29
 70
     0
102
RTVSPropertyOp30
 70
     0
102
RTVSPropertyOp31
 70
     0
102
RTVSPropertyOp32
 70
     0
102
RTVSPropertyOp33
 70
     0
102
RTVSPropertyOp34
 70
     0
102
RTVSPropertyOp35
 70
     0
102
RTVSPropertyOp36
 70
     0
102
RTVSPropertyOp37
 70
     0
102
RTVSPropertyOp38
 70
     0
102
RTVSPropertyOp39
 70
     0
102
RTVSPropertyOp40
 70
     0
102
RTVSPropertyOp41
 70
     0
102
RTVSPropertyOp42
 70
     0
102
RTVSPropertyOp43
 70
     0
102
RTVSPropertyOp44
 70
     0
102
RTVSPropertyOp45
 70
     0
102
RTVSPropertyOp46
 70
     0
102
RTVSPropertyOp47
 70
     0
102
RTVSPropertyOp48
 70
     0
102
RTVSPropertyOp49
 70
     0
102
RTVSPropertyOp50
 70
     0
102
RTVSPropertyOp51
 70
     0
102
RTVSPropertyOp52
 70
     0
102
RTVSPropertyOp53
 70
     0
102
RTVSPropertyOp54
 70
     0
102
RTVSPropertyOp55
 70
     0
102
RTVSPropertyOp56
 70
     0
102
RTVSPropertyOp57
 70
     0
102
RTVSPost2010Prop28
280
     0
102
RTVSPost2010PropOp28
 70
     0
102
RTVSPost2010Prop29
280
     1
102
RTVSPost2010PropOp29
 70
     0
102
RTVSPost2010Prop30
280
     1
102
RTVSPost2010PropOp30
 70
     0
102
RTVSPost2010Prop31
280
     0
102
RTVSPost2010PropOp31
 70
     0
102
RTVSPost2010Prop32
280
     0
102
RTVSPost2010PropOp32
 70
     0
102
RTVSPost2010Prop33
280
     0
102
RTVSPost2010PropOp33
 70
     0
102
RTVSPost2010Prop34
280
     0
102
RTVSPost2010PropOp34
 70
     0
102
RTVSPost2010Prop35
280
     0
102
RTVSPost2010PropOp35
 70
     0
102
RTVSPost2010Prop36
280
     0
102
RTVSPost2010PropOp36
 70
     0
102
RTVSPost2010Prop37
 90
       50
102
RTVSPost2010PropOp37
 70
     0
102
RTVSPost2010Prop38
140
0.0
102
RTVSPost2010PropOp38
 70
     0
102
RTVSPost2010Prop39
140
1.0
102
RTVSPost2010PropOp39
 70
     0
102
RTVSPost2010Prop40
 90
        0
102
RTVSPost2010PropOp40
 70
     0
102
RTVSPost2010Prop41ColorIndex
 90
       18
102
RTVSPost2010Prop41ColorRGB
 90
        0
102
RTVSPost2010PropOp41
 70
     0
102
RTVSPost2010Prop42
 90
       50
102
RTVSPost2010PropOp42
 70
     0
102
RTVSPost2010Prop43
 90
        3
102
RTVSPost2010PropOp43
 70
     0
102
RTVSPost2010Prop44ColorIndex
 90
        5
102
RTVSPost2010Prop44ColorRGB
 90
      255
102
RTVSPost2010PropOp44
 70
     0
102
RTVSPost2010Prop45
280
     0
102
RTVSPost2010PropOp45
 70
     0
102
RTVSPost2010Prop46
 90
       50
102
RTVSPost2010PropOp46
 70
     0
102
RTVSPost2010Prop47
 90
       50
102
RTVSPost2010PropOp47
 70
     0
102
RTVSPost2010Prop48
 90
       50
102
RTVSPost2010PropOp48
 70
     0
102
RTVSPost2010Prop49
280
     0
102
RTVSPost2010PropOp49
 70
     0
102
RTVSPost2010Prop50
 90
       50
102
RTVSPost2010PropOp50
 70
     0
102
RTVSPost2010Prop51ColorIndex
 90
      256
102
RTVSPost2010Prop51ColorRGB
 90
-16777216
102
RTVSPost2010PropOp51
 70
     0
102
RTVSPost2010Prop52
140
1.0
102
RTVSPost2010PropOp52
 70
     0
102
RTVSPost2010Prop53
 90
        2
102
RTVSPost2010PropOp53
 70
     0
102
RTVSPost2010Prop54
  1
strokes_ogs.tif
102
RTVSPost2010PropOp54
 70
     0
102
RTVSPost2010Prop55
280
     0
102
RTVSPost2010PropOp55
 70
     0
102
RTVSPost2010Prop56
140
1.0
102
RTVSPost2010PropOp56
 70
     0
102
RTVSPost2010Prop57
140
1.0
102
RTVSPost2010PropOp57
 70
     0
  0
XRECORD
  5
46F
102
{ACAD_REACTORS
330
46E
102
}
330
46E
100
AcDbXrecord
280
     1
102
RTVSPropertyOp0
 70
     1
102
RTVSPropertyOp1
 70
     1
102
RTVSPropertyOp2
 70
     1
102
RTVSPropertyOp3
 70
     1
102
RTVSPropertyOp4
 70
     1
102
RTVSPropertyOp5
 70
     1
102
RTVSPropertyOp6
 70
     1
102
RTVSPropertyOp7
 70
     1
102
RTVSPropertyOp8
 70
     1
102
RTVSPropertyOp9
 70
     1
102
RTVSPropertyOp10
 70
     1
102
RTVSPropertyOp11
 70
     1
102
RTVSPropertyOp12
 70
     1
102
RTVSPropertyOp13
 70
     1
102
RTVSPropertyOp14
 70
     1
102
RTVSPropertyOp15
 70
     1
102
RTVSPropertyOp16
 70
     1
102
RTVSPropertyOp17
 70
     1
102
RTVSPropertyOp18
 70
     1
102
RTVSPropertyOp19
 70
     1
102
RTVSPropertyOp20
 70
     1
102
RTVSPropertyOp21
 70
     1
102
RTVSPropertyOp22
 70
     1
102
RTVSPropertyOp23
 70
     1
102
RTVSPropertyOp24
 70
     1
102
RTVSPropertyOp25
 70
     1
102
RTVSPropertyOp26
 70
     1
102
RTVSPropertyOp27
 70
     1
102
RTVSPropertyOp28
 70
     1
102
RTVSPropertyOp29
 70
     1
102
RTVSPropertyOp30
 70
     1
102
RTVSPropertyOp31
 70
     1
102
RTVSPropertyOp32
 70
     1
102
RTVSPropertyOp33
 70
     1
102
RTVSPropertyOp34
 70
     1
102
RTVSPropertyOp35
 70
     1
102
RTVSPropertyOp36
 70
     1
102
RTVSPropertyOp37
 70
     1
102
RTVSPropertyOp38
 70
     1
102
RTVSPropertyOp39
 70
     1
102
RTVSPropertyOp40
 70
     1
102
RTVSPropertyOp41
 70
     1
102
RTVSPropertyOp42
 70
     1
102
RTVSPropertyOp43
 70
     1
102
RTVSPropertyOp44
 70
     1
102
RTVSPropertyOp45
 70
     1
102
RTVSPropertyOp46
 70
     1
102
RTVSPropertyOp47
 70
     1
102
RTVSPropertyOp48
 70
     1
102
RTVSPropertyOp49
 70
     1
102
RTVSPropertyOp50
 70
     1
102
RTVSPropertyOp51
 70
     0
102
RTVSPropertyOp52
 70
     0
102
RTVSPropertyOp53
 70
     1
102
RTVSPropertyOp54
 70
     1
102
RTVSPropertyOp55
 70
     1
102
RTVSPropertyOp56
 70
     1
102
RTVSPropertyOp57
 70
     1
102
RTVSPost2010Prop28
280
     0
102
RTVSPost2010PropOp28
 70
     1
102
RTVSPost2010Prop29
280
     1
102
RTVSPost2010PropOp29
 70
     1
102
RTVSPost2010Prop30
280
     1
102
RTVSPost2010PropOp30
 70
     1
102
RTVSPost2010Prop31
280
     0
102
RTVSPost2010PropOp31
 70
     1
102
RTVSPost2010Prop32
280
     0
102
RTVSPost2010PropOp32
 70
     1
102
RTVSPost2010Prop33
280
     0
102
RTVSPost2010PropOp33
 70
     1
102
RTVSPost2010Prop34
280
     0
102
RTVSPost2010PropOp34
 70
     1
102
RTVSPost2010Prop35
280
     0
102
RTVSPost2010PropOp35
 70
     1
102
RTVSPost2010Prop36
280
     0
102
RTVSPost2010PropOp36
 70
     1
102
RTVSPost2010Prop37
 90
       50
102
RTVSPost2010PropOp37
 70
     1
102
RTVSPost2010Prop38
140
0.0
102
RTVSPost2010PropOp38
 70
     1
102
RTVSPost2010Prop39
140
1.0
102
RTVSPost2010PropOp39
 70
     1
102
RTVSPost2010Prop40
 90
        0
102
RTVSPost2010PropOp40
 70
     1
102
RTVSPost2010Prop41ColorIndex
 90
       18
102
RTVSPost2010Prop41ColorRGB
 90
        0
102
RTVSPost2010PropOp41
 70
     1
102
RTVSPost2010Prop42
 90
       50
102
RTVSPost2010PropOp42
 70
     1
102
RTVSPost2010Prop43
 90
        3
102
RTVSPost2010PropOp43
 70
     1
102
RTVSPost2010Prop44ColorIndex
 90
        5
102
RTVSPost2010Prop44ColorRGB
 90
      255
102
RTVSPost2010PropOp44
 70
     1
102
RTVSPost2010Prop45
280
     0
102
RTVSPost2010PropOp45
 70
     1
102
RTVSPost2010Prop46
 90
       50
102
RTVSPost2010PropOp46
 70
     1
102
RTVSPost2010Prop47
 90
       50
102
RTVSPost2010PropOp47
 70
     1
102
RTVSPost2010Prop48
 90
       50
102
RTVSPost2010PropOp48
 70
     1
102
RTVSPost2010Prop49
280
     0
102
RTVSPost2010PropOp49
 70
     1
102
RTVSPost2010Prop50
 90
       50
102
RTVSPost2010PropOp50
 70
     1
102
RTVSPost2010Prop51ColorIndex
 90
      256
102
RTVSPost2010Prop51ColorRGB
 90
-16777216
102
RTVSPost2010PropOp51
 70
     0
102
RTVSPost2010Prop52
140
1.0
102
RTVSPost2010PropOp52
 70
     0
102
RTVSPost2010Prop53
 90
        2
102
RTVSPost2010PropOp53
 70
     1
102
RTVSPost2010Prop54
  1
strokes_ogs.tif
102
RTVSPost2010PropOp54
 70
     1
102
RTVSPost2010Prop55
280
     0
102
RTVSPost2010PropOp55
 70
     1
102
RTVSPost2010Prop56
140
1.0
102
RTVSPost2010PropOp56
 70
     1
102
RTVSPost2010Prop57
140
1.0
102
RTVSPost2010PropOp57
 70
     1
  0
XRECORD
  5
48D
102
{ACAD_REACTORS
330
48C
102
}
330
48C
100
AcDbXrecord
280
     1
102
RTVSPropertyOp0
 70
     1
102
RTVSPropertyOp1
 70
     1
102
RTVSPropertyOp2
 70
     1
102
RTVSPropertyOp3
 70
     1
102
RTVSPropertyOp4
 70
     1
102
RTVSPropertyOp5
 70
     1
102
RTVSPropertyOp6
 70
     1
102
RTVSPropertyOp7
 70
     1
102
RTVSPropertyOp8
 70
     1
102
RTVSPropertyOp9
 70
     1
102
RTVSPropertyOp10
 70
     1
102
RTVSPropertyOp11
 70
     1
102
RTVSPropertyOp12
 70
     1
102
RTVSPropertyOp13
 70
     1
102
RTVSPropertyOp14
 70
     1
102
RTVSPropertyOp15
 70
     1
102
RTVSPropertyOp16
 70
     1
102
RTVSPropertyOp17
 70
     1
102
RTVSPropertyOp18
 70
     1
102
RTVSPropertyOp19
 70
     1
102
RTVSPropertyOp20
 70
     1
102
RTVSPropertyOp21
 70
     1
102
RTVSPropertyOp22
 70
     1
102
RTVSPropertyOp23
 70
     1
102
RTVSPropertyOp24
 70
     1
102
RTVSPropertyOp25
 70
     1
102
RTVSPropertyOp26
 70
     1
102
RTVSPropertyOp27
 70
     1
102
RTVSPropertyOp28
 70
     1
102
RTVSPropertyOp29
 70
     1
102
RTVSPropertyOp30
 70
     1
102
RTVSPropertyOp31
 70
     1
102
RTVSPropertyOp32
 70
     1
102
RTVSPropertyOp33
 70
     1
102
RTVSPropertyOp34
 70
     1
102
RTVSPropertyOp35
 70
     1
102
RTVSPropertyOp36
 70
     1
102
RTVSPropertyOp37
 70
     1
102
RTVSPropertyOp38
 70
     1
102
RTVSPropertyOp39
 70
     1
102
RTVSPropertyOp40
 70
     1
102
RTVSPropertyOp41
 70
     1
102
RTVSPropertyOp42
 70
     1
102
RTVSPropertyOp43
 70
     1
102
RTVSPropertyOp44
 70
     1
102
RTVSPropertyOp45
 70
     1
102
RTVSPropertyOp46
 70
     1
102
RTVSPropertyOp47
 70
     1
102
RTVSPropertyOp48
 70
     1
102
RTVSPropertyOp49
 70
     1
102
RTVSPropertyOp50
 70
     1
102
RTVSPropertyOp51
 70
     0
102
RTVSPropertyOp52
 70
     0
102
RTVSPropertyOp53
 70
     1
102
RTVSPropertyOp54
 70
     1
102
RTVSPropertyOp55
 70
     1
102
RTVSPropertyOp56
 70
     1
102
RTVSPropertyOp57
 70
     1
102
RTVSPost2010Prop28
280
     0
102
RTVSPost2010PropOp28
 70
     1
102
RTVSPost2010Prop29
280
     1
102
RTVSPost2010PropOp29
 70
     1
102
RTVSPost2010Prop30
280
     1
102
RTVSPost2010PropOp30
 70
     1
102
RTVSPost2010Prop31
280
     0
102
RTVSPost2010PropOp31
 70
     1
102
RTVSPost2010Prop32
280
     0
102
RTVSPost2010PropOp32
 70
     1
102
RTVSPost2010Prop33
280
     0
102
RTVSPost2010PropOp33
 70
     1
102
RTVSPost2010Prop34
280
     0
102
RTVSPost2010PropOp34
 70
     1
102
RTVSPost2010Prop35
280
     0
102
RTVSPost2010PropOp35
 70
     1
102
RTVSPost2010Prop36
280
     0
102
RTVSPost2010PropOp36
 70
     1
102
RTVSPost2010Prop37
 90
       50
102
RTVSPost2010PropOp37
 70
     1
102
RTVSPost2010Prop38
140
0.0
102
RTVSPost2010PropOp38
 70
     1
102
RTVSPost2010Prop39
140
1.0
102
RTVSPost2010PropOp39
 70
     1
102
RTVSPost2010Prop40
 90
        0
102
RTVSPost2010PropOp40
 70
     1
102
RTVSPost2010Prop41ColorIndex
 90
       18
102
RTVSPost2010Prop41ColorRGB
 90
        0
102
RTVSPost2010PropOp41
 70
     1
102
RTVSPost2010Prop42
 90
       50
102
RTVSPost2010PropOp42
 70
     1
102
RTVSPost2010Prop43
 90
        3
102
RTVSPost2010PropOp43
 70
     1
102
RTVSPost2010Prop44ColorIndex
 90
        5
102
RTVSPost2010Prop44ColorRGB
 90
      255
102
RTVSPost2010PropOp44
 70
     1
102
RTVSPost2010Prop45
280
     0
102
RTVSPost2010PropOp45
 70
     1
102
RTVSPost2010Prop46
 90
       50
102
RTVSPost2010PropOp46
 70
     1
102
RTVSPost2010Prop47
 90
       50
102
RTVSPost2010PropOp47
 70
     1
102
RTVSPost2010Prop48
 90
       50
102
RTVSPost2010PropOp48
 70
     1
102
RTVSPost2010Prop49
280
     0
102
RTVSPost2010PropOp49
 70
     1
102
RTVSPost2010Prop50
 90
       50
102
RTVSPost2010PropOp50
 70
     1
102
RTVSPost2010Prop51ColorIndex
 90
      256
102
RTVSPost2010Prop51ColorRGB
 90
-16777216
102
RTVSPost2010PropOp51
 70
     0
102
RTVSPost2010Prop52
140
1.0
102
RTVSPost2010PropOp52
 70
     0
102
RTVSPost2010Prop53
 90
        2
102
RTVSPost2010PropOp53
 70
     1
102
RTVSPost2010Prop54
  1
strokes_ogs.tif
102
RTVSPost2010PropOp54
 70
     1
102
RTVSPost2010Prop55
280
     0
102
RTVSPost2010PropOp55
 70
     1
102
RTVSPost2010Prop56
140
1.0
102
RTVSPost2010PropOp56
 70
     1
102
RTVSPost2010Prop57
140
1.0
102
RTVSPost2010PropOp57
 70
     1
  0
XRECORD
  5
48B
102
{ACAD_REACTORS
330
48A
102
}
330
48A
100
AcDbXrecord
280
     1
102
RTVSPropertyOp0
 70
     1
102
RTVSPropertyOp1
 70
     1
102
RTVSPropertyOp2
 70
     1
102
RTVSPropertyOp3
 70
     1
102
RTVSPropertyOp4
 70
     1
102
RTVSPropertyOp5
 70
     1
102
RTVSPropertyOp6
 70
     1
102
RTVSPropertyOp7
 70
     1
102
RTVSPropertyOp8
 70
     1
102
RTVSPropertyOp9
 70
     1
102
RTVSPropertyOp10
 70
     1
102
RTVSPropertyOp11
 70
     1
102
RTVSPropertyOp12
 70
     1
102
RTVSPropertyOp13
 70
     1
102
RTVSPropertyOp14
 70
     1
102
RTVSPropertyOp15
 70
     1
102
RTVSPropertyOp16
 70
     1
102
RTVSPropertyOp17
 70
     1
102
RTVSPropertyOp18
 70
     1
102
RTVSPropertyOp19
 70
     1
102
RTVSPropertyOp20
 70
     1
102
RTVSPropertyOp21
 70
     1
102
RTVSPropertyOp22
 70
     1
102
RTVSPropertyOp23
 70
     1
102
RTVSPropertyOp24
 70
     1
102
RTVSPropertyOp25
 70
     1
102
RTVSPropertyOp26
 70
     1
102
RTVSPropertyOp27
 70
     1
102
RTVSPropertyOp28
 70
     1
102
RTVSPropertyOp29
 70
     1
102
RTVSPropertyOp30
 70
     1
102
RTVSPropertyOp31
 70
     1
102
RTVSPropertyOp32
 70
     1
102
RTVSPropertyOp33
 70
     1
102
RTVSPropertyOp34
 70
     1
102
RTVSPropertyOp35
 70
     1
102
RTVSPropertyOp36
 70
     1
102
RTVSPropertyOp37
 70
     1
102
RTVSPropertyOp38
 70
     1
102
RTVSPropertyOp39
 70
     1
102
RTVSPropertyOp40
 70
     1
102
RTVSPropertyOp41
 70
     1
102
RTVSPropertyOp42
 70
     1
102
RTVSPropertyOp43
 70
     1
102
RTVSPropertyOp44
 70
     1
102
RTVSPropertyOp45
 70
     1
102
RTVSPropertyOp46
 70
     1
102
RTVSPropertyOp47
 70
     1
102
RTVSPropertyOp48
 70
     1
102
RTVSPropertyOp49
 70
     1
102
RTVSPropertyOp50
 70
     1
102
RTVSPropertyOp51
 70
     0
102
RTVSPropertyOp52
 70
     0
102
RTVSPropertyOp53
 70
     1
102
RTVSPropertyOp54
 70
     1
102
RTVSPropertyOp55
 70
     1
102
RTVSPropertyOp56
 70
     1
102
RTVSPropertyOp57
 70
     1
102
RTVSPost2010Prop28
280
     0
102
RTVSPost2010PropOp28
 70
     1
102
RTVSPost2010Prop29
280
     1
102
RTVSPost2010PropOp29
 70
     1
102
RTVSPost2010Prop30
280
     1
102
RTVSPost2010PropOp30
 70
     1
102
RTVSPost2010Prop31
280
     0
102
RTVSPost2010PropOp31
 70
     1
102
RTVSPost2010Prop32
280
     0
102
RTVSPost2010PropOp32
 70
     1
102
RTVSPost2010Prop33
280
     0
102
RTVSPost2010PropOp33
 70
     1
102
RTVSPost2010Prop34
280
     0
102
RTVSPost2010PropOp34
 70
     1
102
RTVSPost2010Prop35
280
     0
102
RTVSPost2010PropOp35
 70
     1
102
RTVSPost2010Prop36
280
     0
102
RTVSPost2010PropOp36
 70
     1
102
RTVSPost2010Prop37
 90
       50
102
RTVSPost2010PropOp37
 70
     1
102
RTVSPost2010Prop38
140
0.0
102
RTVSPost2010PropOp38
 70
     1
102
RTVSPost2010Prop39
140
1.0
102
RTVSPost2010PropOp39
 70
     1
102
RTVSPost2010Prop40
 90
        0
102
RTVSPost2010PropOp40
 70
     1
102
RTVSPost2010Prop41ColorIndex
 90
       18
102
RTVSPost2010Prop41ColorRGB
 90
        0
102
RTVSPost2010PropOp41
 70
     1
102
RTVSPost2010Prop42
 90
       50
102
RTVSPost2010PropOp42
 70
     1
102
RTVSPost2010Prop43
 90
        3
102
RTVSPost2010PropOp43
 70
     1
102
RTVSPost2010Prop44ColorIndex
 90
        5
102
RTVSPost2010Prop44ColorRGB
 90
      255
102
RTVSPost2010PropOp44
 70
     1
102
RTVSPost2010Prop45
280
     0
102
RTVSPost2010PropOp45
 70
     1
102
RTVSPost2010Prop46
 90
       50
102
RTVSPost2010PropOp46
 70
     1
102
RTVSPost2010Prop47
 90
       50
102
RTVSPost2010PropOp47
 70
     1
102
RTVSPost2010Prop48
 90
       50
102
RTVSPost2010PropOp48
 70
     1
102
RTVSPost2010Prop49
280
     0
102
RTVSPost2010PropOp49
 70
     1
102
RTVSPost2010Prop50
 90
       50
102
RTVSPost2010PropOp50
 70
     1
102
RTVSPost2010Prop51ColorIndex
 90
      256
102
RTVSPost2010Prop51ColorRGB
 90
-16777216
102
RTVSPost2010PropOp51
 70
     0
102
RTVSPost2010Prop52
140
1.0
102
RTVSPost2010PropOp52
 70
     0
102
RTVSPost2010Prop53
 90
        2
102
RTVSPost2010PropOp53
 70
     1
102
RTVSPost2010Prop54
  1
strokes_ogs.tif
102
RTVSPost2010PropOp54
 70
     1
102
RTVSPost2010Prop55
280
     0
102
RTVSPost2010PropOp55
 70
     1
102
RTVSPost2010Prop56
140
1.0
102
RTVSPost2010PropOp56
 70
     1
102
RTVSPost2010Prop57
140
1.0
102
RTVSPost2010PropOp57
 70
     1
  0
XRECORD
  5
485
102
{ACAD_REACTORS
330
484
102
}
330
484
100
AcDbXrecord
280
     1
102
RTVSPropertyOp0
 70
     1
102
RTVSPropertyOp1
 70
     1
102
RTVSPropertyOp2
 70
     1
102
RTVSPropertyOp3
 70
     1
102
RTVSPropertyOp4
 70
     1
102
RTVSPropertyOp5
 70
     1
102
RTVSPropertyOp6
 70
     1
102
RTVSPropertyOp7
 70
     1
102
RTVSPropertyOp8
 70
     1
102
RTVSPropertyOp9
 70
     1
102
RTVSPropertyOp10
 70
     1
102
RTVSPropertyOp11
 70
     1
102
RTVSPropertyOp12
 70
     1
102
RTVSPropertyOp13
 70
     1
102
RTVSPropertyOp14
 70
     1
102
RTVSPropertyOp15
 70
     1
102
RTVSPropertyOp16
 70
     1
102
RTVSPropertyOp17
 70
     1
102
RTVSPropertyOp18
 70
     1
102
RTVSPropertyOp19
 70
     1
102
RTVSPropertyOp20
 70
     1
102
RTVSPropertyOp21
 70
     1
102
RTVSPropertyOp22
 70
     1
102
RTVSPropertyOp23
 70
     1
102
RTVSPropertyOp24
 70
     1
102
RTVSPropertyOp25
 70
     1
102
RTVSPropertyOp26
 70
     1
102
RTVSPropertyOp27
 70
     1
102
RTVSPropertyOp28
 70
     1
102
RTVSPropertyOp29
 70
     1
102
RTVSPropertyOp30
 70
     1
102
RTVSPropertyOp31
 70
     1
102
RTVSPropertyOp32
 70
     1
102
RTVSPropertyOp33
 70
     1
102
RTVSPropertyOp34
 70
     1
102
RTVSPropertyOp35
 70
     1
102
RTVSPropertyOp36
 70
     1
102
RTVSPropertyOp37
 70
     1
102
RTVSPropertyOp38
 70
     1
102
RTVSPropertyOp39
 70
     1
102
RTVSPropertyOp40
 70
     1
102
RTVSPropertyOp41
 70
     1
102
RTVSPropertyOp42
 70
     1
102
RTVSPropertyOp43
 70
     1
102
RTVSPropertyOp44
 70
     1
102
RTVSPropertyOp45
 70
     1
102
RTVSPropertyOp46
 70
     1
102
RTVSPropertyOp47
 70
     1
102
RTVSPropertyOp48
 70
     1
102
RTVSPropertyOp49
 70
     1
102
RTVSPropertyOp50
 70
     1
102
RTVSPropertyOp51
 70
     0
102
RTVSPropertyOp52
 70
     0
102
RTVSPropertyOp53
 70
     1
102
RTVSPropertyOp54
 70
     1
102
RTVSPropertyOp55
 70
     1
102
RTVSPropertyOp56
 70
     1
102
RTVSPropertyOp57
 70
     1
102
RTVSPost2010Prop28
280
     0
102
RTVSPost2010PropOp28
 70
     1
102
RTVSPost2010Prop29
280
     1
102
RTVSPost2010PropOp29
 70
     1
102
RTVSPost2010Prop30
280
     1
102
RTVSPost2010PropOp30
 70
     1
102
RTVSPost2010Prop31
280
     0
102
RTVSPost2010PropOp31
 70
     1
102
RTVSPost2010Prop32
280
     0
102
RTVSPost2010PropOp32
 70
     1
102
RTVSPost2010Prop33
280
     0
102
RTVSPost2010PropOp33
 70
     1
102
RTVSPost2010Prop34
280
     0
102
RTVSPost2010PropOp34
 70
     1
102
RTVSPost2010Prop35
280
     0
102
RTVSPost2010PropOp35
 70
     1
102
RTVSPost2010Prop36
280
     0
102
RTVSPost2010PropOp36
 70
     1
102
RTVSPost2010Prop37
 90
       50
102
RTVSPost2010PropOp37
 70
     1
102
RTVSPost2010Prop38
140
0.0
102
RTVSPost2010PropOp38
 70
     1
102
RTVSPost2010Prop39
140
1.0
102
RTVSPost2010PropOp39
 70
     1
102
RTVSPost2010Prop40
 90
        0
102
RTVSPost2010PropOp40
 70
     1
102
RTVSPost2010Prop41ColorIndex
 90
       18
102
RTVSPost2010Prop41ColorRGB
 90
        0
102
RTVSPost2010PropOp41
 70
     1
102
RTVSPost2010Prop42
 90
       50
102
RTVSPost2010PropOp42
 70
     1
102
RTVSPost2010Prop43
 90
        3
102
RTVSPost2010PropOp43
 70
     1
102
RTVSPost2010Prop44ColorIndex
 90
        5
102
RTVSPost2010Prop44ColorRGB
 90
      255
102
RTVSPost2010PropOp44
 70
     1
102
RTVSPost2010Prop45
280
     0
102
RTVSPost2010PropOp45
 70
     1
102
RTVSPost2010Prop46
 90
       50
102
RTVSPost2010PropOp46
 70
     1
102
RTVSPost2010Prop47
 90
       50
102
RTVSPost2010PropOp47
 70
     1
102
RTVSPost2010Prop48
 90
       50
102
RTVSPost2010PropOp48
 70
     1
102
RTVSPost2010Prop49
280
     0
102
RTVSPost2010PropOp49
 70
     1
102
RTVSPost2010Prop50
 90
       50
102
RTVSPost2010PropOp50
 70
     1
102
RTVSPost2010Prop51ColorIndex
 90
      256
102
RTVSPost2010Prop51ColorRGB
 90
-16777216
102
RTVSPost2010PropOp51
 70
     0
102
RTVSPost2010Prop52
140
1.0
102
RTVSPost2010PropOp52
 70
     0
102
RTVSPost2010Prop53
 90
        2
102
RTVSPost2010PropOp53
 70
     1
102
RTVSPost2010Prop54
  1
strokes_ogs.tif
102
RTVSPost2010PropOp54
 70
     1
102
RTVSPost2010Prop55
280
     0
102
RTVSPost2010PropOp55
 70
     1
102
RTVSPost2010Prop56
140
1.0
102
RTVSPost2010PropOp56
 70
     1
102
RTVSPost2010Prop57
140
1.0
102
RTVSPost2010PropOp57
 70
     1
  0
XRECORD
  5
487
102
{ACAD_REACTORS
330
486
102
}
330
486
100
AcDbXrecord
280
     1
102
RTVSPropertyOp0
 70
     1
102
RTVSPropertyOp1
 70
     1
102
RTVSPropertyOp2
 70
     1
102
RTVSPropertyOp3
 70
     1
102
RTVSPropertyOp4
 70
     1
102
RTVSPropertyOp5
 70
     1
102
RTVSPropertyOp6
 70
     1
102
RTVSPropertyOp7
 70
     1
102
RTVSPropertyOp8
 70
     1
102
RTVSPropertyOp9
 70
     1
102
RTVSPropertyOp10
 70
     1
102
RTVSPropertyOp11
 70
     1
102
RTVSPropertyOp12
 70
     1
102
RTVSPropertyOp13
 70
     1
102
RTVSPropertyOp14
 70
     1
102
RTVSPropertyOp15
 70
     1
102
RTVSPropertyOp16
 70
     1
102
RTVSPropertyOp17
 70
     1
102
RTVSPropertyOp18
 70
     1
102
RTVSPropertyOp19
 70
     1
102
RTVSPropertyOp20
 70
     1
102
RTVSPropertyOp21
 70
     1
102
RTVSPropertyOp22
 70
     1
102
RTVSPropertyOp23
 70
     1
102
RTVSPropertyOp24
 70
     1
102
RTVSPropertyOp25
 70
     1
102
RTVSPropertyOp26
 70
     1
102
RTVSPropertyOp27
 70
     1
102
RTVSPropertyOp28
 70
     1
102
RTVSPropertyOp29
 70
     1
102
RTVSPropertyOp30
 70
     1
102
RTVSPropertyOp31
 70
     1
102
RTVSPropertyOp32
 70
     1
102
RTVSPropertyOp33
 70
     1
102
RTVSPropertyOp34
 70
     1
102
RTVSPropertyOp35
 70
     1
102
RTVSPropertyOp36
 70
     1
102
RTVSPropertyOp37
 70
     1
102
RTVSPropertyOp38
 70
     1
102
RTVSPropertyOp39
 70
     1
102
RTVSPropertyOp40
 70
     1
102
RTVSPropertyOp41
 70
     1
102
RTVSPropertyOp42
 70
     1
102
RTVSPropertyOp43
 70
     1
102
RTVSPropertyOp44
 70
     1
102
RTVSPropertyOp45
 70
     1
102
RTVSPropertyOp46
 70
     1
102
RTVSPropertyOp47
 70
     1
102
RTVSPropertyOp48
 70
     1
102
RTVSPropertyOp49
 70
     1
102
RTVSPropertyOp50
 70
     1
102
RTVSPropertyOp51
 70
     0
102
RTVSPropertyOp52
 70
     0
102
RTVSPropertyOp53
 70
     1
102
RTVSPropertyOp54
 70
     1
102
RTVSPropertyOp55
 70
     1
102
RTVSPropertyOp56
 70
     1
102
RTVSPropertyOp57
 70
     1
102
RTVSPost2010Prop28
280
     0
102
RTVSPost2010PropOp28
 70
     1
102
RTVSPost2010Prop29
280
     1
102
RTVSPost2010PropOp29
 70
     1
102
RTVSPost2010Prop30
280
     1
102
RTVSPost2010PropOp30
 70
     1
102
RTVSPost2010Prop31
280
     0
102
RTVSPost2010PropOp31
 70
     1
102
RTVSPost2010Prop32
280
     0
102
RTVSPost2010PropOp32
 70
     1
102
RTVSPost2010Prop33
280
     0
102
RTVSPost2010PropOp33
 70
     1
102
RTVSPost2010Prop34
280
     0
102
RTVSPost2010PropOp34
 70
     1
102
RTVSPost2010Prop35
280
     0
102
RTVSPost2010PropOp35
 70
     1
102
RTVSPost2010Prop36
280
     0
102
RTVSPost2010PropOp36
 70
     1
102
RTVSPost2010Prop37
 90
       50
102
RTVSPost2010PropOp37
 70
     1
102
RTVSPost2010Prop38
140
0.0
102
RTVSPost2010PropOp38
 70
     1
102
RTVSPost2010Prop39
140
1.0
102
RTVSPost2010PropOp39
 70
     1
102
RTVSPost2010Prop40
 90
        0
102
RTVSPost2010PropOp40
 70
     1
102
RTVSPost2010Prop41ColorIndex
 90
       18
102
RTVSPost2010Prop41ColorRGB
 90
        0
102
RTVSPost2010PropOp41
 70
     1
102
RTVSPost2010Prop42
 90
       50
102
RTVSPost2010PropOp42
 70
     1
102
RTVSPost2010Prop43
 90
        3
102
RTVSPost2010PropOp43
 70
     1
102
RTVSPost2010Prop44ColorIndex
 90
        5
102
RTVSPost2010Prop44ColorRGB
 90
      255
102
RTVSPost2010PropOp44
 70
     1
102
RTVSPost2010Prop45
280
     0
102
RTVSPost2010PropOp45
 70
     1
102
RTVSPost2010Prop46
 90
       50
102
RTVSPost2010PropOp46
 70
     1
102
RTVSPost2010Prop47
 90
       50
102
RTVSPost2010PropOp47
 70
     1
102
RTVSPost2010Prop48
 90
       50
102
RTVSPost2010PropOp48
 70
     1
102
RTVSPost2010Prop49
280
     0
102
RTVSPost2010PropOp49
 70
     1
102
RTVSPost2010Prop50
 90
       50
102
RTVSPost2010PropOp50
 70
     1
102
RTVSPost2010Prop51ColorIndex
 90
      256
102
RTVSPost2010Prop51ColorRGB
 90
-16777216
102
RTVSPost2010PropOp51
 70
     0
102
RTVSPost2010Prop52
140
1.0
102
RTVSPost2010PropOp52
 70
     0
102
RTVSPost2010Prop53
 90
        2
102
RTVSPost2010PropOp53
 70
     1
102
RTVSPost2010Prop54
  1
strokes_ogs.tif
102
RTVSPost2010PropOp54
 70
     1
102
RTVSPost2010Prop55
280
     0
102
RTVSPost2010PropOp55
 70
     1
102
RTVSPost2010Prop56
140
1.0
102
RTVSPost2010PropOp56
 70
     1
102
RTVSPost2010Prop57
140
1.0
102
RTVSPost2010PropOp57
 70
     1
  0
XRECORD
  5
477
102
{ACAD_REACTORS
330
476
102
}
330
476
100
AcDbXrecord
280
     1
102
RTVSPropertyOp0
 70
     1
102
RTVSPropertyOp1
 70
     1
102
RTVSPropertyOp2
 70
     1
102
RTVSPropertyOp3
 70
     1
102
RTVSPropertyOp4
 70
     1
102
RTVSPropertyOp5
 70
     1
102
RTVSPropertyOp6
 70
     1
102
RTVSPropertyOp7
 70
     1
102
RTVSPropertyOp8
 70
     1
102
RTVSPropertyOp9
 70
     1
102
RTVSPropertyOp10
 70
     1
102
RTVSPropertyOp11
 70
     1
102
RTVSPropertyOp12
 70
     1
102
RTVSPropertyOp13
 70
     1
102
RTVSPropertyOp14
 70
     1
102
RTVSPropertyOp15
 70
     1
102
RTVSPropertyOp16
 70
     1
102
RTVSPropertyOp17
 70
     1
102
RTVSPropertyOp18
 70
     1
102
RTVSPropertyOp19
 70
     1
102
RTVSPropertyOp20
 70
     1
102
RTVSPropertyOp21
 70
     1
102
RTVSPropertyOp22
 70
     1
102
RTVSPropertyOp23
 70
     1
102
RTVSPropertyOp24
 70
     1
102
RTVSPropertyOp25
 70
     1
102
RTVSPropertyOp26
 70
     1
102
RTVSPropertyOp27
 70
     1
102
RTVSPropertyOp28
 70
     1
102
RTVSPropertyOp29
 70
     1
102
RTVSPropertyOp30
 70
     1
102
RTVSPropertyOp31
 70
     1
102
RTVSPropertyOp32
 70
     1
102
RTVSPropertyOp33
 70
     1
102
RTVSPropertyOp34
 70
     1
102
RTVSPropertyOp35
 70
     1
102
RTVSPropertyOp36
 70
     1
102
RTVSPropertyOp37
 70
     1
102
RTVSPropertyOp38
 70
     1
102
RTVSPropertyOp39
 70
     1
102
RTVSPropertyOp40
 70
     1
102
RTVSPropertyOp41
 70
     1
102
RTVSPropertyOp42
 70
     1
102
RTVSPropertyOp43
 70
     1
102
RTVSPropertyOp44
 70
     1
102
RTVSPropertyOp45
 70
     1
102
RTVSPropertyOp46
 70
     1
102
RTVSPropertyOp47
 70
     1
102
RTVSPropertyOp48
 70
     1
102
RTVSPropertyOp49
 70
     1
102
RTVSPropertyOp50
 70
     1
102
RTVSPropertyOp51
 70
     0
102
RTVSPropertyOp52
 70
     0
102
RTVSPropertyOp53
 70
     1
102
RTVSPropertyOp54
 70
     1
102
RTVSPropertyOp55
 70
     1
102
RTVSPropertyOp56
 70
     1
102
RTVSPropertyOp57
 70
     1
102
RTVSPost2010Prop28
280
     0
102
RTVSPost2010PropOp28
 70
     1
102
RTVSPost2010Prop29
280
     1
102
RTVSPost2010PropOp29
 70
     1
102
RTVSPost2010Prop30
280
     1
102
RTVSPost2010PropOp30
 70
     1
102
RTVSPost2010Prop31
280
     0
102
RTVSPost2010PropOp31
 70
     1
102
RTVSPost2010Prop32
280
     0
102
RTVSPost2010PropOp32
 70
     1
102
RTVSPost2010Prop33
280
     0
102
RTVSPost2010PropOp33
 70
     1
102
RTVSPost2010Prop34
280
     0
102
RTVSPost2010PropOp34
 70
     1
102
RTVSPost2010Prop35
280
     0
102
RTVSPost2010PropOp35
 70
     1
102
RTVSPost2010Prop36
280
     0
102
RTVSPost2010PropOp36
 70
     1
102
RTVSPost2010Prop37
 90
       50
102
RTVSPost2010PropOp37
 70
     1
102
RTVSPost2010Prop38
140
0.0
102
RTVSPost2010PropOp38
 70
     1
102
RTVSPost2010Prop39
140
1.0
102
RTVSPost2010PropOp39
 70
     1
102
RTVSPost2010Prop40
 90
        0
102
RTVSPost2010PropOp40
 70
     1
102
RTVSPost2010Prop41ColorIndex
 90
       18
102
RTVSPost2010Prop41ColorRGB
 90
        0
102
RTVSPost2010PropOp41
 70
     1
102
RTVSPost2010Prop42
 90
       50
102
RTVSPost2010PropOp42
 70
     1
102
RTVSPost2010Prop43
 90
        3
102
RTVSPost2010PropOp43
 70
     1
102
RTVSPost2010Prop44ColorIndex
 90
        5
102
RTVSPost2010Prop44ColorRGB
 90
      255
102
RTVSPost2010PropOp44
 70
     1
102
RTVSPost2010Prop45
280
     0
102
RTVSPost2010PropOp45
 70
     1
102
RTVSPost2010Prop46
 90
       50
102
RTVSPost2010PropOp46
 70
     1
102
RTVSPost2010Prop47
 90
       50
102
RTVSPost2010PropOp47
 70
     1
102
RTVSPost2010Prop48
 90
       50
102
RTVSPost2010PropOp48
 70
     1
102
RTVSPost2010Prop49
280
     0
102
RTVSPost2010PropOp49
 70
     1
102
RTVSPost2010Prop50
 90
       50
102
RTVSPost2010PropOp50
 70
     1
102
RTVSPost2010Prop51ColorIndex
 90
      256
102
RTVSPost2010Prop51ColorRGB
 90
-16777216
102
RTVSPost2010PropOp51
 70
     0
102
RTVSPost2010Prop52
140
1.0
102
RTVSPost2010PropOp52
 70
     0
102
RTVSPost2010Prop53
 90
        2
102
RTVSPost2010PropOp53
 70
     1
102
RTVSPost2010Prop54
  1
strokes_ogs.tif
102
RTVSPost2010PropOp54
 70
     1
102
RTVSPost2010Prop55
280
     0
102
RTVSPost2010PropOp55
 70
     1
102
RTVSPost2010Prop56
140
1.0
102
RTVSPost2010PropOp56
 70
     1
102
RTVSPost2010Prop57
140
1.0
102
RTVSPost2010PropOp57
 70
     1
  0
XRECORD
  5
469
102
{ACAD_REACTORS
330
468
102
}
330
468
100
AcDbXrecord
280
     1
102
RTVSPropertyOp0
 70
     1
102
RTVSPropertyOp1
 70
     1
102
RTVSPropertyOp2
 70
     1
102
RTVSPropertyOp3
 70
     1
102
RTVSPropertyOp4
 70
     1
102
RTVSPropertyOp5
 70
     1
102
RTVSPropertyOp6
 70
     1
102
RTVSPropertyOp7
 70
     1
102
RTVSPropertyOp8
 70
     1
102
RTVSPropertyOp9
 70
     1
102
RTVSPropertyOp10
 70
     1
102
RTVSPropertyOp11
 70
     1
102
RTVSPropertyOp12
 70
     1
102
RTVSPropertyOp13
 70
     1
102
RTVSPropertyOp14
 70
     1
102
RTVSPropertyOp15
 70
     1
102
RTVSPropertyOp16
 70
     1
102
RTVSPropertyOp17
 70
     1
102
RTVSPropertyOp18
 70
     1
102
RTVSPropertyOp19
 70
     1
102
RTVSPropertyOp20
 70
     1
102
RTVSPropertyOp21
 70
     1
102
RTVSPropertyOp22
 70
     1
102
RTVSPropertyOp23
 70
     1
102
RTVSPropertyOp24
 70
     1
102
RTVSPropertyOp25
 70
     1
102
RTVSPropertyOp26
 70
     1
102
RTVSPropertyOp27
 70
     1
102
RTVSPropertyOp28
 70
     1
102
RTVSPropertyOp29
 70
     1
102
RTVSPropertyOp30
 70
     1
102
RTVSPropertyOp31
 70
     1
102
RTVSPropertyOp32
 70
     1
102
RTVSPropertyOp33
 70
     1
102
RTVSPropertyOp34
 70
     1
102
RTVSPropertyOp35
 70
     1
102
RTVSPropertyOp36
 70
     1
102
RTVSPropertyOp37
 70
     1
102
RTVSPropertyOp38
 70
     1
102
RTVSPropertyOp39
 70
     1
102
RTVSPropertyOp40
 70
     1
102
RTVSPropertyOp41
 70
     1
102
RTVSPropertyOp42
 70
     1
102
RTVSPropertyOp43
 70
     1
102
RTVSPropertyOp44
 70
     1
102
RTVSPropertyOp45
 70
     1
102
RTVSPropertyOp46
 70
     1
102
RTVSPropertyOp47
 70
     1
102
RTVSPropertyOp48
 70
     1
102
RTVSPropertyOp49
 70
     1
102
RTVSPropertyOp50
 70
     1
102
RTVSPropertyOp51
 70
     0
102
RTVSPropertyOp52
 70
     0
102
RTVSPropertyOp53
 70
     1
102
RTVSPropertyOp54
 70
     1
102
RTVSPropertyOp55
 70
     1
102
RTVSPropertyOp56
 70
     1
102
RTVSPropertyOp57
 70
     1
102
RTVSPost2010Prop28
280
     0
102
RTVSPost2010PropOp28
 70
     1
102
RTVSPost2010Prop29
280
     1
102
RTVSPost2010PropOp29
 70
     1
102
RTVSPost2010Prop30
280
     1
102
RTVSPost2010PropOp30
 70
     1
102
RTVSPost2010Prop31
280
     0
102
RTVSPost2010PropOp31
 70
     1
102
RTVSPost2010Prop32
280
     0
102
RTVSPost2010PropOp32
 70
     1
102
RTVSPost2010Prop33
280
     0
102
RTVSPost2010PropOp33
 70
     1
102
RTVSPost2010Prop34
280
     0
102
RTVSPost2010PropOp34
 70
     1
102
RTVSPost2010Prop35
280
     0
102
RTVSPost2010PropOp35
 70
     1
102
RTVSPost2010Prop36
280
     0
102
RTVSPost2010PropOp36
 70
     1
102
RTVSPost2010Prop37
 90
       50
102
RTVSPost2010PropOp37
 70
     1
102
RTVSPost2010Prop38
140
0.0
102
RTVSPost2010PropOp38
 70
     1
102
RTVSPost2010Prop39
140
1.0
102
RTVSPost2010PropOp39
 70
     1
102
RTVSPost2010Prop40
 90
        0
102
RTVSPost2010PropOp40
 70
     1
102
RTVSPost2010Prop41ColorIndex
 90
       18
102
RTVSPost2010Prop41ColorRGB
 90
        0
102
RTVSPost2010PropOp41
 70
     1
102
RTVSPost2010Prop42
 90
       50
102
RTVSPost2010PropOp42
 70
     1
102
RTVSPost2010Prop43
 90
        3
102
RTVSPost2010PropOp43
 70
     1
102
RTVSPost2010Prop44ColorIndex
 90
        5
102
RTVSPost2010Prop44ColorRGB
 90
      255
102
RTVSPost2010PropOp44
 70
     1
102
RTVSPost2010Prop45
280
     0
102
RTVSPost2010PropOp45
 70
     1
102
RTVSPost2010Prop46
 90
       50
102
RTVSPost2010PropOp46
 70
     1
102
RTVSPost2010Prop47
 90
       50
102
RTVSPost2010PropOp47
 70
     1
102
RTVSPost2010Prop48
 90
       50
102
RTVSPost2010PropOp48
 70
     1
102
RTVSPost2010Prop49
280
     0
102
RTVSPost2010PropOp49
 70
     1
102
RTVSPost2010Prop50
 90
       50
102
RTVSPost2010PropOp50
 70
     1
102
RTVSPost2010Prop51ColorIndex
 90
      256
102
RTVSPost2010Prop51ColorRGB
 90
-16777216
102
RTVSPost2010PropOp51
 70
     0
102
RTVSPost2010Prop52
140
1.0
102
RTVSPost2010PropOp52
 70
     0
102
RTVSPost2010Prop53
 90
        2
102
RTVSPost2010PropOp53
 70
     1
102
RTVSPost2010Prop54
  1
strokes_ogs.tif
102
RTVSPost2010PropOp54
 70
     1
102
RTVSPost2010Prop55
280
     0
102
RTVSPost2010PropOp55
 70
     1
102
RTVSPost2010Prop56
140
1.0
102
RTVSPost2010PropOp56
 70
     1
102
RTVSPost2010Prop57
140
1.0
102
RTVSPost2010PropOp57
 70
     1
  0
XRECORD
  5
489
102
{ACAD_REACTORS
330
488
102
}
330
488
100
AcDbXrecord
280
     1
102
RTVSPropertyOp0
 70
     1
102
RTVSPropertyOp1
 70
     1
102
RTVSPropertyOp2
 70
     1
102
RTVSPropertyOp3
 70
     1
102
RTVSPropertyOp4
 70
     1
102
RTVSPropertyOp5
 70
     1
102
RTVSPropertyOp6
 70
     1
102
RTVSPropertyOp7
 70
     1
102
RTVSPropertyOp8
 70
     1
102
RTVSPropertyOp9
 70
     1
102
RTVSPropertyOp10
 70
     1
102
RTVSPropertyOp11
 70
     1
102
RTVSPropertyOp12
 70
     1
102
RTVSPropertyOp13
 70
     1
102
RTVSPropertyOp14
 70
     1
102
RTVSPropertyOp15
 70
     1
102
RTVSPropertyOp16
 70
     1
102
RTVSPropertyOp17
 70
     1
102
RTVSPropertyOp18
 70
     1
102
RTVSPropertyOp19
 70
     1
102
RTVSPropertyOp20
 70
     1
102
RTVSPropertyOp21
 70
     1
102
RTVSPropertyOp22
 70
     1
102
RTVSPropertyOp23
 70
     1
102
RTVSPropertyOp24
 70
     1
102
RTVSPropertyOp25
 70
     1
102
RTVSPropertyOp26
 70
     1
102
RTVSPropertyOp27
 70
     1
102
RTVSPropertyOp28
 70
     1
102
RTVSPropertyOp29
 70
     1
102
RTVSPropertyOp30
 70
     1
102
RTVSPropertyOp31
 70
     1
102
RTVSPropertyOp32
 70
     1
102
RTVSPropertyOp33
 70
     1
102
RTVSPropertyOp34
 70
     1
102
RTVSPropertyOp35
 70
     1
102
RTVSPropertyOp36
 70
     1
102
RTVSPropertyOp37
 70
     1
102
RTVSPropertyOp38
 70
     1
102
RTVSPropertyOp39
 70
     1
102
RTVSPropertyOp40
 70
     1
102
RTVSPropertyOp41
 70
     1
102
RTVSPropertyOp42
 70
     1
102
RTVSPropertyOp43
 70
     1
102
RTVSPropertyOp44
 70
     1
102
RTVSPropertyOp45
 70
     1
102
RTVSPropertyOp46
 70
     1
102
RTVSPropertyOp47
 70
     1
102
RTVSPropertyOp48
 70
     1
102
RTVSPropertyOp49
 70
     1
102
RTVSPropertyOp50
 70
     1
102
RTVSPropertyOp51
 70
     0
102
RTVSPropertyOp52
 70
     0
102
RTVSPropertyOp53
 70
     1
102
RTVSPropertyOp54
 70
     1
102
RTVSPropertyOp55
 70
     1
102
RTVSPropertyOp56
 70
     1
102
RTVSPropertyOp57
 70
     1
102
RTVSPost2010Prop28
280
     0
102
RTVSPost2010PropOp28
 70
     1
102
RTVSPost2010Prop29
280
     1
102
RTVSPost2010PropOp29
 70
     1
102
RTVSPost2010Prop30
280
     1
102
RTVSPost2010PropOp30
 70
     1
102
RTVSPost2010Prop31
280
     0
102
RTVSPost2010PropOp31
 70
     1
102
RTVSPost2010Prop32
280
     0
102
RTVSPost2010PropOp32
 70
     1
102
RTVSPost2010Prop33
280
     0
102
RTVSPost2010PropOp33
 70
     1
102
RTVSPost2010Prop34
280
     0
102
RTVSPost2010PropOp34
 70
     1
102
RTVSPost2010Prop35
280
     0
102
RTVSPost2010PropOp35
 70
     1
102
RTVSPost2010Prop36
280
     0
102
RTVSPost2010PropOp36
 70
     1
102
RTVSPost2010Prop37
 90
       50
102
RTVSPost2010PropOp37
 70
     1
102
RTVSPost2010Prop38
140
0.0
102
RTVSPost2010PropOp38
 70
     1
102
RTVSPost2010Prop39
140
1.0
102
RTVSPost2010PropOp39
 70
     1
102
RTVSPost2010Prop40
 90
        0
102
RTVSPost2010PropOp40
 70
     1
102
RTVSPost2010Prop41ColorIndex
 90
       18
102
RTVSPost2010Prop41ColorRGB
 90
        0
102
RTVSPost2010PropOp41
 70
     1
102
RTVSPost2010Prop42
 90
       50
102
RTVSPost2010PropOp42
 70
     1
102
RTVSPost2010Prop43
 90
        3
102
RTVSPost2010PropOp43
 70
     1
102
RTVSPost2010Prop44ColorIndex
 90
        5
102
RTVSPost2010Prop44ColorRGB
 90
      255
102
RTVSPost2010PropOp44
 70
     1
102
RTVSPost2010Prop45
280
     0
102
RTVSPost2010PropOp45
 70
     1
102
RTVSPost2010Prop46
 90
       50
102
RTVSPost2010PropOp46
 70
     1
102
RTVSPost2010Prop47
 90
       50
102
RTVSPost2010PropOp47
 70
     1
102
RTVSPost2010Prop48
 90
       50
102
RTVSPost2010PropOp48
 70
     1
102
RTVSPost2010Prop49
280
     0
102
RTVSPost2010PropOp49
 70
     1
102
RTVSPost2010Prop50
 90
       50
102
RTVSPost2010PropOp50
 70
     1
102
RTVSPost2010Prop51ColorIndex
 90
      256
102
RTVSPost2010Prop51ColorRGB
 90
-16777216
102
RTVSPost2010PropOp51
 70
     0
102
RTVSPost2010Prop52
140
1.0
102
RTVSPost2010PropOp52
 70
     0
102
RTVSPost2010Prop53
 90
        2
102
RTVSPost2010PropOp53
 70
     1
102
RTVSPost2010Prop54
  1
strokes_ogs.tif
102
RTVSPost2010PropOp54
 70
     1
102
RTVSPost2010Prop55
280
     0
102
RTVSPost2010PropOp55
 70
     1
102
RTVSPost2010Prop56
140
1.0
102
RTVSPost2010PropOp56
 70
     1
102
RTVSPost2010Prop57
140
1.0
102
RTVSPost2010PropOp57
 70
     1
  0
ENDSEC
  0
EOF
