2026-10-05 10:15:56.792 | INFO     | app.core.logging_config:setup_logging:43 — Logging initialised — level=INFO, env=development
2026-10-05 10:15:56.793 | INFO     | app.main:lifespan:36 — ============================================================
2026-10-05 10:15:56.793 | INFO     | app.main:lifespan:37 —   RefractoryAI API  v0.1.0
2026-10-05 10:15:56.793 | INFO     | app.main:lifespan:38 —   Environment: development
2026-10-05 10:15:56.794 | INFO     | app.main:lifespan:39 —   Device: cpu
2026-10-05 10:15:56.794 | INFO     | app.main:lifespan:40 — ============================================================
2026-10-05 10:15:56.794 | INFO     | app.main:lifespan:41 — Warming up Grounding DINO model on first request (lazy load)...
2026-10-05 10:18:58.520 | INFO     | app.core.logging_config:setup_logging:43 — Logging initialised — level=INFO, env=development
2026-10-05 10:18:58.522 | INFO     | app.main:lifespan:36 — ============================================================
2026-10-05 10:18:58.522 | INFO     | app.main:lifespan:37 —   RefractoryAI API  v0.1.0
2026-10-05 10:18:58.522 | INFO     | app.main:lifespan:38 —   Environment: development
2026-10-05 10:18:58.522 | INFO     | app.main:lifespan:39 —   Device: cpu
2026-10-05 10:18:58.522 | INFO     | app.main:lifespan:40 — ============================================================
2026-10-05 10:18:58.522 | INFO     | app.main:lifespan:41 — Warming up Grounding DINO model on first request (lazy load)...
2026-10-05 10:19:39.186 | INFO     | app.api.v1.routes_extraction:process_drawing:60 — [API] Full process request — file=input drawing _ naked shell.dxf
2026-10-05 10:19:39.186 | INFO     | app.services.part1_ingestion.ingestion_service:ingest_drawing:82 — [Part 1] Starting ingestion — job_id=9fdc49fe-0abb-414f-a91e-aa1553371624, file=input drawing _ naked shell.dxf
2026-10-05 10:19:39.194 | DEBUG    | app.services.part1_ingestion.ingestion_service:ingest_drawing:93 — [Part 1] Saved to data\outputs\9fdc49fe-0abb-414f-a91e-aa1553371624\input drawing _ naked shell.dxf (251291 bytes)
2026-10-05 10:19:39.204 | INFO     | app.services.part1_ingestion.drawing_validator:validate_upload:49 — Validation passed for 'input drawing _ naked shell.dxf'
2026-10-05 10:19:39.206 | INFO     | app.services.part1_ingestion.file_handler:detect_format:49 — Detected format: DrawingFormat.DXF for file: input drawing _ naked shell.dxf
2026-10-05 10:19:40.536 | DEBUG    | app.services.part1_ingestion.file_handler:_load_dxf:143 — Loading DXF: data\outputs\9fdc49fe-0abb-414f-a91e-aa1553371624\input drawing _ naked shell.dxf
2026-10-05 10:19:40.996 | INFO     | app.services.part1_ingestion.file_handler:load_drawing:86 — Loaded drawing 'input drawing _ naked shell.dxf' — format=DrawingFormat.DXF, pages=1
2026-10-05 10:19:40.996 | INFO     | app.services.part1_ingestion.ingestion_service:ingest_drawing:117 — [Part 1] Ingestion complete — job_id=9fdc49fe-0abb-414f-a91e-aa1553371624, format=DrawingFormat.DXF, pages=1
2026-10-05 10:19:40.996 | INFO     | app.services.part2_extraction.extraction_service:extract_vessel_geometry:54 — [Part 2] Starting extraction — job_id=9fdc49fe-0abb-414f-a91e-aa1553371624, format=DrawingFormat.DXF, pages=1
2026-10-05 10:19:40.996 | INFO     | app.services.part2_extraction.extraction_service:extract_vessel_geometry:63 — [Part 2] Step 0a — Direct DXF entity extraction…
2026-10-05 10:19:41.000 | INFO     | app.services.part2_extraction.extraction_service:extract_vessel_geometry:67 — [Part 2] Running exact Recon pipeline...
2026-10-05 10:19:45.329 | INFO     | app.services.part2_extraction.recon.dxf_reader:read_dxf_scene:119 — [DXF] 216 entities → 194 prims, 0 dims, 2 texts, 1.0 mm/unit
2026-10-05 10:19:45.452 | INFO     | app.services.part2_extraction.recon.mesh_builder:build_mesh:37 — Building 3D mesh with 64 segments per revolution...
2026-10-05 10:19:45.469 | INFO     | app.services.part2_extraction.recon.mesh_builder:build_mesh:121 — Mesh built successfully: 1604 vertices, 3328 faces.
2026-10-05 10:19:45.473 | INFO     | app.services.part2_extraction.recon.mesh_builder:build_mesh:125 — Mesh exported to data\outputs\9fdc49fe-0abb-414f-a91e-aa1553371624\mesh.glb
2026-10-05 10:19:45.786 | INFO     | app.services.part2_extraction.dxf_geometry_extractor:extract_dxf_profile:240 — [DXF] Profile extracted: 200 points, height=263.7mm, max_r=159.2mm
2026-10-05 10:19:45.787 | INFO     | app.services.part2_extraction.extraction_service:extract_vessel_geometry:90 — [Part 2] DXF profile: 200 pts, h=264mm
2026-10-05 10:19:45.787 | INFO     | app.services.part2_extraction.extraction_service:extract_vessel_geometry:124 — [Part 2] Step 1 — Grounding DINO detection…
2026-10-05 10:19:45.788 | INFO     | app.services.part2_extraction.dino_detector:_get_model_and_processor:66 — [DINO] Loading model: IDEA-Research/grounding-dino-base on device=cpu
2026-10-05 10:19:59.254 | INFO     | app.services.part2_extraction.dino_detector:_get_model_and_processor:86 — [DINO] Model loaded and ready.
2026-10-05 10:19:59.272 | DEBUG    | app.services.part2_extraction.dino_detector:detect_drawing_elements:113 — [DINO] Running detection on image 902x750
2026-10-05 10:20:19.462 | DEBUG    | app.services.part2_extraction.dino_detector:detect_drawing_elements:151 — [DINO] Detected 'oxygen lance port' — conf=0.332 at [138,129,815,667]
2026-10-05 10:20:19.469 | DEBUG    | app.services.part2_extraction.dino_detector:detect_drawing_elements:151 — [DINO] Detected 'oxygen lance port' — conf=0.376 at [134,65,818,674]
2026-10-05 10:20:19.469 | DEBUG    | app.services.part2_extraction.dino_detector:detect_drawing_elements:151 — [DINO] Detected 'block' — conf=0.256 at [233,66,275,86]
2026-10-05 10:20:19.469 | INFO     | app.services.part2_extraction.dino_detector:detect_drawing_elements:156 — [DINO] Detection complete — 3 elements found (threshold=0.25)
2026-10-05 10:20:19.476 | INFO     | app.services.part2_extraction.extraction_service:extract_vessel_geometry:133 — [Part 2] Step 2 — Tesseract OCR extraction…
2026-10-05 10:20:19.478 | DEBUG    | app.services.part2_extraction.ocr_extractor:run_ocr:114 — [OCR] Base image 902x750, scaling by 3.0x for OCR
2026-10-05 10:20:19.629 | DEBUG    | app.services.part2_extraction.ocr_extractor:run_ocr:119 — [OCR] Running Tesseract on full image...
2026-10-05 10:20:21.003 | DEBUG    | app.services.part2_extraction.ocr_extractor:run_ocr:143 — [OCR] Full image — 16 unique text lines extracted
2026-10-05 10:20:21.178 | DEBUG    | app.services.part2_extraction.ocr_extractor:run_ocr:161 — [OCR] Region 'oxygen lance port' — 7 lines extracted
2026-10-05 10:20:21.361 | DEBUG    | app.services.part2_extraction.ocr_extractor:run_ocr:161 — [OCR] Region 'oxygen lance port' — 2 lines extracted
2026-10-05 10:20:21.478 | DEBUG    | app.services.part2_extraction.ocr_extractor:run_ocr:161 — [OCR] Region 'block' — 1 lines extracted
2026-10-05 10:20:21.478 | WARNING  | app.utils.unit_parser:parse_dimension:67 — Could not parse dimension from: '$20.8... 1963.2 SRI,'
2026-10-05 10:20:21.478 | WARNING  | app.utils.unit_parser:parse_dimension:67 — Could not parse dimension from: 'a'
2026-10-05 10:20:21.478 | WARNING  | app.utils.unit_parser:parse_dimension:67 — Could not parse dimension from: '«a'
2026-10-05 10:20:21.478 | WARNING  | app.utils.unit_parser:parse_dimension:67 — Could not parse dimension from: '|'
2026-10-05 10:20:21.478 | WARNING  | app.utils.unit_parser:parse_dimension:67 — Could not parse dimension from: '['
2026-10-05 10:20:21.478 | WARNING  | app.utils.unit_parser:parse_dimension:67 — Could not parse dimension from: '=:'
2026-10-05 10:20:21.481 | WARNING  | app.utils.unit_parser:parse_dimension:67 — Could not parse dimension from: 'Sr-—.'
2026-10-05 10:20:21.481 | WARNING  | app.utils.unit_parser:parse_dimension:67 — Could not parse dimension from: 'I'
2026-10-05 10:20:21.481 | WARNING  | app.utils.unit_parser:parse_dimension:67 — Could not parse dimension from: 'fe SS'
2026-10-05 10:20:21.481 | DEBUG    | app.utils.unit_parser:parse_dimension:62 — Parsed plain number (assumed mm): '10000' → (10000.0, 'mm')
2026-10-05 10:20:21.481 | DEBUG    | app.utils.unit_parser:parse_dimension:62 — Parsed plain number (assumed mm): '529.8' → (529.8, 'mm')
2026-10-05 10:20:21.481 | DEBUG    | app.utils.unit_parser:parse_dimension:62 — Parsed plain number (assumed mm): '1965.2' → (1965.2, 'mm')
2026-10-05 10:20:21.481 | DEBUG    | app.utils.unit_parser:parse_dimension:62 — Parsed plain number (assumed mm): '4884.3' → (4884.3, 'mm')
2026-10-05 10:20:21.481 | DEBUG    | app.utils.unit_parser:parse_dimension:62 — Parsed plain number (assumed mm): '2415.7' → (2415.7, 'mm')
2026-10-05 10:20:21.481 | DEBUG    | app.utils.unit_parser:parse_dimension:62 — Parsed plain number (assumed mm): '150' → (150.0, 'mm')
2026-10-05 10:20:21.481 | WARNING  | app.utils.unit_parser:parse_dimension:67 — Could not parse dimension from: '\'
2026-10-05 10:20:21.481 | WARNING  | app.utils.unit_parser:parse_dimension:67 — Could not parse dimension from: 'y'
2026-10-05 10:20:21.481 | WARNING  | app.utils.unit_parser:parse_dimension:67 — Could not parse dimension from: 'j'
2026-10-05 10:20:21.481 | WARNING  | app.utils.unit_parser:parse_dimension:67 — Could not parse dimension from: 'I'
2026-10-05 10:20:21.481 | WARNING  | app.utils.unit_parser:parse_dimension:67 — Could not parse dimension from: '= |. ~ aS'
2026-10-05 10:20:21.481 | WARNING  | app.utils.unit_parser:parse_dimension:67 — Could not parse dimension from: '\'
2026-10-05 10:20:21.481 | WARNING  | app.utils.unit_parser:parse_dimension:67 — Could not parse dimension from: '\'
2026-10-05 10:20:21.481 | WARNING  | app.utils.unit_parser:parse_dimension:67 — Could not parse dimension from: '\'
2026-10-05 10:20:21.481 | WARNING  | app.utils.unit_parser:parse_dimension:67 — Could not parse dimension from: 'C —_'
2026-10-05 10:20:21.481 | WARNING  | app.utils.unit_parser:parse_dimension:67 — Could not parse dimension from: '\'
2026-10-05 10:20:21.481 | WARNING  | app.utils.unit_parser:parse_dimension:67 — Could not parse dimension from: '528%, 2.'
2026-10-05 10:20:21.486 | INFO     | app.services.part2_extraction.ocr_extractor:run_ocr:168 — [OCR] Complete — raw_lines=26, dimensions=6, vessel_type=unknown
2026-10-05 10:20:21.486 | INFO     | app.services.part2_extraction.extraction_service:extract_vessel_geometry:178 — [Part 2] Step 3 — OpenCV geometry analysis…
2026-10-05 10:20:21.506 | DEBUG    | app.services.part2_extraction.opencv_processor:process_geometry:117 — [OpenCV] Detected 27 line segments
2026-10-05 10:20:21.598 | DEBUG    | app.services.part2_extraction.opencv_processor:process_geometry:121 — [OpenCV] Detected 332 circles
2026-10-05 10:20:21.600 | DEBUG    | app.services.part2_extraction.opencv_processor:process_geometry:125 — [OpenCV] Detected 1 significant contours
2026-10-05 10:20:21.600 | INFO     | app.services.part2_extraction.opencv_processor:process_geometry:141 — [OpenCV] Scale estimated from bounding rect: 0.0874 px/mm
2026-10-05 10:20:21.611 | DEBUG    | app.services.part2_extraction.opencv_processor:_detect_vessel_zones:374 — [OpenCV-Zones] Found 1 breakpoints at rows: [706]
2026-10-05 10:20:21.614 | INFO     | app.services.part2_extraction.opencv_processor:_detect_vessel_zones:418 — [OpenCV-Zones] Assembled 2 zones from 1 breakpoints
2026-10-05 10:20:21.614 | INFO     | app.services.part2_extraction.opencv_processor:process_geometry:150 — [OpenCV] Detected 2 vessel zones from profile contour
2026-10-05 10:20:21.615 | INFO     | app.services.part2_extraction.opencv_processor:process_geometry:155 — [OpenCV] Geometry processing complete.
2026-10-05 10:20:21.615 | INFO     | app.services.part2_extraction.geometry_assembler:assemble_vessel_geometry:61 — [Assembler] Assembling VesselGeometry from extraction results…
2026-10-05 10:20:21.616 | DEBUG    | app.services.part2_extraction.geometry_assembler:_assemble_shell:149 — [Assembler] Outer dia: 4884.3mm ('4884.3')
2026-10-05 10:20:21.617 | DEBUG    | app.services.part2_extraction.geometry_assembler:_assemble_shell:163 — [Assembler] Total length: 10000.0mm ('10000')
2026-10-05 10:20:21.617 | DEBUG    | app.services.part2_extraction.geometry_assembler:_assemble_shell:169 — [Assembler] OpenCV circle dia estimate: 5698.0mm
2026-10-05 10:20:21.620 | INFO     | app.services.part2_extraction.geometry_assembler:_assemble_profile:237 — [Assembler] Profile from DXF: 6 segments
2026-10-05 10:20:21.620 | DEBUG    | app.services.part2_extraction.geometry_assembler:_assemble_nozzles:694 — [Assembler] Nozzles: 2
2026-10-05 10:20:21.621 | INFO     | app.services.part2_extraction.geometry_assembler:assemble_vessel_geometry:89 — [Assembler] Done — type=VesselType.UNKNOWN, conf=0.57, segments=6, method=dxf_direct
2026-10-05 10:20:21.630 | INFO     | app.services.part2_extraction.extraction_service:_save_output:248 — [Part 2] Output saved: data\outputs\9fdc49fe-0abb-414f-a91e-aa1553371624\vessel_geometry.json
2026-10-05 10:20:21.997 | INFO     | app.services.part2_extraction.extraction_service:_save_output:294 — [Part 2] Excel output saved: data\outputs\9fdc49fe-0abb-414f-a91e-aa1553371624\vessel_geometry.xlsx
2026-10-05 10:20:21.997 | INFO     | app.services.part2_extraction.extraction_service:extract_vessel_geometry:209 — [Part 2] Extraction complete — job_id=9fdc49fe-0abb-414f-a91e-aa1553371624, elapsed=41.00s, confidence=0.57, segments=6, method=dxf_direct
2026-10-05 10:22:33.614 | INFO     | app.api.v1.routes_extraction:process_drawing:60 — [API] Full process request — file=input drawing _ naked shell.pdf
2026-10-05 10:22:33.620 | INFO     | app.services.part1_ingestion.ingestion_service:ingest_drawing:82 — [Part 1] Starting ingestion — job_id=7010fae1-d027-4888-bc20-a5661a72ca58, file=input drawing _ naked shell.pdf
2026-10-05 10:22:33.624 | DEBUG    | app.services.part1_ingestion.ingestion_service:ingest_drawing:93 — [Part 1] Saved to data\outputs\7010fae1-d027-4888-bc20-a5661a72ca58\input drawing _ naked shell.pdf (6078 bytes)
2026-10-05 10:22:33.630 | INFO     | app.services.part1_ingestion.drawing_validator:validate_upload:49 — Validation passed for 'input drawing _ naked shell.pdf'
2026-10-05 10:22:33.632 | INFO     | app.services.part1_ingestion.file_handler:detect_format:49 — Detected format: DrawingFormat.PDF for file: input drawing _ naked shell.pdf
2026-10-05 10:22:33.670 | DEBUG    | app.services.part1_ingestion.file_handler:_load_pdf:105 — Loading PDF: data\outputs\7010fae1-d027-4888-bc20-a5661a72ca58\input drawing _ naked shell.pdf (poppler_path=C:\poppler\poppler-26.09.0\Library\bin)
2026-10-05 10:22:39.328 | DEBUG    | app.services.part1_ingestion.file_handler:_load_pdf:119 —   Page 1: shape=(9356, 6617, 3)
2026-10-05 10:22:39.359 | INFO     | app.services.part1_ingestion.file_handler:load_drawing:86 — Loaded drawing 'input drawing _ naked shell.pdf' — format=DrawingFormat.PDF, pages=1
2026-10-05 10:22:39.364 | INFO     | app.services.part1_ingestion.ingestion_service:ingest_drawing:117 — [Part 1] Ingestion complete — job_id=7010fae1-d027-4888-bc20-a5661a72ca58, format=DrawingFormat.PDF, pages=1
2026-10-05 10:22:39.364 | INFO     | app.services.part2_extraction.extraction_service:extract_vessel_geometry:54 — [Part 2] Starting extraction — job_id=7010fae1-d027-4888-bc20-a5661a72ca58, format=DrawingFormat.PDF, pages=1
2026-10-05 10:22:39.364 | INFO     | app.services.part2_extraction.extraction_service:extract_vessel_geometry:104 — [Part 2] Step 0b — PDF vector path extraction…
2026-10-05 10:22:40.321 | INFO     | app.utils.pdf_path_extractor:extract_pdf_path_profile:120 — [PDF-Paths] Found 816 path segments
2026-10-05 10:22:40.348 | INFO     | app.utils.pdf_path_extractor:extract_pdf_path_profile:147 — [PDF-Paths] Profile extracted: 197 pts, height=316.3mm, max_r=146.0mm
2026-10-05 10:22:40.353 | INFO     | app.services.part2_extraction.extraction_service:extract_vessel_geometry:111 — [Part 2] PDF path profile: 197 pts, h=316mm
2026-10-05 10:22:40.354 | INFO     | app.services.part2_extraction.extraction_service:extract_vessel_geometry:124 — [Part 2] Step 1 — Grounding DINO detection…
2026-10-05 10:22:40.654 | DEBUG    | app.services.part2_extraction.dino_detector:detect_drawing_elements:113 — [DINO] Running detection on image 6617x9356
2026-10-05 10:23:13.107 | DEBUG    | app.services.part2_extraction.dino_detector:detect_drawing_elements:151 — [DINO] Detected 'oxygen lance port' — conf=0.342 at [1453,2414,5870,6356]
2026-10-05 10:23:13.118 | DEBUG    | app.services.part2_extraction.dino_detector:detect_drawing_elements:151 — [DINO] Detected 'oxygen lance port' — conf=0.374 at [1072,2352,5904,6399]
2026-10-05 10:23:13.118 | DEBUG    | app.services.part2_extraction.dino_detector:detect_drawing_elements:151 — [DINO] Detected 'title block' — conf=0.299 at [1637,2410,2455,2577]
2026-10-05 10:23:13.118 | DEBUG    | app.services.part2_extraction.dino_detector:detect_drawing_elements:151 — [DINO] Detected 'port' — conf=0.252 at [1456,2411,5881,6355]
2026-10-05 10:23:13.120 | DEBUG    | app.services.part2_extraction.dino_detector:detect_drawing_elements:151 — [DINO] Detected 'front elevation view' — conf=0.284 at [43,47,6570,9293]
2026-10-05 10:23:13.120 | DEBUG    | app.services.part2_extraction.dino_detector:detect_drawing_elements:151 — [DINO] Detected 'title block' — conf=0.263 at [3582,2425,3887,2564]
2026-10-05 10:23:13.120 | DEBUG    | app.services.part2_extraction.dino_detector:detect_drawing_elements:151 — [DINO] Detected 'arrow annotation' — conf=0.307 at [4362,4989,4826,5186]
2026-10-05 10:23:13.120 | DEBUG    | app.services.part2_extraction.dino_detector:detect_drawing_elements:151 — [DINO] Detected 'front elevation' — conf=0.259 at [1055,2340,5911,6416]
2026-10-05 10:23:13.120 | INFO     | app.services.part2_extraction.dino_detector:detect_drawing_elements:156 — [DINO] Detection complete — 8 elements found (threshold=0.25)
2026-10-05 10:23:13.129 | INFO     | app.services.part2_extraction.extraction_service:extract_vessel_geometry:133 — [Part 2] Step 2 — Tesseract OCR extraction…
2026-10-05 10:23:13.131 | DEBUG    | app.services.part2_extraction.ocr_extractor:run_ocr:114 — [OCR] Base image 6617x9356, scaling by 1.0x for OCR
2026-10-05 10:23:13.803 | DEBUG    | app.services.part2_extraction.ocr_extractor:run_ocr:119 — [OCR] Running Tesseract on full image...
2026-10-05 10:23:24.467 | DEBUG    | app.services.part2_extraction.ocr_extractor:run_ocr:143 — [OCR] Full image — 17 unique text lines extracted
2026-10-05 10:23:27.470 | DEBUG    | app.services.part2_extraction.ocr_extractor:run_ocr:161 — [OCR] Region 'oxygen lance port' — 8 lines extracted
2026-10-05 10:23:30.887 | DEBUG    | app.services.part2_extraction.ocr_extractor:run_ocr:161 — [OCR] Region 'oxygen lance port' — 8 lines extracted
2026-10-05 10:23:31.100 | DEBUG    | app.services.part2_extraction.ocr_extractor:run_ocr:161 — [OCR] Region 'title block' — 1 lines extracted
2026-10-05 10:23:34.004 | DEBUG    | app.services.part2_extraction.ocr_extractor:run_ocr:161 — [OCR] Region 'port' — 8 lines extracted
2026-10-05 10:23:48.860 | DEBUG    | app.services.part2_extraction.ocr_extractor:run_ocr:161 — [OCR] Region 'front elevation view' — 9 lines extracted
2026-10-05 10:23:49.140 | DEBUG    | app.services.part2_extraction.ocr_extractor:run_ocr:161 — [OCR] Region 'title block' — 1 lines extracted
2026-10-05 10:23:49.298 | DEBUG    | app.services.part2_extraction.ocr_extractor:run_ocr:161 — [OCR] Region 'arrow annotation' — 1 lines extracted
2026-10-05 10:23:52.787 | DEBUG    | app.services.part2_extraction.ocr_extractor:run_ocr:161 — [OCR] Region 'front elevation' — 9 lines extracted
2026-10-05 10:23:52.787 | DEBUG    | app.utils.unit_parser:parse_dimension:62 — Parsed plain number (assumed mm): '10000' → (10000.0, 'mm')
2026-10-05 10:23:52.787 | DEBUG    | app.utils.unit_parser:parse_dimension:62 — Parsed plain number (assumed mm): '929.8' → (929.8, 'mm')
2026-10-05 10:23:52.787 | DEBUG    | app.utils.unit_parser:parse_dimension:62 — Parsed plain number (assumed mm): '1965.2' → (1965.2, 'mm')
2026-10-05 10:23:52.787 | DEBUG    | app.utils.unit_parser:parse_dimension:62 — Parsed plain number (assumed mm): '4884.35' → (4884.35, 'mm')
2026-10-05 10:23:52.787 | DEBUG    | app.utils.unit_parser:parse_dimension:62 — Parsed plain number (assumed mm): '2415.7' → (2415.7, 'mm')
2026-10-05 10:23:52.787 | DEBUG    | app.utils.unit_parser:parse_dimension:62 — Parsed plain number (assumed mm): '190' → (190.0, 'mm')
2026-10-05 10:23:52.787 | WARNING  | app.utils.unit_parser:parse_dimension:67 — Could not parse dimension from: 'Key'
2026-10-05 10:23:52.796 | DEBUG    | app.utils.unit_parser:parse_dimension:62 — Parsed plain number (assumed mm): '100' → (100.0, 'mm')
2026-10-05 10:23:52.796 | DEBUG    | app.utils.unit_parser:parse_dimension:62 — Parsed plain number (assumed mm): '229.8' → (229.8, 'mm')
2026-10-05 10:23:52.796 | DEBUG    | app.utils.unit_parser:parse_dimension:62 — Parsed plain number (assumed mm): '4384.5' → (4384.5, 'mm')
2026-10-05 10:23:52.796 | WARNING  | app.utils.unit_parser:parse_dimension:67 — Could not parse dimension from: '2415./'
2026-10-05 10:23:52.796 | DEBUG    | app.utils.unit_parser:parse_dimension:62 — Parsed plain number (assumed mm): '10' → (10.0, 'mm')
2026-10-05 10:23:52.796 | WARNING  | app.utils.unit_parser:parse_dimension:67 — Could not parse dimension from: 'f'
2026-10-05 10:23:52.796 | WARNING  | app.utils.unit_parser:parse_dimension:67 — Could not parse dimension from: 'a'
2026-10-05 10:23:52.796 | WARNING  | app.utils.unit_parser:parse_dimension:67 — Could not parse dimension from: '.'
2026-10-05 10:23:52.796 | DEBUG    | app.utils.unit_parser:parse_dimension:62 — Parsed plain number (assumed mm): '1' → (1.0, 'mm')
2026-10-05 10:23:52.796 | WARNING  | app.utils.unit_parser:parse_dimension:67 — Could not parse dimension from: '\'
2026-10-05 10:23:52.796 | WARNING  | app.utils.unit_parser:parse_dimension:67 — Could not parse dimension from: '529.8 1965.2 4884.3 2415.7'
2026-10-05 10:23:52.796 | WARNING  | app.utils.unit_parser:parse_dimension:67 — Could not parse dimension from: '|'
2026-10-05 10:23:52.796 | WARNING  | app.utils.unit_parser:parse_dimension:67 — Could not parse dimension from: 'Key'
2026-10-05 10:23:52.796 | WARNING  | app.utils.unit_parser:parse_dimension:67 — Could not parse dimension from: '| .'
2026-10-05 10:23:52.796 | WARNING  | app.utils.unit_parser:parse_dimension:67 — Could not parse dimension from: 'CO'
2026-10-05 10:23:52.796 | WARNING  | app.utils.unit_parser:parse_dimension:67 — Could not parse dimension from: '\ } y'
2026-10-05 10:23:52.796 | WARNING  | app.utils.unit_parser:parse_dimension:67 — Could not parse dimension from: '='
2026-10-05 10:23:52.796 | WARNING  | app.utils.unit_parser:parse_dimension:67 — Could not parse dimension from: 'MU'
2026-10-05 10:23:52.796 | WARNING  | app.utils.unit_parser:parse_dimension:67 — Could not parse dimension from: '529.8 1965.7 4884.5 2415./'
2026-10-05 10:23:52.802 | WARNING  | app.utils.unit_parser:parse_dimension:67 — Could not parse dimension from: '|'
2026-10-05 10:23:52.802 | WARNING  | app.utils.unit_parser:parse_dimension:67 — Could not parse dimension from: 'n ' Key'
2026-10-05 10:23:52.802 | WARNING  | app.utils.unit_parser:parse_dimension:67 — Could not parse dimension from: 'x'
2026-10-05 10:23:52.802 | WARNING  | app.utils.unit_parser:parse_dimension:67 — Could not parse dimension from: ')'
2026-10-05 10:23:52.803 | WARNING  | app.utils.unit_parser:parse_dimension:67 — Could not parse dimension from: '\ -O |'
2026-10-05 10:23:52.803 | WARNING  | app.utils.unit_parser:parse_dimension:67 — Could not parse dimension from: '_ A'
2026-10-05 10:23:52.804 | WARNING  | app.utils.unit_parser:parse_dimension:67 — Could not parse dimension from: '|e'
2026-10-05 10:23:52.805 | WARNING  | app.utils.unit_parser:parse_dimension:67 — Could not parse dimension from: '929.8 1969.2'
2026-10-05 10:23:52.805 | WARNING  | app.utils.unit_parser:parse_dimension:67 — Could not parse dimension from: '529.8 1965.2 4884.3 2415.7'
2026-10-05 10:23:52.806 | WARNING  | app.utils.unit_parser:parse_dimension:67 — Could not parse dimension from: '|'
2026-10-05 10:23:52.806 | WARNING  | app.utils.unit_parser:parse_dimension:67 — Could not parse dimension from: 'Key'
2026-10-05 10:23:52.807 | WARNING  | app.utils.unit_parser:parse_dimension:67 — Could not parse dimension from: '| .'
2026-10-05 10:23:52.807 | WARNING  | app.utils.unit_parser:parse_dimension:67 — Could not parse dimension from: 'CO'
2026-10-05 10:23:52.807 | WARNING  | app.utils.unit_parser:parse_dimension:67 — Could not parse dimension from: '\ } y'
2026-10-05 10:23:52.808 | WARNING  | app.utils.unit_parser:parse_dimension:67 — Could not parse dimension from: '='
2026-10-05 10:23:52.808 | WARNING  | app.utils.unit_parser:parse_dimension:67 — Could not parse dimension from: 'MU'
2026-10-05 10:23:52.808 | DEBUG    | app.utils.unit_parser:parse_dimension:62 — Parsed plain number (assumed mm): '10000' → (10000.0, 'mm')
2026-10-05 10:23:52.808 | WARNING  | app.utils.unit_parser:parse_dimension:67 — Could not parse dimension from: '529.8 1965.2 4884.3 2415.7 150'
2026-10-05 10:23:52.808 | WARNING  | app.utils.unit_parser:parse_dimension:67 — Could not parse dimension from: '|'
2026-10-05 10:23:52.809 | WARNING  | app.utils.unit_parser:parse_dimension:67 — Could not parse dimension from: 'Sf |'
2026-10-05 10:23:52.809 | WARNING  | app.utils.unit_parser:parse_dimension:67 — Could not parse dimension from: 'x'
2026-10-05 10:23:52.809 | WARNING  | app.utils.unit_parser:parse_dimension:67 — Could not parse dimension from: 'CO'
2026-10-05 10:23:52.809 | WARNING  | app.utils.unit_parser:parse_dimension:67 — Could not parse dimension from: '\ 0|'
2026-10-05 10:23:52.810 | WARNING  | app.utils.unit_parser:parse_dimension:67 — Could not parse dimension from: '__ ML'
2026-10-05 10:23:52.810 | WARNING  | app.utils.unit_parser:parse_dimension:67 — Could not parse dimension from: '\'
2026-10-05 10:23:52.810 | DEBUG    | app.utils.unit_parser:parse_dimension:62 — Parsed plain number (assumed mm): '4384.5' → (4384.5, 'mm')
2026-10-05 10:23:52.810 | WARNING  | app.utils.unit_parser:parse_dimension:67 — Could not parse dimension from: '0!'
2026-10-05 10:23:52.810 | WARNING  | app.utils.unit_parser:parse_dimension:67 — Could not parse dimension from: 'ILUUUY'
2026-10-05 10:23:52.812 | WARNING  | app.utils.unit_parser:parse_dimension:67 — Could not parse dimension from: '929.8 1965.2 4884.3 2415.7'
2026-10-05 10:23:52.812 | WARNING  | app.utils.unit_parser:parse_dimension:67 — Could not parse dimension from: '|'
2026-10-05 10:23:52.812 | WARNING  | app.utils.unit_parser:parse_dimension:67 — Could not parse dimension from: 'GS ' Key'
2026-10-05 10:23:52.812 | WARNING  | app.utils.unit_parser:parse_dimension:67 — Could not parse dimension from: 'iN'
2026-10-05 10:23:52.813 | WARNING  | app.utils.unit_parser:parse_dimension:67 — Could not parse dimension from: 'CO'
2026-10-05 10:23:52.813 | WARNING  | app.utils.unit_parser:parse_dimension:67 — Could not parse dimension from: '\ -Q |'
2026-10-05 10:23:52.813 | WARNING  | app.utils.unit_parser:parse_dimension:67 — Could not parse dimension from: '__'
2026-10-05 10:23:52.813 | WARNING  | app.utils.unit_parser:parse_dimension:67 — Could not parse dimension from: 'Mo'
2026-10-05 10:23:52.813 | INFO     | app.services.part2_extraction.ocr_extractor:run_ocr:168 — [OCR] Complete — raw_lines=62, dimensions=13, vessel_type=unknown
2026-10-05 10:23:52.846 | INFO     | app.services.part2_extraction.extraction_service:extract_vessel_geometry:143 — [Part 2] Step 2b — PDF embedded text extraction (pdfplumber)…
2026-10-05 10:23:52.945 | DEBUG    | app.utils.pdf_text_extractor:extract_pdf_text:59 — [PDF-Text] Page 1: 0 words extracted
2026-10-05 10:23:52.946 | INFO     | app.utils.pdf_text_extractor:extract_pdf_text:84 — [PDF-Text] Extracted 0 unique text items from PDF
2026-10-05 10:23:52.946 | INFO     | app.services.part2_extraction.extraction_service:extract_vessel_geometry:164 — [Part 2] pdfplumber found no text (rasterised PDF)
2026-10-05 10:23:52.946 | INFO     | app.services.part2_extraction.extraction_service:extract_vessel_geometry:168 — [Part 2] Step 2c — PDF positioned dimension extraction…
2026-10-05 10:23:53.012 | INFO     | app.utils.pdf_text_extractor:extract_segment_dimensions:180 — [PDF-Segments] Extracted 0 positioned dimensions
2026-10-05 10:23:53.014 | INFO     | app.services.part2_extraction.extraction_service:extract_vessel_geometry:171 — [Part 2] Positioned dims: 0
2026-10-05 10:23:53.015 | INFO     | app.services.part2_extraction.extraction_service:extract_vessel_geometry:178 — [Part 2] Step 3 — OpenCV geometry analysis…
2026-10-05 10:23:53.677 | DEBUG    | app.services.part2_extraction.opencv_processor:process_geometry:117 — [OpenCV] Detected 291 line segments
2026-10-05 10:24:36.304 | DEBUG    | app.services.part2_extraction.opencv_processor:process_geometry:121 — [OpenCV] Detected 316 circles
2026-10-05 10:24:36.415 | DEBUG    | app.services.part2_extraction.opencv_processor:process_geometry:125 — [OpenCV] Detected 2 significant contours
2026-10-05 10:24:36.420 | INFO     | app.services.part2_extraction.opencv_processor:process_geometry:141 — [OpenCV] Scale estimated from bounding rect: 0.1378 px/mm
2026-10-05 10:24:36.446 | DEBUG    | app.services.part2_extraction.opencv_processor:_detect_vessel_zones:374 — [OpenCV-Zones] Found 1 breakpoints at rows: [1366]
2026-10-05 10:24:36.446 | INFO     | app.services.part2_extraction.opencv_processor:_detect_vessel_zones:418 — [OpenCV-Zones] Assembled 2 zones from 1 breakpoints
2026-10-05 10:24:36.446 | INFO     | app.services.part2_extraction.opencv_processor:process_geometry:150 — [OpenCV] Detected 2 vessel zones from profile contour
2026-10-05 10:24:36.446 | INFO     | app.services.part2_extraction.opencv_processor:process_geometry:155 — [OpenCV] Geometry processing complete.
2026-10-05 10:24:36.454 | INFO     | app.services.part2_extraction.geometry_assembler:assemble_vessel_geometry:61 — [Assembler] Assembling VesselGeometry from extraction results…
2026-10-05 10:24:36.465 | DEBUG    | app.services.part2_extraction.geometry_assembler:_assemble_shell:149 — [Assembler] Outer dia: 10000.0mm ('10000')
2026-10-05 10:24:36.465 | DEBUG    | app.services.part2_extraction.geometry_assembler:_assemble_shell:163 — [Assembler] Total length: 10000.0mm ('10000')
2026-10-05 10:24:36.465 | DEBUG    | app.services.part2_extraction.geometry_assembler:_assemble_shell:169 — [Assembler] OpenCV circle dia estimate: 31988.0mm
2026-10-05 10:24:36.467 | INFO     | app.services.part2_extraction.geometry_assembler:_assemble_profile:257 — [Assembler] Profile from PDF paths: 8 segments
2026-10-05 10:24:36.470 | DEBUG    | app.services.part2_extraction.geometry_assembler:_assemble_nozzles:694 — [Assembler] Nozzles: 2
2026-10-05 10:24:36.473 | INFO     | app.services.part2_extraction.geometry_assembler:assemble_vessel_geometry:89 — [Assembler] Done — type=VesselType.UNKNOWN, conf=0.62, segments=8, method=pdf_paths
2026-10-05 10:24:36.488 | INFO     | app.services.part2_extraction.extraction_service:_save_output:248 — [Part 2] Output saved: data\outputs\7010fae1-d027-4888-bc20-a5661a72ca58\vessel_geometry.json
2026-10-05 10:24:36.696 | INFO     | app.services.part2_extraction.extraction_service:_save_output:294 — [Part 2] Excel output saved: data\outputs\7010fae1-d027-4888-bc20-a5661a72ca58\vessel_geometry.xlsx
2026-10-05 10:24:36.696 | INFO     | app.services.part2_extraction.extraction_service:extract_vessel_geometry:209 — [Part 2] Extraction complete — job_id=7010fae1-d027-4888-bc20-a5661a72ca58, elapsed=117.33s, confidence=0.62, segments=8, method=pdf_paths
2026-10-05 10:28:55.140 | INFO     | app.main:lifespan:43 — RefractoryAI API shutting down.
2026-10-05 10:29:00.280 | INFO     | app.core.logging_config:setup_logging:43 — Logging initialised — level=INFO, env=development
2026-10-05 10:29:00.280 | INFO     | app.main:lifespan:36 — ============================================================
2026-10-05 10:29:00.280 | INFO     | app.main:lifespan:37 —   RefractoryAI API  v0.1.0
2026-10-05 10:29:00.280 | INFO     | app.main:lifespan:38 —   Environment: development
2026-10-05 10:29:00.280 | INFO     | app.main:lifespan:39 —   Device: cpu
2026-10-05 10:29:00.280 | INFO     | app.main:lifespan:40 — ============================================================
2026-10-05 10:29:00.280 | INFO     | app.main:lifespan:41 — Warming up Grounding DINO model on first request (lazy load)...
2026-10-05 10:36:46.207 | INFO     | app.api.v1.routes_extraction:process_drawing:60 — [API] Full process request — file=input drawing _ naked shell.pdf
2026-10-05 10:36:46.207 | INFO     | app.services.part1_ingestion.ingestion_service:ingest_drawing:82 — [Part 1] Starting ingestion — job_id=c6781360-419e-4fd1-a2bb-24900fcc745f, file=input drawing _ naked shell.pdf
2026-10-05 10:36:46.215 | DEBUG    | app.services.part1_ingestion.ingestion_service:ingest_drawing:93 — [Part 1] Saved to data\outputs\c6781360-419e-4fd1-a2bb-24900fcc745f\input drawing _ naked shell.pdf (6078 bytes)
2026-10-05 10:36:46.216 | INFO     | app.services.part1_ingestion.drawing_validator:validate_upload:49 — Validation passed for 'input drawing _ naked shell.pdf'
2026-10-05 10:36:46.216 | INFO     | app.services.part1_ingestion.file_handler:detect_format:49 — Detected format: DrawingFormat.PDF for file: input drawing _ naked shell.pdf
2026-10-05 10:36:46.225 | DEBUG    | app.services.part1_ingestion.file_handler:_load_pdf:105 — Loading PDF: data\outputs\c6781360-419e-4fd1-a2bb-24900fcc745f\input drawing _ naked shell.pdf (poppler_path=C:\poppler\poppler-26.09.0\Library\bin)
2026-10-05 10:36:49.591 | DEBUG    | app.services.part1_ingestion.file_handler:_load_pdf:119 —   Page 1: shape=(9356, 6617, 3)
2026-10-05 10:36:49.607 | INFO     | app.services.part1_ingestion.file_handler:load_drawing:86 — Loaded drawing 'input drawing _ naked shell.pdf' — format=DrawingFormat.PDF, pages=1
2026-10-05 10:36:49.607 | INFO     | app.services.part1_ingestion.ingestion_service:ingest_drawing:117 — [Part 1] Ingestion complete — job_id=c6781360-419e-4fd1-a2bb-24900fcc745f, format=DrawingFormat.PDF, pages=1
2026-10-05 10:36:49.607 | INFO     | app.services.part2_extraction.extraction_service:extract_vessel_geometry:54 — [Part 2] Starting extraction — job_id=c6781360-419e-4fd1-a2bb-24900fcc745f, format=DrawingFormat.PDF, pages=1
2026-10-05 10:36:49.607 | INFO     | app.services.part2_extraction.extraction_service:extract_vessel_geometry:104 — [Part 2] Step 0b — PDF vector path extraction…
2026-10-05 10:36:49.892 | INFO     | app.utils.pdf_path_extractor:extract_pdf_path_profile:120 — [PDF-Paths] Found 816 path segments
2026-10-05 10:36:49.925 | INFO     | app.utils.pdf_path_extractor:extract_pdf_path_profile:147 — [PDF-Paths] Profile extracted: 197 pts, height=316.3mm, max_r=146.0mm
2026-10-05 10:36:49.926 | INFO     | app.services.part2_extraction.extraction_service:extract_vessel_geometry:111 — [Part 2] PDF path profile: 197 pts, h=316mm
2026-10-05 10:36:49.926 | INFO     | app.services.part2_extraction.extraction_service:extract_vessel_geometry:124 — [Part 2] Step 1 — Grounding DINO detection…
2026-10-05 10:36:49.926 | INFO     | app.services.part2_extraction.dino_detector:_get_model_and_processor:66 — [DINO] Loading model: IDEA-Research/grounding-dino-base on device=cpu
2026-10-05 10:37:06.776 | INFO     | app.services.part2_extraction.dino_detector:_get_model_and_processor:86 — [DINO] Model loaded and ready.
2026-10-05 10:37:07.079 | DEBUG    | app.services.part2_extraction.dino_detector:detect_drawing_elements:113 — [DINO] Running detection on image 6617x9356
2026-10-05 10:37:31.286 | DEBUG    | app.services.part2_extraction.dino_detector:detect_drawing_elements:151 — [DINO] Detected 'oxygen lance port' — conf=0.342 at [1453,2414,5870,6356]
2026-10-05 10:37:31.286 | DEBUG    | app.services.part2_extraction.dino_detector:detect_drawing_elements:151 — [DINO] Detected 'oxygen lance port' — conf=0.374 at [1072,2352,5904,6399]
2026-10-05 10:37:31.286 | DEBUG    | app.services.part2_extraction.dino_detector:detect_drawing_elements:151 — [DINO] Detected 'title block' — conf=0.299 at [1637,2410,2455,2577]
2026-10-05 10:37:31.286 | DEBUG    | app.services.part2_extraction.dino_detector:detect_drawing_elements:151 — [DINO] Detected 'port' — conf=0.252 at [1456,2411,5881,6355]
2026-10-05 10:37:31.286 | DEBUG    | app.services.part2_extraction.dino_detector:detect_drawing_elements:151 — [DINO] Detected 'front elevation view' — conf=0.284 at [43,47,6570,9293]
2026-10-05 10:37:31.286 | DEBUG    | app.services.part2_extraction.dino_detector:detect_drawing_elements:151 — [DINO] Detected 'title block' — conf=0.263 at [3582,2425,3887,2564]
2026-10-05 10:37:31.286 | DEBUG    | app.services.part2_extraction.dino_detector:detect_drawing_elements:151 — [DINO] Detected 'arrow annotation' — conf=0.307 at [4362,4989,4826,5186]
2026-10-05 10:37:31.301 | DEBUG    | app.services.part2_extraction.dino_detector:detect_drawing_elements:151 — [DINO] Detected 'front elevation' — conf=0.259 at [1055,2340,5911,6416]
2026-10-05 10:37:31.301 | INFO     | app.services.part2_extraction.dino_detector:detect_drawing_elements:156 — [DINO] Detection complete — 8 elements found (threshold=0.25)
2026-10-05 10:37:31.309 | INFO     | app.services.part2_extraction.extraction_service:extract_vessel_geometry:133 — [Part 2] Step 2 — Tesseract OCR extraction…
2026-10-05 10:37:31.309 | DEBUG    | app.services.part2_extraction.ocr_extractor:run_ocr:114 — [OCR] Base image 6617x9356, scaling by 1.0x for OCR
2026-10-05 10:37:31.991 | DEBUG    | app.services.part2_extraction.ocr_extractor:run_ocr:119 — [OCR] Running Tesseract on full image...
2026-10-05 10:37:40.767 | DEBUG    | app.services.part2_extraction.ocr_extractor:run_ocr:143 — [OCR] Full image — 17 unique text lines extracted
2026-10-05 10:37:43.058 | DEBUG    | app.services.part2_extraction.ocr_extractor:run_ocr:161 — [OCR] Region 'oxygen lance port' — 8 lines extracted
2026-10-05 10:37:45.602 | DEBUG    | app.services.part2_extraction.ocr_extractor:run_ocr:161 — [OCR] Region 'oxygen lance port' — 8 lines extracted
2026-10-05 10:37:45.763 | DEBUG    | app.services.part2_extraction.ocr_extractor:run_ocr:161 — [OCR] Region 'title block' — 1 lines extracted
2026-10-05 10:37:47.966 | DEBUG    | app.services.part2_extraction.ocr_extractor:run_ocr:161 — [OCR] Region 'port' — 8 lines extracted
2026-10-05 10:37:58.537 | DEBUG    | app.services.part2_extraction.ocr_extractor:run_ocr:161 — [OCR] Region 'front elevation view' — 9 lines extracted
2026-10-05 10:37:58.753 | DEBUG    | app.services.part2_extraction.ocr_extractor:run_ocr:161 — [OCR] Region 'title block' — 1 lines extracted
2026-10-05 10:37:58.885 | DEBUG    | app.services.part2_extraction.ocr_extractor:run_ocr:161 — [OCR] Region 'arrow annotation' — 1 lines extracted
2026-10-05 10:38:01.426 | DEBUG    | app.services.part2_extraction.ocr_extractor:run_ocr:161 — [OCR] Region 'front elevation' — 9 lines extracted
2026-10-05 10:38:01.426 | DEBUG    | app.utils.unit_parser:parse_dimension:62 — Parsed plain number (assumed mm): '10000' → (10000.0, 'mm')
2026-10-05 10:38:01.426 | DEBUG    | app.utils.unit_parser:parse_dimension:62 — Parsed plain number (assumed mm): '929.8' → (929.8, 'mm')
2026-10-05 10:38:01.426 | DEBUG    | app.utils.unit_parser:parse_dimension:62 — Parsed plain number (assumed mm): '1965.2' → (1965.2, 'mm')
2026-10-05 10:38:01.426 | DEBUG    | app.utils.unit_parser:parse_dimension:62 — Parsed plain number (assumed mm): '4884.35' → (4884.35, 'mm')
2026-10-05 10:38:01.426 | DEBUG    | app.utils.unit_parser:parse_dimension:62 — Parsed plain number (assumed mm): '2415.7' → (2415.7, 'mm')
2026-10-05 10:38:01.426 | DEBUG    | app.utils.unit_parser:parse_dimension:62 — Parsed plain number (assumed mm): '190' → (190.0, 'mm')
2026-10-05 10:38:01.426 | WARNING  | app.utils.unit_parser:parse_dimension:67 — Could not parse dimension from: 'Key'
2026-10-05 10:38:01.428 | DEBUG    | app.utils.unit_parser:parse_dimension:62 — Parsed plain number (assumed mm): '100' → (100.0, 'mm')
2026-10-05 10:38:01.429 | DEBUG    | app.utils.unit_parser:parse_dimension:62 — Parsed plain number (assumed mm): '229.8' → (229.8, 'mm')
2026-10-05 10:38:01.429 | DEBUG    | app.utils.unit_parser:parse_dimension:62 — Parsed plain number (assumed mm): '4384.5' → (4384.5, 'mm')
2026-10-05 10:38:01.429 | WARNING  | app.utils.unit_parser:parse_dimension:67 — Could not parse dimension from: '2415./'
2026-10-05 10:38:01.429 | DEBUG    | app.utils.unit_parser:parse_dimension:62 — Parsed plain number (assumed mm): '10' → (10.0, 'mm')
2026-10-05 10:38:01.429 | WARNING  | app.utils.unit_parser:parse_dimension:67 — Could not parse dimension from: 'f'
2026-10-05 10:38:01.429 | WARNING  | app.utils.unit_parser:parse_dimension:67 — Could not parse dimension from: 'a'
2026-10-05 10:38:01.429 | WARNING  | app.utils.unit_parser:parse_dimension:67 — Could not parse dimension from: '.'
2026-10-05 10:38:01.429 | DEBUG    | app.utils.unit_parser:parse_dimension:62 — Parsed plain number (assumed mm): '1' → (1.0, 'mm')
2026-10-05 10:38:01.431 | WARNING  | app.utils.unit_parser:parse_dimension:67 — Could not parse dimension from: '\'
2026-10-05 10:38:01.431 | WARNING  | app.utils.unit_parser:parse_dimension:67 — Could not parse dimension from: '529.8 1965.2 4884.3 2415.7'
2026-10-05 10:38:01.431 | WARNING  | app.utils.unit_parser:parse_dimension:67 — Could not parse dimension from: '|'
2026-10-05 10:38:01.431 | WARNING  | app.utils.unit_parser:parse_dimension:67 — Could not parse dimension from: 'Key'
2026-10-05 10:38:01.431 | WARNING  | app.utils.unit_parser:parse_dimension:67 — Could not parse dimension from: '| .'
2026-10-05 10:38:01.431 | WARNING  | app.utils.unit_parser:parse_dimension:67 — Could not parse dimension from: 'CO'
2026-10-05 10:38:01.432 | WARNING  | app.utils.unit_parser:parse_dimension:67 — Could not parse dimension from: '\ } y'
2026-10-05 10:38:01.432 | WARNING  | app.utils.unit_parser:parse_dimension:67 — Could not parse dimension from: '='
2026-10-05 10:38:01.433 | WARNING  | app.utils.unit_parser:parse_dimension:67 — Could not parse dimension from: 'MU'
2026-10-05 10:38:01.433 | WARNING  | app.utils.unit_parser:parse_dimension:67 — Could not parse dimension from: '529.8 1965.7 4884.5 2415./'
2026-10-05 10:38:01.433 | WARNING  | app.utils.unit_parser:parse_dimension:67 — Could not parse dimension from: '|'
2026-10-05 10:38:01.433 | WARNING  | app.utils.unit_parser:parse_dimension:67 — Could not parse dimension from: 'n ' Key'
2026-10-05 10:38:01.433 | WARNING  | app.utils.unit_parser:parse_dimension:67 — Could not parse dimension from: 'x'
2026-10-05 10:38:01.433 | WARNING  | app.utils.unit_parser:parse_dimension:67 — Could not parse dimension from: ')'
2026-10-05 10:38:01.433 | WARNING  | app.utils.unit_parser:parse_dimension:67 — Could not parse dimension from: '\ -O |'
2026-10-05 10:38:01.433 | WARNING  | app.utils.unit_parser:parse_dimension:67 — Could not parse dimension from: '_ A'
2026-10-05 10:38:01.433 | WARNING  | app.utils.unit_parser:parse_dimension:67 — Could not parse dimension from: '|e'
2026-10-05 10:38:01.433 | WARNING  | app.utils.unit_parser:parse_dimension:67 — Could not parse dimension from: '929.8 1969.2'
2026-10-05 10:38:01.433 | WARNING  | app.utils.unit_parser:parse_dimension:67 — Could not parse dimension from: '529.8 1965.2 4884.3 2415.7'
2026-10-05 10:38:01.433 | WARNING  | app.utils.unit_parser:parse_dimension:67 — Could not parse dimension from: '|'
2026-10-05 10:38:01.433 | WARNING  | app.utils.unit_parser:parse_dimension:67 — Could not parse dimension from: 'Key'
2026-10-05 10:38:01.433 | WARNING  | app.utils.unit_parser:parse_dimension:67 — Could not parse dimension from: '| .'
2026-10-05 10:38:01.433 | WARNING  | app.utils.unit_parser:parse_dimension:67 — Could not parse dimension from: 'CO'
2026-10-05 10:38:01.433 | WARNING  | app.utils.unit_parser:parse_dimension:67 — Could not parse dimension from: '\ } y'
2026-10-05 10:38:01.433 | WARNING  | app.utils.unit_parser:parse_dimension:67 — Could not parse dimension from: '='
2026-10-05 10:38:01.433 | WARNING  | app.utils.unit_parser:parse_dimension:67 — Could not parse dimension from: 'MU'
2026-10-05 10:38:01.433 | DEBUG    | app.utils.unit_parser:parse_dimension:62 — Parsed plain number (assumed mm): '10000' → (10000.0, 'mm')
2026-10-05 10:38:01.433 | WARNING  | app.utils.unit_parser:parse_dimension:67 — Could not parse dimension from: '529.8 1965.2 4884.3 2415.7 150'
2026-10-05 10:38:01.433 | WARNING  | app.utils.unit_parser:parse_dimension:67 — Could not parse dimension from: '|'
2026-10-05 10:38:01.433 | WARNING  | app.utils.unit_parser:parse_dimension:67 — Could not parse dimension from: 'Sf |'
2026-10-05 10:38:01.433 | WARNING  | app.utils.unit_parser:parse_dimension:67 — Could not parse dimension from: 'x'
2026-10-05 10:38:01.433 | WARNING  | app.utils.unit_parser:parse_dimension:67 — Could not parse dimension from: 'CO'
2026-10-05 10:38:01.433 | WARNING  | app.utils.unit_parser:parse_dimension:67 — Could not parse dimension from: '\ 0|'
2026-10-05 10:38:01.433 | WARNING  | app.utils.unit_parser:parse_dimension:67 — Could not parse dimension from: '__ ML'
2026-10-05 10:38:01.433 | WARNING  | app.utils.unit_parser:parse_dimension:67 — Could not parse dimension from: '\'
2026-10-05 10:38:01.433 | DEBUG    | app.utils.unit_parser:parse_dimension:62 — Parsed plain number (assumed mm): '4384.5' → (4384.5, 'mm')
2026-10-05 10:38:01.433 | WARNING  | app.utils.unit_parser:parse_dimension:67 — Could not parse dimension from: '0!'
2026-10-05 10:38:01.433 | WARNING  | app.utils.unit_parser:parse_dimension:67 — Could not parse dimension from: 'ILUUUY'
2026-10-05 10:38:01.433 | WARNING  | app.utils.unit_parser:parse_dimension:67 — Could not parse dimension from: '929.8 1965.2 4884.3 2415.7'
2026-10-05 10:38:01.433 | WARNING  | app.utils.unit_parser:parse_dimension:67 — Could not parse dimension from: '|'
2026-10-05 10:38:01.433 | WARNING  | app.utils.unit_parser:parse_dimension:67 — Could not parse dimension from: 'GS ' Key'
2026-10-05 10:38:01.433 | WARNING  | app.utils.unit_parser:parse_dimension:67 — Could not parse dimension from: 'iN'
2026-10-05 10:38:01.433 | WARNING  | app.utils.unit_parser:parse_dimension:67 — Could not parse dimension from: 'CO'
2026-10-05 10:38:01.440 | WARNING  | app.utils.unit_parser:parse_dimension:67 — Could not parse dimension from: '\ -Q |'
2026-10-05 10:38:01.440 | WARNING  | app.utils.unit_parser:parse_dimension:67 — Could not parse dimension from: '__'
2026-10-05 10:38:01.441 | WARNING  | app.utils.unit_parser:parse_dimension:67 — Could not parse dimension from: 'Mo'
2026-10-05 10:38:01.441 | INFO     | app.services.part2_extraction.ocr_extractor:run_ocr:168 — [OCR] Complete — raw_lines=62, dimensions=13, vessel_type=unknown
2026-10-05 10:38:01.466 | INFO     | app.services.part2_extraction.extraction_service:extract_vessel_geometry:143 — [Part 2] Step 2b — PDF embedded text extraction (pdfplumber)…
2026-10-05 10:38:01.525 | DEBUG    | app.utils.pdf_text_extractor:extract_pdf_text:59 — [PDF-Text] Page 1: 0 words extracted
2026-10-05 10:38:01.525 | INFO     | app.utils.pdf_text_extractor:extract_pdf_text:84 — [PDF-Text] Extracted 0 unique text items from PDF
2026-10-05 10:38:01.525 | INFO     | app.services.part2_extraction.extraction_service:extract_vessel_geometry:164 — [Part 2] pdfplumber found no text (rasterised PDF)
2026-10-05 10:38:01.525 | INFO     | app.services.part2_extraction.extraction_service:extract_vessel_geometry:168 — [Part 2] Step 2c — PDF positioned dimension extraction…
2026-10-05 10:38:01.576 | INFO     | app.utils.pdf_text_extractor:extract_segment_dimensions:180 — [PDF-Segments] Extracted 0 positioned dimensions
2026-10-05 10:38:01.576 | INFO     | app.services.part2_extraction.extraction_service:extract_vessel_geometry:171 — [Part 2] Positioned dims: 0
2026-10-05 10:38:01.576 | INFO     | app.services.part2_extraction.extraction_service:extract_vessel_geometry:178 — [Part 2] Step 3 — OpenCV geometry analysis…
2026-10-05 10:38:01.985 | DEBUG    | app.services.part2_extraction.opencv_processor:process_geometry:117 — [OpenCV] Detected 291 line segments
2026-10-05 10:38:37.724 | DEBUG    | app.services.part2_extraction.opencv_processor:process_geometry:121 — [OpenCV] Detected 316 circles
2026-10-05 10:38:37.817 | DEBUG    | app.services.part2_extraction.opencv_processor:process_geometry:125 — [OpenCV] Detected 2 significant contours
2026-10-05 10:38:37.817 | INFO     | app.services.part2_extraction.opencv_processor:process_geometry:141 — [OpenCV] Scale estimated from bounding rect: 0.1378 px/mm
2026-10-05 10:38:37.846 | DEBUG    | app.services.part2_extraction.opencv_processor:_detect_vessel_zones:374 — [OpenCV-Zones] Found 1 breakpoints at rows: [1366]
2026-10-05 10:38:37.846 | INFO     | app.services.part2_extraction.opencv_processor:_detect_vessel_zones:418 — [OpenCV-Zones] Assembled 2 zones from 1 breakpoints
2026-10-05 10:38:37.846 | INFO     | app.services.part2_extraction.opencv_processor:process_geometry:150 — [OpenCV] Detected 2 vessel zones from profile contour
2026-10-05 10:38:37.846 | INFO     | app.services.part2_extraction.opencv_processor:process_geometry:155 — [OpenCV] Geometry processing complete.
2026-10-05 10:38:37.854 | INFO     | app.services.part2_extraction.geometry_assembler:assemble_vessel_geometry:61 — [Assembler] Assembling VesselGeometry from extraction results…
2026-10-05 10:38:37.864 | DEBUG    | app.services.part2_extraction.geometry_assembler:_assemble_shell:154 — [Assembler] Outer dia: 10000.0mm ('10000')
2026-10-05 10:38:37.864 | DEBUG    | app.services.part2_extraction.geometry_assembler:_assemble_shell:168 — [Assembler] Total length: 10000.0mm ('10000')
2026-10-05 10:38:37.864 | DEBUG    | app.services.part2_extraction.geometry_assembler:_assemble_shell:174 — [Assembler] OpenCV circle dia estimate: 31988.0mm
2026-10-05 10:38:37.867 | INFO     | app.services.part2_extraction.geometry_assembler:_assemble_profile:262 — [Assembler] Profile from PDF paths: 8 segments
2026-10-05 10:38:37.867 | DEBUG    | app.services.part2_extraction.geometry_assembler:_assemble_nozzles:699 — [Assembler] Nozzles: 2
2026-10-05 10:38:37.867 | INFO     | app.services.part2_extraction.geometry_assembler:assemble_vessel_geometry:89 — [Assembler] Done — type=VesselType.UNKNOWN, conf=0.62, segments=8, method=pdf_paths
2026-10-05 10:38:37.885 | INFO     | app.services.part2_extraction.extraction_service:_save_output:248 — [Part 2] Output saved: data\outputs\c6781360-419e-4fd1-a2bb-24900fcc745f\vessel_geometry.json
2026-10-05 10:38:38.327 | INFO     | app.services.part2_extraction.extraction_service:_save_output:294 — [Part 2] Excel output saved: data\outputs\c6781360-419e-4fd1-a2bb-24900fcc745f\vessel_geometry.xlsx
2026-10-05 10:38:38.327 | INFO     | app.services.part2_extraction.extraction_service:extract_vessel_geometry:209 — [Part 2] Extraction complete — job_id=c6781360-419e-4fd1-a2bb-24900fcc745f, elapsed=108.72s, confidence=0.62, segments=8, method=pdf_paths
2026-10-05 10:38:38.450 | INFO     | app.main:lifespan:43 — RefractoryAI API shutting down.
2026-10-05 10:38:41.860 | INFO     | app.core.logging_config:setup_logging:43 — Logging initialised — level=INFO, env=development
2026-10-05 10:38:41.860 | INFO     | app.main:lifespan:36 — ============================================================
2026-10-05 10:38:41.860 | INFO     | app.main:lifespan:37 —   RefractoryAI API  v0.1.0
2026-10-05 10:38:41.860 | INFO     | app.main:lifespan:38 —   Environment: development
2026-10-05 10:38:41.860 | INFO     | app.main:lifespan:39 —   Device: cpu
2026-10-05 10:38:41.860 | INFO     | app.main:lifespan:40 — ============================================================
2026-10-05 10:38:41.865 | INFO     | app.main:lifespan:41 — Warming up Grounding DINO model on first request (lazy load)...
2026-10-05 10:40:27.210 | INFO     | app.api.v1.routes_extraction:process_drawing:60 — [API] Full process request — file=input drawing _ naked shell.dxf
2026-10-05 10:40:27.210 | INFO     | app.services.part1_ingestion.ingestion_service:ingest_drawing:82 — [Part 1] Starting ingestion — job_id=3b7fdbd1-4ef6-4def-81d3-301a7625d3d5, file=input drawing _ naked shell.dxf
2026-10-05 10:40:27.216 | DEBUG    | app.services.part1_ingestion.ingestion_service:ingest_drawing:93 — [Part 1] Saved to data\outputs\3b7fdbd1-4ef6-4def-81d3-301a7625d3d5\input drawing _ naked shell.dxf (251291 bytes)
2026-10-05 10:40:27.239 | INFO     | app.services.part1_ingestion.drawing_validator:validate_upload:49 — Validation passed for 'input drawing _ naked shell.dxf'
2026-10-05 10:40:27.239 | INFO     | app.services.part1_ingestion.file_handler:detect_format:49 — Detected format: DrawingFormat.DXF for file: input drawing _ naked shell.dxf
2026-10-05 10:40:28.193 | DEBUG    | app.services.part1_ingestion.file_handler:_load_dxf:143 — Loading DXF: data\outputs\3b7fdbd1-4ef6-4def-81d3-301a7625d3d5\input drawing _ naked shell.dxf
2026-10-05 10:40:28.720 | INFO     | app.services.part1_ingestion.file_handler:load_drawing:86 — Loaded drawing 'input drawing _ naked shell.dxf' — format=DrawingFormat.DXF, pages=1
2026-10-05 10:40:28.720 | INFO     | app.services.part1_ingestion.ingestion_service:ingest_drawing:117 — [Part 1] Ingestion complete — job_id=3b7fdbd1-4ef6-4def-81d3-301a7625d3d5, format=DrawingFormat.DXF, pages=1
2026-10-05 10:40:28.720 | INFO     | app.services.part2_extraction.extraction_service:extract_vessel_geometry:54 — [Part 2] Starting extraction — job_id=3b7fdbd1-4ef6-4def-81d3-301a7625d3d5, format=DrawingFormat.DXF, pages=1
2026-10-05 10:40:28.720 | INFO     | app.services.part2_extraction.extraction_service:extract_vessel_geometry:63 — [Part 2] Step 0a — Direct DXF entity extraction…
2026-10-05 10:40:28.721 | INFO     | app.services.part2_extraction.extraction_service:extract_vessel_geometry:67 — [Part 2] Running exact Recon pipeline...
2026-10-05 10:40:30.326 | INFO     | app.services.part2_extraction.recon.dxf_reader:read_dxf_scene:119 — [DXF] 216 entities → 194 prims, 0 dims, 2 texts, 1.0 mm/unit
2026-10-05 10:40:30.427 | INFO     | app.services.part2_extraction.recon.mesh_builder:build_mesh:37 — Building 3D mesh with 64 segments per revolution...
2026-10-05 10:40:30.434 | INFO     | app.services.part2_extraction.recon.mesh_builder:build_mesh:121 — Mesh built successfully: 1604 vertices, 3328 faces.
2026-10-05 10:40:30.442 | INFO     | app.services.part2_extraction.recon.mesh_builder:build_mesh:125 — Mesh exported to data\outputs\3b7fdbd1-4ef6-4def-81d3-301a7625d3d5\mesh.glb
2026-10-05 10:40:30.735 | INFO     | app.services.part2_extraction.dxf_geometry_extractor:extract_dxf_profile:240 — [DXF] Profile extracted: 200 points, height=263.7mm, max_r=159.2mm
2026-10-05 10:40:30.735 | INFO     | app.services.part2_extraction.extraction_service:extract_vessel_geometry:90 — [Part 2] DXF profile: 200 pts, h=264mm
2026-10-05 10:40:30.735 | INFO     | app.services.part2_extraction.extraction_service:extract_vessel_geometry:124 — [Part 2] Step 1 — Grounding DINO detection…
2026-10-05 10:40:30.741 | INFO     | app.services.part2_extraction.dino_detector:_get_model_and_processor:66 — [DINO] Loading model: IDEA-Research/grounding-dino-base on device=cpu
2026-10-05 10:40:42.468 | INFO     | app.services.part2_extraction.dino_detector:_get_model_and_processor:86 — [DINO] Model loaded and ready.
2026-10-05 10:40:42.480 | DEBUG    | app.services.part2_extraction.dino_detector:detect_drawing_elements:113 — [DINO] Running detection on image 902x750
2026-10-05 10:41:02.745 | DEBUG    | app.services.part2_extraction.dino_detector:detect_drawing_elements:151 — [DINO] Detected 'oxygen lance port' — conf=0.332 at [138,129,815,667]
2026-10-05 10:41:02.759 | DEBUG    | app.services.part2_extraction.dino_detector:detect_drawing_elements:151 — [DINO] Detected 'oxygen lance port' — conf=0.376 at [134,65,818,674]
2026-10-05 10:41:02.759 | DEBUG    | app.services.part2_extraction.dino_detector:detect_drawing_elements:151 — [DINO] Detected 'block' — conf=0.256 at [233,66,275,86]
2026-10-05 10:41:02.759 | INFO     | app.services.part2_extraction.dino_detector:detect_drawing_elements:156 — [DINO] Detection complete — 3 elements found (threshold=0.25)
2026-10-05 10:41:02.765 | INFO     | app.services.part2_extraction.extraction_service:extract_vessel_geometry:133 — [Part 2] Step 2 — Tesseract OCR extraction…
2026-10-05 10:41:02.765 | DEBUG    | app.services.part2_extraction.ocr_extractor:run_ocr:114 — [OCR] Base image 902x750, scaling by 3.0x for OCR
2026-10-05 10:41:02.958 | DEBUG    | app.services.part2_extraction.ocr_extractor:run_ocr:119 — [OCR] Running Tesseract on full image...
2026-10-05 10:41:03.737 | DEBUG    | app.services.part2_extraction.ocr_extractor:run_ocr:143 — [OCR] Full image — 16 unique text lines extracted
2026-10-05 10:41:03.912 | DEBUG    | app.services.part2_extraction.ocr_extractor:run_ocr:161 — [OCR] Region 'oxygen lance port' — 7 lines extracted
2026-10-05 10:41:04.085 | DEBUG    | app.services.part2_extraction.ocr_extractor:run_ocr:161 — [OCR] Region 'oxygen lance port' — 2 lines extracted
2026-10-05 10:41:04.203 | DEBUG    | app.services.part2_extraction.ocr_extractor:run_ocr:161 — [OCR] Region 'block' — 1 lines extracted
2026-10-05 10:41:04.203 | WARNING  | app.utils.unit_parser:parse_dimension:67 — Could not parse dimension from: '$20.8... 1963.2 SRI,'
2026-10-05 10:41:04.204 | WARNING  | app.utils.unit_parser:parse_dimension:67 — Could not parse dimension from: 'a'
2026-10-05 10:41:04.204 | WARNING  | app.utils.unit_parser:parse_dimension:67 — Could not parse dimension from: '«a'
2026-10-05 10:41:04.204 | WARNING  | app.utils.unit_parser:parse_dimension:67 — Could not parse dimension from: '|'
2026-10-05 10:41:04.204 | WARNING  | app.utils.unit_parser:parse_dimension:67 — Could not parse dimension from: '['
2026-10-05 10:41:04.204 | WARNING  | app.utils.unit_parser:parse_dimension:67 — Could not parse dimension from: '=:'
2026-10-05 10:41:04.206 | WARNING  | app.utils.unit_parser:parse_dimension:67 — Could not parse dimension from: 'Sr-—.'
2026-10-05 10:41:04.206 | WARNING  | app.utils.unit_parser:parse_dimension:67 — Could not parse dimension from: 'I'
2026-10-05 10:41:04.206 | WARNING  | app.utils.unit_parser:parse_dimension:67 — Could not parse dimension from: 'fe SS'
2026-10-05 10:41:04.206 | DEBUG    | app.utils.unit_parser:parse_dimension:62 — Parsed plain number (assumed mm): '10000' → (10000.0, 'mm')
2026-10-05 10:41:04.206 | DEBUG    | app.utils.unit_parser:parse_dimension:62 — Parsed plain number (assumed mm): '529.8' → (529.8, 'mm')
2026-10-05 10:41:04.207 | DEBUG    | app.utils.unit_parser:parse_dimension:62 — Parsed plain number (assumed mm): '1965.2' → (1965.2, 'mm')
2026-10-05 10:41:04.207 | DEBUG    | app.utils.unit_parser:parse_dimension:62 — Parsed plain number (assumed mm): '4884.3' → (4884.3, 'mm')
2026-10-05 10:41:04.207 | DEBUG    | app.utils.unit_parser:parse_dimension:62 — Parsed plain number (assumed mm): '2415.7' → (2415.7, 'mm')
2026-10-05 10:41:04.207 | DEBUG    | app.utils.unit_parser:parse_dimension:62 — Parsed plain number (assumed mm): '150' → (150.0, 'mm')
2026-10-05 10:41:04.207 | WARNING  | app.utils.unit_parser:parse_dimension:67 — Could not parse dimension from: '\'
2026-10-05 10:41:04.207 | WARNING  | app.utils.unit_parser:parse_dimension:67 — Could not parse dimension from: 'y'
2026-10-05 10:41:04.208 | WARNING  | app.utils.unit_parser:parse_dimension:67 — Could not parse dimension from: 'j'
2026-10-05 10:41:04.208 | WARNING  | app.utils.unit_parser:parse_dimension:67 — Could not parse dimension from: 'I'
2026-10-05 10:41:04.208 | WARNING  | app.utils.unit_parser:parse_dimension:67 — Could not parse dimension from: '= |. ~ aS'
2026-10-05 10:41:04.208 | WARNING  | app.utils.unit_parser:parse_dimension:67 — Could not parse dimension from: '\'
2026-10-05 10:41:04.209 | WARNING  | app.utils.unit_parser:parse_dimension:67 — Could not parse dimension from: '\'
2026-10-05 10:41:04.210 | WARNING  | app.utils.unit_parser:parse_dimension:67 — Could not parse dimension from: '\'
2026-10-05 10:41:04.210 | WARNING  | app.utils.unit_parser:parse_dimension:67 — Could not parse dimension from: 'C —_'
2026-10-05 10:41:04.210 | WARNING  | app.utils.unit_parser:parse_dimension:67 — Could not parse dimension from: '\'
2026-10-05 10:41:04.210 | WARNING  | app.utils.unit_parser:parse_dimension:67 — Could not parse dimension from: '528%, 2.'
2026-10-05 10:41:04.210 | INFO     | app.services.part2_extraction.ocr_extractor:run_ocr:168 — [OCR] Complete — raw_lines=26, dimensions=6, vessel_type=unknown
2026-10-05 10:41:04.212 | INFO     | app.services.part2_extraction.extraction_service:extract_vessel_geometry:178 — [Part 2] Step 3 — OpenCV geometry analysis…
2026-10-05 10:41:04.229 | DEBUG    | app.services.part2_extraction.opencv_processor:process_geometry:117 — [OpenCV] Detected 27 line segments
2026-10-05 10:41:04.316 | DEBUG    | app.services.part2_extraction.opencv_processor:process_geometry:121 — [OpenCV] Detected 332 circles
2026-10-05 10:41:04.319 | DEBUG    | app.services.part2_extraction.opencv_processor:process_geometry:125 — [OpenCV] Detected 1 significant contours
2026-10-05 10:41:04.319 | INFO     | app.services.part2_extraction.opencv_processor:process_geometry:141 — [OpenCV] Scale estimated from bounding rect: 0.0874 px/mm
2026-10-05 10:41:04.334 | DEBUG    | app.services.part2_extraction.opencv_processor:_detect_vessel_zones:383 — [OpenCV-Zones] Found 1 breakpoints at rows: [859]
2026-10-05 10:41:04.335 | INFO     | app.services.part2_extraction.opencv_processor:_detect_vessel_zones:427 — [OpenCV-Zones] Assembled 2 zones from 1 breakpoints
2026-10-05 10:41:04.335 | INFO     | app.services.part2_extraction.opencv_processor:process_geometry:150 — [OpenCV] Detected 2 vessel zones from profile contour
2026-10-05 10:41:04.335 | INFO     | app.services.part2_extraction.opencv_processor:process_geometry:155 — [OpenCV] Geometry processing complete.
2026-10-05 10:41:04.336 | INFO     | app.services.part2_extraction.geometry_assembler:assemble_vessel_geometry:61 — [Assembler] Assembling VesselGeometry from extraction results…
2026-10-05 10:41:04.339 | DEBUG    | app.services.part2_extraction.geometry_assembler:_assemble_shell:154 — [Assembler] Outer dia: 318.32156979576393mm ('DXF Exact Profile')
2026-10-05 10:41:04.339 | DEBUG    | app.services.part2_extraction.geometry_assembler:_assemble_shell:168 — [Assembler] Total length: 263.6519948323568mm ('DXF Exact Profile')
2026-10-05 10:41:04.339 | DEBUG    | app.services.part2_extraction.geometry_assembler:_assemble_shell:174 — [Assembler] OpenCV circle dia estimate: 5698.0mm
2026-10-05 10:41:04.343 | INFO     | app.services.part2_extraction.geometry_assembler:_assemble_profile:242 — [Assembler] Profile from DXF: 6 segments
2026-10-05 10:41:04.344 | DEBUG    | app.services.part2_extraction.geometry_assembler:_assemble_nozzles:699 — [Assembler] Nozzles: 2
2026-10-05 10:41:04.344 | INFO     | app.services.part2_extraction.geometry_assembler:assemble_vessel_geometry:89 — [Assembler] Done — type=VesselType.UNKNOWN, conf=0.57, segments=6, method=dxf_direct
2026-10-05 10:41:04.354 | INFO     | app.services.part2_extraction.extraction_service:_save_output:248 — [Part 2] Output saved: data\outputs\3b7fdbd1-4ef6-4def-81d3-301a7625d3d5\vessel_geometry.json
2026-10-05 10:41:04.658 | INFO     | app.services.part2_extraction.extraction_service:_save_output:294 — [Part 2] Excel output saved: data\outputs\3b7fdbd1-4ef6-4def-81d3-301a7625d3d5\vessel_geometry.xlsx
2026-10-05 10:41:04.668 | INFO     | app.services.part2_extraction.extraction_service:extract_vessel_geometry:209 — [Part 2] Extraction complete — job_id=3b7fdbd1-4ef6-4def-81d3-301a7625d3d5, elapsed=35.95s, confidence=0.57, segments=6, method=dxf_direct
2026-10-05 10:48:40.307 | INFO     | app.main:lifespan:43 — RefractoryAI API shutting down.
2026-10-05 10:48:43.669 | INFO     | app.core.logging_config:setup_logging:43 — Logging initialised — level=INFO, env=development
2026-10-05 10:48:43.669 | INFO     | app.main:lifespan:36 — ============================================================
2026-10-05 10:48:43.669 | INFO     | app.main:lifespan:37 —   RefractoryAI API  v0.1.0
2026-10-05 10:48:43.669 | INFO     | app.main:lifespan:38 —   Environment: development
2026-10-05 10:48:43.669 | INFO     | app.main:lifespan:39 —   Device: cpu
2026-10-05 10:48:43.669 | INFO     | app.main:lifespan:40 — ============================================================
2026-10-05 10:48:43.669 | INFO     | app.main:lifespan:41 — Warming up Grounding DINO model on first request (lazy load)...
2026-10-05 10:49:06.195 | INFO     | app.api.v1.routes_extraction:process_drawing:60 — [API] Full process request — file=input drawing _ naked shell.pdf
2026-10-05 10:49:06.195 | INFO     | app.services.part1_ingestion.ingestion_service:ingest_drawing:82 — [Part 1] Starting ingestion — job_id=d30f1f29-55c5-457a-b797-43cf4d6ae339, file=input drawing _ naked shell.pdf
2026-10-05 10:49:06.195 | DEBUG    | app.services.part1_ingestion.ingestion_service:ingest_drawing:93 — [Part 1] Saved to data\outputs\d30f1f29-55c5-457a-b797-43cf4d6ae339\input drawing _ naked shell.pdf (6078 bytes)
2026-10-05 10:49:06.199 | INFO     | app.services.part1_ingestion.drawing_validator:validate_upload:49 — Validation passed for 'input drawing _ naked shell.pdf'
2026-10-05 10:49:06.199 | INFO     | app.services.part1_ingestion.file_handler:detect_format:49 — Detected format: DrawingFormat.PDF for file: input drawing _ naked shell.pdf
2026-10-05 10:49:06.205 | DEBUG    | app.services.part1_ingestion.file_handler:_load_pdf:105 — Loading PDF: data\outputs\d30f1f29-55c5-457a-b797-43cf4d6ae339\input drawing _ naked shell.pdf (poppler_path=C:\poppler\poppler-26.09.0\Library\bin)
2026-10-05 10:49:09.196 | DEBUG    | app.services.part1_ingestion.file_handler:_load_pdf:119 —   Page 1: shape=(9356, 6617, 3)
2026-10-05 10:49:09.208 | INFO     | app.services.part1_ingestion.file_handler:load_drawing:86 — Loaded drawing 'input drawing _ naked shell.pdf' — format=DrawingFormat.PDF, pages=1
2026-10-05 10:49:09.208 | INFO     | app.services.part1_ingestion.ingestion_service:ingest_drawing:117 — [Part 1] Ingestion complete — job_id=d30f1f29-55c5-457a-b797-43cf4d6ae339, format=DrawingFormat.PDF, pages=1
2026-10-05 10:49:09.208 | INFO     | app.services.part2_extraction.extraction_service:extract_vessel_geometry:54 — [Part 2] Starting extraction — job_id=d30f1f29-55c5-457a-b797-43cf4d6ae339, format=DrawingFormat.PDF, pages=1
2026-10-05 10:49:09.208 | INFO     | app.services.part2_extraction.extraction_service:extract_vessel_geometry:104 — [Part 2] Step 0b — PDF vector path extraction…
2026-10-05 10:49:09.375 | INFO     | app.utils.pdf_path_extractor:extract_pdf_path_profile:120 — [PDF-Paths] Found 816 path segments
2026-10-05 10:49:09.403 | INFO     | app.utils.pdf_path_extractor:extract_pdf_path_profile:147 — [PDF-Paths] Profile extracted: 197 pts, height=316.3mm, max_r=146.0mm
2026-10-05 10:49:09.404 | INFO     | app.services.part2_extraction.extraction_service:extract_vessel_geometry:111 — [Part 2] PDF path profile: 197 pts, h=316mm
2026-10-05 10:49:09.404 | INFO     | app.services.part2_extraction.extraction_service:extract_vessel_geometry:124 — [Part 2] Step 1 — Grounding DINO detection…
2026-10-05 10:49:09.404 | INFO     | app.services.part2_extraction.dino_detector:_get_model_and_processor:66 — [DINO] Loading model: IDEA-Research/grounding-dino-base on device=cpu
2026-10-05 10:49:19.421 | INFO     | app.services.part2_extraction.dino_detector:_get_model_and_processor:86 — [DINO] Model loaded and ready.
2026-10-05 10:49:19.653 | DEBUG    | app.services.part2_extraction.dino_detector:detect_drawing_elements:113 — [DINO] Running detection on image 6617x9356
2026-10-05 10:49:41.897 | DEBUG    | app.services.part2_extraction.dino_detector:detect_drawing_elements:151 — [DINO] Detected 'oxygen lance port' — conf=0.342 at [1453,2414,5870,6356]
2026-10-05 10:49:41.905 | DEBUG    | app.services.part2_extraction.dino_detector:detect_drawing_elements:151 — [DINO] Detected 'oxygen lance port' — conf=0.374 at [1072,2352,5904,6399]
2026-10-05 10:49:41.905 | DEBUG    | app.services.part2_extraction.dino_detector:detect_drawing_elements:151 — [DINO] Detected 'title block' — conf=0.299 at [1637,2410,2455,2577]
2026-10-05 10:49:41.905 | DEBUG    | app.services.part2_extraction.dino_detector:detect_drawing_elements:151 — [DINO] Detected 'port' — conf=0.252 at [1456,2411,5881,6355]
2026-10-05 10:49:41.906 | DEBUG    | app.services.part2_extraction.dino_detector:detect_drawing_elements:151 — [DINO] Detected 'front elevation view' — conf=0.284 at [43,47,6570,9293]
2026-10-05 10:49:41.906 | DEBUG    | app.services.part2_extraction.dino_detector:detect_drawing_elements:151 — [DINO] Detected 'title block' — conf=0.263 at [3582,2425,3887,2564]
2026-10-05 10:49:41.906 | DEBUG    | app.services.part2_extraction.dino_detector:detect_drawing_elements:151 — [DINO] Detected 'arrow annotation' — conf=0.307 at [4362,4989,4826,5186]
2026-10-05 10:49:41.906 | DEBUG    | app.services.part2_extraction.dino_detector:detect_drawing_elements:151 — [DINO] Detected 'front elevation' — conf=0.259 at [1055,2340,5911,6416]
2026-10-05 10:49:41.906 | INFO     | app.services.part2_extraction.dino_detector:detect_drawing_elements:156 — [DINO] Detection complete — 8 elements found (threshold=0.25)
2026-10-05 10:49:41.917 | INFO     | app.services.part2_extraction.extraction_service:extract_vessel_geometry:133 — [Part 2] Step 2 — Tesseract OCR extraction…
2026-10-05 10:49:41.921 | DEBUG    | app.services.part2_extraction.ocr_extractor:run_ocr:114 — [OCR] Base image 6617x9356, scaling by 1.0x for OCR
2026-10-05 10:49:42.692 | DEBUG    | app.services.part2_extraction.ocr_extractor:run_ocr:119 — [OCR] Running Tesseract on full image...
2026-10-05 10:49:50.880 | DEBUG    | app.services.part2_extraction.ocr_extractor:run_ocr:143 — [OCR] Full image — 17 unique text lines extracted
2026-10-05 10:49:52.963 | DEBUG    | app.services.part2_extraction.ocr_extractor:run_ocr:161 — [OCR] Region 'oxygen lance port' — 8 lines extracted
2026-10-05 10:49:55.304 | DEBUG    | app.services.part2_extraction.ocr_extractor:run_ocr:161 — [OCR] Region 'oxygen lance port' — 8 lines extracted
2026-10-05 10:49:55.434 | DEBUG    | app.services.part2_extraction.ocr_extractor:run_ocr:161 — [OCR] Region 'title block' — 1 lines extracted
2026-10-05 10:49:57.502 | DEBUG    | app.services.part2_extraction.ocr_extractor:run_ocr:161 — [OCR] Region 'port' — 8 lines extracted
2026-10-05 10:50:07.072 | DEBUG    | app.services.part2_extraction.ocr_extractor:run_ocr:161 — [OCR] Region 'front elevation view' — 9 lines extracted
2026-10-05 10:50:07.264 | DEBUG    | app.services.part2_extraction.ocr_extractor:run_ocr:161 — [OCR] Region 'title block' — 1 lines extracted
2026-10-05 10:50:07.385 | DEBUG    | app.services.part2_extraction.ocr_extractor:run_ocr:161 — [OCR] Region 'arrow annotation' — 1 lines extracted
2026-10-05 10:50:09.731 | DEBUG    | app.services.part2_extraction.ocr_extractor:run_ocr:161 — [OCR] Region 'front elevation' — 9 lines extracted
2026-10-05 10:50:09.731 | DEBUG    | app.utils.unit_parser:parse_dimension:62 — Parsed plain number (assumed mm): '10000' → (10000.0, 'mm')
2026-10-05 10:50:09.731 | DEBUG    | app.utils.unit_parser:parse_dimension:62 — Parsed plain number (assumed mm): '929.8' → (929.8, 'mm')
2026-10-05 10:50:09.731 | DEBUG    | app.utils.unit_parser:parse_dimension:62 — Parsed plain number (assumed mm): '1965.2' → (1965.2, 'mm')
2026-10-05 10:50:09.733 | DEBUG    | app.utils.unit_parser:parse_dimension:62 — Parsed plain number (assumed mm): '4884.35' → (4884.35, 'mm')
2026-10-05 10:50:09.733 | DEBUG    | app.utils.unit_parser:parse_dimension:62 — Parsed plain number (assumed mm): '2415.7' → (2415.7, 'mm')
2026-10-05 10:50:09.735 | DEBUG    | app.utils.unit_parser:parse_dimension:62 — Parsed plain number (assumed mm): '190' → (190.0, 'mm')
2026-10-05 10:50:09.735 | WARNING  | app.utils.unit_parser:parse_dimension:67 — Could not parse dimension from: 'Key'
2026-10-05 10:50:09.737 | DEBUG    | app.utils.unit_parser:parse_dimension:62 — Parsed plain number (assumed mm): '100' → (100.0, 'mm')
2026-10-05 10:50:09.737 | DEBUG    | app.utils.unit_parser:parse_dimension:62 — Parsed plain number (assumed mm): '229.8' → (229.8, 'mm')
2026-10-05 10:50:09.737 | DEBUG    | app.utils.unit_parser:parse_dimension:62 — Parsed plain number (assumed mm): '4384.5' → (4384.5, 'mm')
2026-10-05 10:50:09.737 | WARNING  | app.utils.unit_parser:parse_dimension:67 — Could not parse dimension from: '2415./'
2026-10-05 10:50:09.737 | DEBUG    | app.utils.unit_parser:parse_dimension:62 — Parsed plain number (assumed mm): '10' → (10.0, 'mm')
2026-10-05 10:50:09.737 | WARNING  | app.utils.unit_parser:parse_dimension:67 — Could not parse dimension from: 'f'
2026-10-05 10:50:09.737 | WARNING  | app.utils.unit_parser:parse_dimension:67 — Could not parse dimension from: 'a'
2026-10-05 10:50:09.737 | WARNING  | app.utils.unit_parser:parse_dimension:67 — Could not parse dimension from: '.'
2026-10-05 10:50:09.737 | DEBUG    | app.utils.unit_parser:parse_dimension:62 — Parsed plain number (assumed mm): '1' → (1.0, 'mm')
2026-10-05 10:50:09.737 | WARNING  | app.utils.unit_parser:parse_dimension:67 — Could not parse dimension from: '\'
2026-10-05 10:50:09.737 | WARNING  | app.utils.unit_parser:parse_dimension:67 — Could not parse dimension from: '529.8 1965.2 4884.3 2415.7'
2026-10-05 10:50:09.741 | WARNING  | app.utils.unit_parser:parse_dimension:67 — Could not parse dimension from: '|'
2026-10-05 10:50:09.741 | WARNING  | app.utils.unit_parser:parse_dimension:67 — Could not parse dimension from: 'Key'
2026-10-05 10:50:09.741 | WARNING  | app.utils.unit_parser:parse_dimension:67 — Could not parse dimension from: '| .'
2026-10-05 10:50:09.741 | WARNING  | app.utils.unit_parser:parse_dimension:67 — Could not parse dimension from: 'CO'
2026-10-05 10:50:09.741 | WARNING  | app.utils.unit_parser:parse_dimension:67 — Could not parse dimension from: '\ } y'
2026-10-05 10:50:09.741 | WARNING  | app.utils.unit_parser:parse_dimension:67 — Could not parse dimension from: '='
2026-10-05 10:50:09.741 | WARNING  | app.utils.unit_parser:parse_dimension:67 — Could not parse dimension from: 'MU'
2026-10-05 10:50:09.741 | WARNING  | app.utils.unit_parser:parse_dimension:67 — Could not parse dimension from: '529.8 1965.7 4884.5 2415./'
2026-10-05 10:50:09.741 | WARNING  | app.utils.unit_parser:parse_dimension:67 — Could not parse dimension from: '|'
2026-10-05 10:50:09.741 | WARNING  | app.utils.unit_parser:parse_dimension:67 — Could not parse dimension from: 'n ' Key'
2026-10-05 10:50:09.741 | WARNING  | app.utils.unit_parser:parse_dimension:67 — Could not parse dimension from: 'x'
2026-10-05 10:50:09.741 | WARNING  | app.utils.unit_parser:parse_dimension:67 — Could not parse dimension from: ')'
2026-10-05 10:50:09.741 | WARNING  | app.utils.unit_parser:parse_dimension:67 — Could not parse dimension from: '\ -O |'
2026-10-05 10:50:09.741 | WARNING  | app.utils.unit_parser:parse_dimension:67 — Could not parse dimension from: '_ A'
2026-10-05 10:50:09.741 | WARNING  | app.utils.unit_parser:parse_dimension:67 — Could not parse dimension from: '|e'
2026-10-05 10:50:09.741 | WARNING  | app.utils.unit_parser:parse_dimension:67 — Could not parse dimension from: '929.8 1969.2'
2026-10-05 10:50:09.741 | WARNING  | app.utils.unit_parser:parse_dimension:67 — Could not parse dimension from: '529.8 1965.2 4884.3 2415.7'
2026-10-05 10:50:09.741 | WARNING  | app.utils.unit_parser:parse_dimension:67 — Could not parse dimension from: '|'
2026-10-05 10:50:09.741 | WARNING  | app.utils.unit_parser:parse_dimension:67 — Could not parse dimension from: 'Key'
2026-10-05 10:50:09.741 | WARNING  | app.utils.unit_parser:parse_dimension:67 — Could not parse dimension from: '| .'
2026-10-05 10:50:09.746 | WARNING  | app.utils.unit_parser:parse_dimension:67 — Could not parse dimension from: 'CO'
2026-10-05 10:50:09.746 | WARNING  | app.utils.unit_parser:parse_dimension:67 — Could not parse dimension from: '\ } y'
2026-10-05 10:50:09.746 | WARNING  | app.utils.unit_parser:parse_dimension:67 — Could not parse dimension from: '='
2026-10-05 10:50:09.746 | WARNING  | app.utils.unit_parser:parse_dimension:67 — Could not parse dimension from: 'MU'
2026-10-05 10:50:09.746 | DEBUG    | app.utils.unit_parser:parse_dimension:62 — Parsed plain number (assumed mm): '10000' → (10000.0, 'mm')
2026-10-05 10:50:09.746 | WARNING  | app.utils.unit_parser:parse_dimension:67 — Could not parse dimension from: '529.8 1965.2 4884.3 2415.7 150'
2026-10-05 10:50:09.746 | WARNING  | app.utils.unit_parser:parse_dimension:67 — Could not parse dimension from: '|'
2026-10-05 10:50:09.746 | WARNING  | app.utils.unit_parser:parse_dimension:67 — Could not parse dimension from: 'Sf |'
2026-10-05 10:50:09.746 | WARNING  | app.utils.unit_parser:parse_dimension:67 — Could not parse dimension from: 'x'
2026-10-05 10:50:09.746 | WARNING  | app.utils.unit_parser:parse_dimension:67 — Could not parse dimension from: 'CO'
2026-10-05 10:50:09.746 | WARNING  | app.utils.unit_parser:parse_dimension:67 — Could not parse dimension from: '\ 0|'
2026-10-05 10:50:09.746 | WARNING  | app.utils.unit_parser:parse_dimension:67 — Could not parse dimension from: '__ ML'
2026-10-05 10:50:09.746 | WARNING  | app.utils.unit_parser:parse_dimension:67 — Could not parse dimension from: '\'
2026-10-05 10:50:09.746 | DEBUG    | app.utils.unit_parser:parse_dimension:62 — Parsed plain number (assumed mm): '4384.5' → (4384.5, 'mm')
2026-10-05 10:50:09.746 | WARNING  | app.utils.unit_parser:parse_dimension:67 — Could not parse dimension from: '0!'
2026-10-05 10:50:09.746 | WARNING  | app.utils.unit_parser:parse_dimension:67 — Could not parse dimension from: 'ILUUUY'
2026-10-05 10:50:09.746 | WARNING  | app.utils.unit_parser:parse_dimension:67 — Could not parse dimension from: '929.8 1965.2 4884.3 2415.7'
2026-10-05 10:50:09.750 | WARNING  | app.utils.unit_parser:parse_dimension:67 — Could not parse dimension from: '|'
2026-10-05 10:50:09.750 | WARNING  | app.utils.unit_parser:parse_dimension:67 — Could not parse dimension from: 'GS ' Key'
2026-10-05 10:50:09.750 | WARNING  | app.utils.unit_parser:parse_dimension:67 — Could not parse dimension from: 'iN'
2026-10-05 10:50:09.750 | WARNING  | app.utils.unit_parser:parse_dimension:67 — Could not parse dimension from: 'CO'
2026-10-05 10:50:09.750 | WARNING  | app.utils.unit_parser:parse_dimension:67 — Could not parse dimension from: '\ -Q |'
2026-10-05 10:50:09.750 | WARNING  | app.utils.unit_parser:parse_dimension:67 — Could not parse dimension from: '__'
2026-10-05 10:50:09.750 | WARNING  | app.utils.unit_parser:parse_dimension:67 — Could not parse dimension from: 'Mo'
2026-10-05 10:50:09.750 | INFO     | app.services.part2_extraction.ocr_extractor:run_ocr:168 — [OCR] Complete — raw_lines=62, dimensions=13, vessel_type=unknown
2026-10-05 10:50:09.777 | INFO     | app.services.part2_extraction.extraction_service:extract_vessel_geometry:143 — [Part 2] Step 2b — PDF embedded text extraction (pdfplumber)…
2026-10-05 10:50:09.856 | DEBUG    | app.utils.pdf_text_extractor:extract_pdf_text:59 — [PDF-Text] Page 1: 0 words extracted
2026-10-05 10:50:09.856 | INFO     | app.utils.pdf_text_extractor:extract_pdf_text:84 — [PDF-Text] Extracted 0 unique text items from PDF
2026-10-05 10:50:09.856 | INFO     | app.services.part2_extraction.extraction_service:extract_vessel_geometry:164 — [Part 2] pdfplumber found no text (rasterised PDF)
2026-10-05 10:50:09.856 | INFO     | app.services.part2_extraction.extraction_service:extract_vessel_geometry:168 — [Part 2] Step 2c — PDF positioned dimension extraction…
2026-10-05 10:50:09.900 | INFO     | app.utils.pdf_text_extractor:extract_segment_dimensions:180 — [PDF-Segments] Extracted 0 positioned dimensions
2026-10-05 10:50:09.900 | INFO     | app.services.part2_extraction.extraction_service:extract_vessel_geometry:171 — [Part 2] Positioned dims: 0
2026-10-05 10:50:09.902 | INFO     | app.services.part2_extraction.extraction_service:extract_vessel_geometry:178 — [Part 2] Step 3 — OpenCV geometry analysis…
2026-10-05 10:50:10.259 | DEBUG    | app.services.part2_extraction.opencv_processor:process_geometry:117 — [OpenCV] Detected 291 line segments
2026-10-05 10:50:44.996 | DEBUG    | app.services.part2_extraction.opencv_processor:process_geometry:121 — [OpenCV] Detected 316 circles
2026-10-05 10:50:45.075 | DEBUG    | app.services.part2_extraction.opencv_processor:process_geometry:125 — [OpenCV] Detected 2 significant contours
2026-10-05 10:50:45.075 | INFO     | app.services.part2_extraction.opencv_processor:process_geometry:141 — [OpenCV] Scale estimated from bounding rect: 0.1378 px/mm
2026-10-05 10:50:45.106 | DEBUG    | app.services.part2_extraction.opencv_processor:_detect_vessel_zones:383 — [OpenCV-Zones] Found 1 breakpoints at rows: [1366]
2026-10-05 10:50:45.107 | INFO     | app.services.part2_extraction.opencv_processor:_detect_vessel_zones:427 — [OpenCV-Zones] Assembled 2 zones from 1 breakpoints
2026-10-05 10:50:45.109 | INFO     | app.services.part2_extraction.opencv_processor:process_geometry:150 — [OpenCV] Detected 2 vessel zones from profile contour
2026-10-05 10:50:45.109 | INFO     | app.services.part2_extraction.opencv_processor:process_geometry:155 — [OpenCV] Geometry processing complete.
2026-10-05 10:50:45.116 | INFO     | app.services.part2_extraction.geometry_assembler:assemble_vessel_geometry:61 — [Assembler] Assembling VesselGeometry from extraction results…
2026-10-05 10:50:45.124 | DEBUG    | app.services.part2_extraction.geometry_assembler:_assemble_shell:149 — [Assembler] Outer dia: 10000.0mm ('10000')
2026-10-05 10:50:45.124 | DEBUG    | app.services.part2_extraction.geometry_assembler:_assemble_shell:163 — [Assembler] Total length: 10000.0mm ('10000')
2026-10-05 10:50:45.127 | DEBUG    | app.services.part2_extraction.geometry_assembler:_assemble_shell:169 — [Assembler] OpenCV circle dia estimate: 31988.0mm
2026-10-05 10:50:45.131 | INFO     | app.services.part2_extraction.geometry_assembler:_assemble_profile:257 — [Assembler] Profile from PDF paths: 8 segments
2026-10-05 10:50:45.131 | DEBUG    | app.services.part2_extraction.geometry_assembler:_assemble_nozzles:694 — [Assembler] Nozzles: 2
2026-10-05 10:50:45.131 | INFO     | app.services.part2_extraction.geometry_assembler:assemble_vessel_geometry:89 — [Assembler] Done — type=VesselType.UNKNOWN, conf=0.62, segments=8, method=pdf_paths
2026-10-05 10:50:45.146 | INFO     | app.services.part2_extraction.extraction_service:_save_output:248 — [Part 2] Output saved: data\outputs\d30f1f29-55c5-457a-b797-43cf4d6ae339\vessel_geometry.json
2026-10-05 10:50:45.632 | INFO     | app.services.part2_extraction.extraction_service:_save_output:294 — [Part 2] Excel output saved: data\outputs\d30f1f29-55c5-457a-b797-43cf4d6ae339\vessel_geometry.xlsx
2026-10-05 10:50:45.632 | INFO     | app.services.part2_extraction.extraction_service:extract_vessel_geometry:209 — [Part 2] Extraction complete — job_id=d30f1f29-55c5-457a-b797-43cf4d6ae339, elapsed=96.42s, confidence=0.62, segments=8, method=pdf_paths
2026-10-05 11:01:05.507 | INFO     | app.main:lifespan:43 — RefractoryAI API shutting down.
2026-10-05 11:01:09.028 | INFO     | app.core.logging_config:setup_logging:43 — Logging initialised — level=INFO, env=development
2026-10-05 11:01:09.028 | INFO     | app.main:lifespan:36 — ============================================================
2026-10-05 11:01:09.028 | INFO     | app.main:lifespan:37 —   RefractoryAI API  v0.1.0
2026-10-05 11:01:09.028 | INFO     | app.main:lifespan:38 —   Environment: development
2026-10-05 11:01:09.028 | INFO     | app.main:lifespan:39 —   Device: cpu
2026-10-05 11:01:09.028 | INFO     | app.main:lifespan:40 — ============================================================
2026-10-05 11:01:09.028 | INFO     | app.main:lifespan:41 — Warming up Grounding DINO model on first request (lazy load)...
2026-10-05 11:01:27.474 | INFO     | app.main:lifespan:43 — RefractoryAI API shutting down.
2026-10-05 11:01:28.588 | INFO     | app.core.logging_config:setup_logging:43 — Logging initialised — level=INFO, env=development
2026-10-05 11:01:28.588 | INFO     | app.main:lifespan:36 — ============================================================
2026-10-05 11:01:28.589 | INFO     | app.main:lifespan:37 —   RefractoryAI API  v0.1.0
2026-10-05 11:01:28.589 | INFO     | app.main:lifespan:38 —   Environment: development
2026-10-05 11:01:28.589 | INFO     | app.main:lifespan:39 —   Device: cpu
2026-10-05 11:01:28.589 | INFO     | app.main:lifespan:40 — ============================================================
2026-10-05 11:01:28.589 | INFO     | app.main:lifespan:41 — Warming up Grounding DINO model on first request (lazy load)...
2026-10-05 11:10:28.965 | INFO     | app.main:lifespan:43 — RefractoryAI API shutting down.
2026-10-05 11:10:31.323 | INFO     | app.core.logging_config:setup_logging:43 — Logging initialised — level=INFO, env=development
2026-10-05 11:10:31.323 | INFO     | app.main:lifespan:36 — ============================================================
2026-10-05 11:10:31.323 | INFO     | app.main:lifespan:37 —   RefractoryAI API  v0.1.0
2026-10-05 11:10:31.324 | INFO     | app.main:lifespan:38 —   Environment: development
2026-10-05 11:10:31.324 | INFO     | app.main:lifespan:39 —   Device: cpu
2026-10-05 11:10:31.324 | INFO     | app.main:lifespan:40 — ============================================================
2026-10-05 11:10:31.324 | INFO     | app.main:lifespan:41 — Warming up Grounding DINO model on first request (lazy load)...
2026-10-05 11:11:28.836 | INFO     | app.api.v1.routes_ingestion:upload_drawing:60 — Upload request — filename=input drawing _ naked shell.dxf, content_type=None
2026-10-05 11:11:28.836 | INFO     | app.services.part1_ingestion.ingestion_service:ingest_drawing:82 — [Part 1] Starting ingestion — job_id=ade21b41-1e0b-4031-9247-18e39c3fdf32, file=input drawing _ naked shell.dxf
2026-10-05 11:11:28.836 | DEBUG    | app.services.part1_ingestion.ingestion_service:ingest_drawing:93 — [Part 1] Saved to data\outputs\ade21b41-1e0b-4031-9247-18e39c3fdf32\input drawing _ naked shell.dxf (251291 bytes)
2026-10-05 11:11:28.856 | INFO     | app.services.part1_ingestion.drawing_validator:validate_upload:49 — Validation passed for 'input drawing _ naked shell.dxf'
2026-10-05 11:11:28.857 | INFO     | app.services.part1_ingestion.file_handler:detect_format:49 — Detected format: DrawingFormat.DXF for file: input drawing _ naked shell.dxf
2026-10-05 11:11:29.773 | DEBUG    | app.services.part1_ingestion.file_handler:_load_dxf:147 — Loading DXF: data\outputs\ade21b41-1e0b-4031-9247-18e39c3fdf32\input drawing _ naked shell.dxf
2026-10-05 11:11:30.187 | INFO     | app.services.part1_ingestion.file_handler:load_drawing:86 — Loaded drawing 'input drawing _ naked shell.dxf' — format=DrawingFormat.DXF, pages=1
2026-10-05 11:11:30.187 | INFO     | app.services.part1_ingestion.ingestion_service:ingest_drawing:117 — [Part 1] Ingestion complete — job_id=ade21b41-1e0b-4031-9247-18e39c3fdf32, format=DrawingFormat.DXF, pages=1
2026-10-05 11:15:29.738 | INFO     | app.main:lifespan:43 — RefractoryAI API shutting down.
2026-10-05 11:15:31.698 | INFO     | app.core.logging_config:setup_logging:43 — Logging initialised — level=INFO, env=development
2026-10-05 11:15:31.698 | INFO     | app.main:lifespan:36 — ============================================================
2026-10-05 11:15:31.699 | INFO     | app.main:lifespan:37 —   RefractoryAI API  v0.1.0
2026-10-05 11:15:31.699 | INFO     | app.main:lifespan:38 —   Environment: development
2026-10-05 11:15:31.699 | INFO     | app.main:lifespan:39 —   Device: cpu
2026-10-05 11:15:31.699 | INFO     | app.main:lifespan:40 — ============================================================
2026-10-05 11:15:31.699 | INFO     | app.main:lifespan:41 — Warming up Grounding DINO model on first request (lazy load)...
2026-10-05 11:15:32.816 | INFO     | app.core.logging_config:setup_logging:43 — Logging initialised — level=INFO, env=development
2026-10-05 11:15:32.816 | INFO     | app.main:lifespan:36 — ============================================================
2026-10-05 11:15:32.816 | INFO     | app.main:lifespan:37 —   RefractoryAI API  v0.1.0
2026-10-05 11:15:32.816 | INFO     | app.main:lifespan:38 —   Environment: development
2026-10-05 11:15:32.816 | INFO     | app.main:lifespan:39 —   Device: cpu
2026-10-05 11:15:32.816 | INFO     | app.main:lifespan:40 — ============================================================
2026-10-05 11:15:32.816 | INFO     | app.main:lifespan:41 — Warming up Grounding DINO model on first request (lazy load)...
2026-10-05 11:18:50.812 | INFO     | app.api.v1.routes_extraction:process_drawing:60 — [API] Full process request — file=input drawing _ naked shell.pdf
2026-10-05 11:18:50.812 | INFO     | app.services.part1_ingestion.ingestion_service:ingest_drawing:82 — [Part 1] Starting ingestion — job_id=38b506a4-ca1d-4ec5-bf89-943c7d1f8076, file=input drawing _ naked shell.pdf
2026-10-05 11:18:50.821 | DEBUG    | app.services.part1_ingestion.ingestion_service:ingest_drawing:93 — [Part 1] Saved to data\outputs\38b506a4-ca1d-4ec5-bf89-943c7d1f8076\input drawing _ naked shell.pdf (6078 bytes)
2026-10-05 11:18:50.821 | INFO     | app.services.part1_ingestion.drawing_validator:validate_upload:49 — Validation passed for 'input drawing _ naked shell.pdf'
2026-10-05 11:18:50.826 | INFO     | app.services.part1_ingestion.file_handler:detect_format:49 — Detected format: DrawingFormat.PDF for file: input drawing _ naked shell.pdf
2026-10-05 11:18:50.829 | ERROR    | app.api.v1.routes_extraction:process_drawing:84 — Ingestion error
Traceback (most recent call last):

  File "D:\ZeroZeta\refractoryAI\app\services\part1_ingestion\file_handler.py", line 97, in _load_pdf
    import fitz  # PyMuPDF

ModuleNotFoundError: No module named 'fitz'


During handling of the above exception, another exception occurred:


Traceback (most recent call last):

  File "<string>", line 1, in <module>
  File "C:\Program Files\Python311\Lib\multiprocessing\spawn.py", line 122, in spawn_main
    exitcode = _main(fd, parent_sentinel)
               │     │   └ 328
               │     └ 3
               └ <function _main at 0x000001F1423BE020>
  File "C:\Program Files\Python311\Lib\multiprocessing\spawn.py", line 135, in _main
    return self._bootstrap(parent_sentinel)
           │    │          └ 328
           │    └ <function BaseProcess._bootstrap at 0x000001F142093920>
           └ <SpawnProcess name='SpawnProcess-9' parent=10176 started>
  File "C:\Program Files\Python311\Lib\multiprocessing\process.py", line 314, in _bootstrap
    self.run()
    │    └ <function BaseProcess.run at 0x000001F142092E80>
    └ <SpawnProcess name='SpawnProcess-9' parent=10176 started>
  File "C:\Program Files\Python311\Lib\multiprocessing\process.py", line 108, in run
    self._target(*self._args, **self._kwargs)
    │    │        │    │        │    └ {'config': <uvicorn.config.Config object at 0x000001F142391910>, 'target': <bound method Server.run of <uvicorn.server.Server...
    │    │        │    │        └ <SpawnProcess name='SpawnProcess-9' parent=10176 started>
    │    │        │    └ ()
    │    │        └ <SpawnProcess name='SpawnProcess-9' parent=10176 started>
    │    └ <function subprocess_started at 0x000001F1447FDD00>
    └ <SpawnProcess name='SpawnProcess-9' parent=10176 started>
  File "D:\ZeroZeta\refractoryAI\venv\Lib\site-packages\uvicorn\_subprocess.py", line 80, in subprocess_started
    target(sockets=sockets)
    │              └ [<socket.socket fd=368, family=2, type=1, proto=6, laddr=('127.0.0.1', 8000)>]
    └ <bound method Server.run of <uvicorn.server.Server object at 0x000001F144845E50>>
  File "D:\ZeroZeta\refractoryAI\venv\Lib\site-packages\uvicorn\server.py", line 65, in run
    return asyncio.run(self.serve(sockets=sockets))
           │       │   │    │             └ [<socket.socket fd=368, family=2, type=1, proto=6, laddr=('127.0.0.1', 8000)>]
           │       │   │    └ <function Server.serve at 0x000001F1447FCAE0>
           │       │   └ <uvicorn.server.Server object at 0x000001F144845E50>
           │       └ <function run at 0x000001F1440B0860>
           └ <module 'asyncio' from 'C:\\Program Files\\Python311\\Lib\\asyncio\\__init__.py'>
  File "C:\Program Files\Python311\Lib\asyncio\runners.py", line 190, in run
    return runner.run(main)
           │      │   └ <coroutine object Server.serve at 0x000001F1448255D0>
           │      └ <function Runner.run at 0x000001F1440B4A40>
           └ <asyncio.runners.Runner object at 0x000001F144847B10>
  File "C:\Program Files\Python311\Lib\asyncio\runners.py", line 118, in run
    return self._loop.run_until_complete(task)
           │    │     │                  └ <Task pending name='Task-1' coro=<Server.serve() running at D:\ZeroZeta\refractoryAI\venv\Lib\site-packages\uvicorn\server.py...
           │    │     └ <function BaseEventLoop.run_until_complete at 0x000001F1440B2660>
           │    └ <_WindowsSelectorEventLoop running=True closed=False debug=False>
           └ <asyncio.runners.Runner object at 0x000001F144847B10>
  File "C:\Program Files\Python311\Lib\asyncio\base_events.py", line 641, in run_until_complete
    self.run_forever()
    │    └ <function BaseEventLoop.run_forever at 0x000001F1440B25C0>
    └ <_WindowsSelectorEventLoop running=True closed=False debug=False>
  File "C:\Program Files\Python311\Lib\asyncio\base_events.py", line 608, in run_forever
    self._run_once()
    │    └ <function BaseEventLoop._run_once at 0x000001F1440B4400>
    └ <_WindowsSelectorEventLoop running=True closed=False debug=False>
  File "C:\Program Files\Python311\Lib\asyncio\base_events.py", line 1936, in _run_once
    handle._run()
    │      └ <function Handle._run at 0x000001F143FF6840>
    └ <Handle <TaskStepMethWrapper object at 0x000001F166398CD0>()>
  File "C:\Program Files\Python311\Lib\asyncio\events.py", line 84, in _run
    self._context.run(self._callback, *self._args)
    │    │            │    │           │    └ <member '_args' of 'Handle' objects>
    │    │            │    │           └ <Handle <TaskStepMethWrapper object at 0x000001F166398CD0>()>
    │    │            │    └ <member '_callback' of 'Handle' objects>
    │    │            └ <Handle <TaskStepMethWrapper object at 0x000001F166398CD0>()>
    │    └ <member '_context' of 'Handle' objects>
    └ <Handle <TaskStepMethWrapper object at 0x000001F166398CD0>()>
  File "D:\ZeroZeta\refractoryAI\venv\Lib\site-packages\uvicorn\protocols\http\httptools_impl.py", line 409, in run_asgi
    result = await app(  # type: ignore[func-returns-value]
                   └ <uvicorn.middleware.proxy_headers.ProxyHeadersMiddleware object at 0x000001F144871890>
  File "D:\ZeroZeta\refractoryAI\venv\Lib\site-packages\uvicorn\middleware\proxy_headers.py", line 60, in __call__
    return await self.app(scope, receive, send)
                 │    │   │      │        └ <bound method RequestResponseCycle.send of <uvicorn.protocols.http.httptools_impl.RequestResponseCycle object at 0x000001F166...
                 │    │   │      └ <bound method RequestResponseCycle.receive of <uvicorn.protocols.http.httptools_impl.RequestResponseCycle object at 0x000001F...
                 │    │   └ {'type': 'http', 'asgi': {'version': '3.0', 'spec_version': '2.3'}, 'http_version': '1.1', 'server': ('127.0.0.1', 8000), 'cl...
                 │    └ <fastapi.applications.FastAPI object at 0x000001F165748210>
                 └ <uvicorn.middleware.proxy_headers.ProxyHeadersMiddleware object at 0x000001F144871890>
  File "D:\ZeroZeta\refractoryAI\venv\Lib\site-packages\fastapi\applications.py", line 1054, in __call__
    await super().__call__(scope, receive, send)
                           │      │        └ <bound method RequestResponseCycle.send of <uvicorn.protocols.http.httptools_impl.RequestResponseCycle object at 0x000001F166...
                           │      └ <bound method RequestResponseCycle.receive of <uvicorn.protocols.http.httptools_impl.RequestResponseCycle object at 0x000001F...
                           └ {'type': 'http', 'asgi': {'version': '3.0', 'spec_version': '2.3'}, 'http_version': '1.1', 'server': ('127.0.0.1', 8000), 'cl...
  File "D:\ZeroZeta\refractoryAI\venv\Lib\site-packages\starlette\applications.py", line 113, in __call__
    await self.middleware_stack(scope, receive, send)
          │    │                │      │        └ <bound method RequestResponseCycle.send of <uvicorn.protocols.http.httptools_impl.RequestResponseCycle object at 0x000001F166...
          │    │                │      └ <bound method RequestResponseCycle.receive of <uvicorn.protocols.http.httptools_impl.RequestResponseCycle object at 0x000001F...
          │    │                └ {'type': 'http', 'asgi': {'version': '3.0', 'spec_version': '2.3'}, 'http_version': '1.1', 'server': ('127.0.0.1', 8000), 'cl...
          │    └ <starlette.middleware.errors.ServerErrorMiddleware object at 0x000001F164CE3C10>
          └ <fastapi.applications.FastAPI object at 0x000001F165748210>
  File "D:\ZeroZeta\refractoryAI\venv\Lib\site-packages\starlette\middleware\errors.py", line 165, in __call__
    await self.app(scope, receive, _send)
          │    │   │      │        └ <function ServerErrorMiddleware.__call__.<locals>._send at 0x000001F144856200>
          │    │   │      └ <bound method RequestResponseCycle.receive of <uvicorn.protocols.http.httptools_impl.RequestResponseCycle object at 0x000001F...
          │    │   └ {'type': 'http', 'asgi': {'version': '3.0', 'spec_version': '2.3'}, 'http_version': '1.1', 'server': ('127.0.0.1', 8000), 'cl...
          │    └ <starlette.middleware.cors.CORSMiddleware object at 0x000001F165D97ED0>
          └ <starlette.middleware.errors.ServerErrorMiddleware object at 0x000001F164CE3C10>
  File "D:\ZeroZeta\refractoryAI\venv\Lib\site-packages\starlette\middleware\cors.py", line 93, in __call__
    await self.simple_response(scope, receive, send, request_headers=headers)
          │    │               │      │        │                     └ Headers({'host': '127.0.0.1:8000', 'connection': 'keep-alive', 'content-length': '6288', 'sec-ch-ua-platform': '"Windows"', '...
          │    │               │      │        └ <function ServerErrorMiddleware.__call__.<locals>._send at 0x000001F144856200>
          │    │               │      └ <bound method RequestResponseCycle.receive of <uvicorn.protocols.http.httptools_impl.RequestResponseCycle object at 0x000001F...
          │    │               └ {'type': 'http', 'asgi': {'version': '3.0', 'spec_version': '2.3'}, 'http_version': '1.1', 'server': ('127.0.0.1', 8000), 'cl...
          │    └ <function CORSMiddleware.simple_response at 0x000001F146A2DB20>
          └ <starlette.middleware.cors.CORSMiddleware object at 0x000001F165D97ED0>
  File "D:\ZeroZeta\refractoryAI\venv\Lib\site-packages\starlette\middleware\cors.py", line 144, in simple_response
    await self.app(scope, receive, send)
          │    │   │      │        └ functools.partial(<bound method CORSMiddleware.send of <starlette.middleware.cors.CORSMiddleware object at 0x000001F165D97ED0...
          │    │   │      └ <bound method RequestResponseCycle.receive of <uvicorn.protocols.http.httptools_impl.RequestResponseCycle object at 0x000001F...
          │    │   └ {'type': 'http', 'asgi': {'version': '3.0', 'spec_version': '2.3'}, 'http_version': '1.1', 'server': ('127.0.0.1', 8000), 'cl...
          │    └ <starlette.middleware.exceptions.ExceptionMiddleware object at 0x000001F165DA0ED0>
          └ <starlette.middleware.cors.CORSMiddleware object at 0x000001F165D97ED0>
  File "D:\ZeroZeta\refractoryAI\venv\Lib\site-packages\starlette\middleware\exceptions.py", line 62, in __call__
    await wrap_app_handling_exceptions(self.app, conn)(scope, receive, send)
          │                            │    │    │     │      │        └ functools.partial(<bound method CORSMiddleware.send of <starlette.middleware.cors.CORSMiddleware object at 0x000001F165D97ED0...
          │                            │    │    │     │      └ <bound method RequestResponseCycle.receive of <uvicorn.protocols.http.httptools_impl.RequestResponseCycle object at 0x000001F...
          │                            │    │    │     └ {'type': 'http', 'asgi': {'version': '3.0', 'spec_version': '2.3'}, 'http_version': '1.1', 'server': ('127.0.0.1', 8000), 'cl...
          │                            │    │    └ <starlette.requests.Request object at 0x000001F1664325D0>
          │                            │    └ <fastapi.routing.APIRouter object at 0x000001F144A37510>
          │                            └ <starlette.middleware.exceptions.ExceptionMiddleware object at 0x000001F165DA0ED0>
          └ <function wrap_app_handling_exceptions at 0x000001F14697AE80>
  File "D:\ZeroZeta\refractoryAI\venv\Lib\site-packages\starlette\_exception_handler.py", line 42, in wrapped_app
    await app(scope, receive, sender)
          │   │      │        └ <function wrap_app_handling_exceptions.<locals>.wrapped_app.<locals>.sender at 0x000001F1663BAA20>
          │   │      └ <bound method RequestResponseCycle.receive of <uvicorn.protocols.http.httptools_impl.RequestResponseCycle object at 0x000001F...
          │   └ {'type': 'http', 'asgi': {'version': '3.0', 'spec_version': '2.3'}, 'http_version': '1.1', 'server': ('127.0.0.1', 8000), 'cl...
          └ <fastapi.routing.APIRouter object at 0x000001F144A37510>
  File "D:\ZeroZeta\refractoryAI\venv\Lib\site-packages\starlette\routing.py", line 715, in __call__
    await self.middleware_stack(scope, receive, send)
          │    │                │      │        └ <function wrap_app_handling_exceptions.<locals>.wrapped_app.<locals>.sender at 0x000001F1663BAA20>
          │    │                │      └ <bound method RequestResponseCycle.receive of <uvicorn.protocols.http.httptools_impl.RequestResponseCycle object at 0x000001F...
          │    │                └ {'type': 'http', 'asgi': {'version': '3.0', 'spec_version': '2.3'}, 'http_version': '1.1', 'server': ('127.0.0.1', 8000), 'cl...
          │    └ <bound method Router.app of <fastapi.routing.APIRouter object at 0x000001F144A37510>>
          └ <fastapi.routing.APIRouter object at 0x000001F144A37510>
  File "D:\ZeroZeta\refractoryAI\venv\Lib\site-packages\starlette\routing.py", line 735, in app
    await route.handle(scope, receive, send)
          │     │      │      │        └ <function wrap_app_handling_exceptions.<locals>.wrapped_app.<locals>.sender at 0x000001F1663BAA20>
          │     │      │      └ <bound method RequestResponseCycle.receive of <uvicorn.protocols.http.httptools_impl.RequestResponseCycle object at 0x000001F...
          │     │      └ {'type': 'http', 'asgi': {'version': '3.0', 'spec_version': '2.3'}, 'http_version': '1.1', 'server': ('127.0.0.1', 8000), 'cl...
          │     └ <function Route.handle at 0x000001F14699C540>
          └ APIRoute(path='/api/v1/extraction/process', name='process_drawing', methods=['POST'])
  File "D:\ZeroZeta\refractoryAI\venv\Lib\site-packages\starlette\routing.py", line 288, in handle
    await self.app(scope, receive, send)
          │    │   │      │        └ <function wrap_app_handling_exceptions.<locals>.wrapped_app.<locals>.sender at 0x000001F1663BAA20>
          │    │   │      └ <bound method RequestResponseCycle.receive of <uvicorn.protocols.http.httptools_impl.RequestResponseCycle object at 0x000001F...
          │    │   └ {'type': 'http', 'asgi': {'version': '3.0', 'spec_version': '2.3'}, 'http_version': '1.1', 'server': ('127.0.0.1', 8000), 'cl...
          │    └ <function request_response.<locals>.app at 0x000001F166418180>
          └ APIRoute(path='/api/v1/extraction/process', name='process_drawing', methods=['POST'])
  File "D:\ZeroZeta\refractoryAI\venv\Lib\site-packages\starlette\routing.py", line 76, in app
    await wrap_app_handling_exceptions(app, request)(scope, receive, send)
          │                            │    │        │      │        └ <function wrap_app_handling_exceptions.<locals>.wrapped_app.<locals>.sender at 0x000001F1663BAA20>
          │                            │    │        │      └ <bound method RequestResponseCycle.receive of <uvicorn.protocols.http.httptools_impl.RequestResponseCycle object at 0x000001F...
          │                            │    │        └ {'type': 'http', 'asgi': {'version': '3.0', 'spec_version': '2.3'}, 'http_version': '1.1', 'server': ('127.0.0.1', 8000), 'cl...
          │                            │    └ <starlette.requests.Request object at 0x000001F166430C10>
          │                            └ <function request_response.<locals>.app.<locals>.app at 0x000001F1663B98A0>
          └ <function wrap_app_handling_exceptions at 0x000001F14697AE80>
  File "D:\ZeroZeta\refractoryAI\venv\Lib\site-packages\starlette\_exception_handler.py", line 42, in wrapped_app
    await app(scope, receive, sender)
          │   │      │        └ <function wrap_app_handling_exceptions.<locals>.wrapped_app.<locals>.sender at 0x000001F1664189A0>
          │   │      └ <bound method RequestResponseCycle.receive of <uvicorn.protocols.http.httptools_impl.RequestResponseCycle object at 0x000001F...
          │   └ {'type': 'http', 'asgi': {'version': '3.0', 'spec_version': '2.3'}, 'http_version': '1.1', 'server': ('127.0.0.1', 8000), 'cl...
          └ <function request_response.<locals>.app.<locals>.app at 0x000001F1663B98A0>
  File "D:\ZeroZeta\refractoryAI\venv\Lib\site-packages\starlette\routing.py", line 73, in app
    response = await f(request)
                     │ └ <starlette.requests.Request object at 0x000001F166430C10>
                     └ <function get_request_handler.<locals>.app at 0x000001F166418400>
  File "D:\ZeroZeta\refractoryAI\venv\Lib\site-packages\fastapi\routing.py", line 301, in app
    raw_response = await run_endpoint_function(
                         └ <function run_endpoint_function at 0x000001F14699C040>
  File "D:\ZeroZeta\refractoryAI\venv\Lib\site-packages\fastapi\routing.py", line 212, in run_endpoint_function
    return await dependant.call(**values)
                 │         │      └ {'file': UploadFile(filename='input drawing _ naked shell.pdf', size=6078, headers=Headers({'content-disposition': 'form-data...
                 │         └ <function process_drawing at 0x000001F16545D8A0>
                 └ Dependant(path_params=[], query_params=[], header_params=[], cookie_params=[], body_params=[ModelField(field_info=File(Pydant...

> File "D:\ZeroZeta\refractoryAI\app\api\v1\routes_extraction.py", line 71, in process_drawing
    ingestion_result = await ingest_drawing(
                             └ <function ingest_drawing at 0x000001F165443060>

  File "D:\ZeroZeta\refractoryAI\app\services\part1_ingestion\ingestion_service.py", line 99, in ingest_drawing
    images, fmt = load_drawing(file_path)
                  │            └ WindowsPath('data/outputs/38b506a4-ca1d-4ec5-bf89-943c7d1f8076/input drawing _ naked shell.pdf')
                  └ <function load_drawing at 0x000001F164F77560>

  File "D:\ZeroZeta\refractoryAI\app\services\part1_ingestion\file_handler.py", line 73, in load_drawing
    images = _load_pdf(path)
             │         └ WindowsPath('data/outputs/38b506a4-ca1d-4ec5-bf89-943c7d1f8076/input drawing _ naked shell.pdf')
             └ <function _load_pdf at 0x000001F165442200>

  File "D:\ZeroZeta\refractoryAI\app\services\part1_ingestion\file_handler.py", line 99, in _load_pdf
    raise RuntimeError("PyMuPDF is not installed. Run: pip install PyMuPDF")

RuntimeError: PyMuPDF is not installed. Run: pip install PyMuPDF
2026-10-05 11:23:04.209 | INFO     | app.main:lifespan:43 — RefractoryAI API shutting down.
2026-10-05 11:23:06.591 | INFO     | app.core.logging_config:setup_logging:43 — Logging initialised — level=INFO, env=development
2026-10-05 11:23:06.591 | INFO     | app.main:lifespan:36 — ============================================================
2026-10-05 11:23:06.591 | INFO     | app.main:lifespan:37 —   RefractoryAI API  v0.1.0
2026-10-05 11:23:06.591 | INFO     | app.main:lifespan:38 —   Environment: development
2026-10-05 11:23:06.591 | INFO     | app.main:lifespan:39 —   Device: cpu
2026-10-05 11:23:06.591 | INFO     | app.main:lifespan:40 — ============================================================
2026-10-05 11:23:06.591 | INFO     | app.main:lifespan:41 — Warming up Grounding DINO model on first request (lazy load)...
2026-10-05 11:23:07.912 | INFO     | app.core.logging_config:setup_logging:43 — Logging initialised — level=INFO, env=development
2026-10-05 11:23:07.913 | INFO     | app.main:lifespan:36 — ============================================================
2026-10-05 11:23:07.913 | INFO     | app.main:lifespan:37 —   RefractoryAI API  v0.1.0
2026-10-05 11:23:07.913 | INFO     | app.main:lifespan:38 —   Environment: development
2026-10-05 11:23:07.913 | INFO     | app.main:lifespan:39 —   Device: cpu
2026-10-05 11:23:07.913 | INFO     | app.main:lifespan:40 — ============================================================
2026-10-05 11:23:07.913 | INFO     | app.main:lifespan:41 — Warming up Grounding DINO model on first request (lazy load)...
2026-10-05 11:25:34.193 | INFO     | app.api.v1.routes_extraction:process_drawing:60 — [API] Full process request — file=input drawing _ naked shell.pdf
2026-10-05 11:25:34.205 | INFO     | app.services.part1_ingestion.ingestion_service:ingest_drawing:82 — [Part 1] Starting ingestion — job_id=0192723a-9e45-4e46-81a2-fb7838f73923, file=input drawing _ naked shell.pdf
2026-10-05 11:25:34.207 | DEBUG    | app.services.part1_ingestion.ingestion_service:ingest_drawing:93 — [Part 1] Saved to data\outputs\0192723a-9e45-4e46-81a2-fb7838f73923\input drawing _ naked shell.pdf (6078 bytes)
2026-10-05 11:25:34.208 | INFO     | app.services.part1_ingestion.drawing_validator:validate_upload:49 — Validation passed for 'input drawing _ naked shell.pdf'
2026-10-05 11:25:34.208 | INFO     | app.services.part1_ingestion.file_handler:detect_format:49 — Detected format: DrawingFormat.PDF for file: input drawing _ naked shell.pdf
2026-10-05 11:25:34.376 | DEBUG    | app.services.part1_ingestion.file_handler:_load_pdf:101 — Loading PDF via PyMuPDF: data\outputs\0192723a-9e45-4e46-81a2-fb7838f73923\input drawing _ naked shell.pdf
2026-10-05 11:25:34.627 | DEBUG    | app.services.part1_ingestion.file_handler:_load_pdf:122 —   Page 1: shape=(9262, 6551, 3)
2026-10-05 11:25:34.654 | INFO     | app.services.part1_ingestion.file_handler:load_drawing:86 — Loaded drawing 'input drawing _ naked shell.pdf' — format=DrawingFormat.PDF, pages=1
2026-10-05 11:25:34.654 | INFO     | app.services.part1_ingestion.ingestion_service:ingest_drawing:117 — [Part 1] Ingestion complete — job_id=0192723a-9e45-4e46-81a2-fb7838f73923, format=DrawingFormat.PDF, pages=1
2026-10-05 11:25:34.654 | INFO     | app.services.part2_extraction.extraction_service:extract_vessel_geometry:54 — [Part 2] Starting extraction — job_id=0192723a-9e45-4e46-81a2-fb7838f73923, format=DrawingFormat.PDF, pages=1
2026-10-05 11:25:34.656 | INFO     | app.services.part2_extraction.extraction_service:extract_vessel_geometry:104 — [Part 2] Step 0b — PDF vector path extraction…
2026-10-05 11:25:34.984 | INFO     | app.utils.pdf_path_extractor:extract_pdf_path_profile:120 — [PDF-Paths] Found 816 path segments
2026-10-05 11:25:35.016 | INFO     | app.utils.pdf_path_extractor:extract_pdf_path_profile:147 — [PDF-Paths] Profile extracted: 197 pts, height=316.3mm, max_r=146.0mm
2026-10-05 11:25:35.017 | INFO     | app.services.part2_extraction.extraction_service:extract_vessel_geometry:111 — [Part 2] PDF path profile: 197 pts, h=316mm
2026-10-05 11:25:35.017 | INFO     | app.services.part2_extraction.extraction_service:extract_vessel_geometry:124 — [Part 2] Step 1 — Grounding DINO detection…
2026-10-05 11:25:35.017 | INFO     | app.services.part2_extraction.dino_detector:_get_model_and_processor:66 — [DINO] Loading model: IDEA-Research/grounding-dino-base on device=cpu
2026-10-05 11:25:45.821 | INFO     | app.services.part2_extraction.dino_detector:_get_model_and_processor:86 — [DINO] Model loaded and ready.
2026-10-05 11:25:46.181 | DEBUG    | app.services.part2_extraction.dino_detector:detect_drawing_elements:113 — [DINO] Running detection on image 6551x9262
2026-10-05 11:26:11.295 | DEBUG    | app.services.part2_extraction.dino_detector:detect_drawing_elements:151 — [DINO] Detected 'oxygen lance port' — conf=0.328 at [1437,2396,5810,6289]
2026-10-05 11:26:11.304 | DEBUG    | app.services.part2_extraction.dino_detector:detect_drawing_elements:151 — [DINO] Detected 'oxygen lance port' — conf=0.382 at [1057,2330,5844,6334]
2026-10-05 11:26:11.304 | DEBUG    | app.services.part2_extraction.dino_detector:detect_drawing_elements:151 — [DINO] Detected 'port' — conf=0.262 at [1436,2385,5823,6292]
2026-10-05 11:26:11.304 | DEBUG    | app.services.part2_extraction.dino_detector:detect_drawing_elements:151 — [DINO] Detected 'title block' — conf=0.294 at [1621,2386,2431,2552]
2026-10-05 11:26:11.304 | DEBUG    | app.services.part2_extraction.dino_detector:detect_drawing_elements:151 — [DINO] Detected 'front elevation view' — conf=0.284 at [43,48,6505,9199]
2026-10-05 11:26:11.304 | DEBUG    | app.services.part2_extraction.dino_detector:detect_drawing_elements:151 — [DINO] Detected 'title block' — conf=0.263 at [3546,2401,3849,2539]
2026-10-05 11:26:11.304 | DEBUG    | app.services.part2_extraction.dino_detector:detect_drawing_elements:151 — [DINO] Detected 'arrow annotation' — conf=0.307 at [4318,4939,4778,5133]
2026-10-05 11:26:11.304 | DEBUG    | app.services.part2_extraction.dino_detector:detect_drawing_elements:151 — [DINO] Detected 'front elevation' — conf=0.266 at [1051,2320,5849,6348]
2026-10-05 11:26:11.304 | INFO     | app.services.part2_extraction.dino_detector:detect_drawing_elements:156 — [DINO] Detection complete — 8 elements found (threshold=0.25)
2026-10-05 11:26:11.315 | INFO     | app.services.part2_extraction.extraction_service:extract_vessel_geometry:133 — [Part 2] Step 2 — Tesseract OCR extraction…
2026-10-05 11:26:11.320 | DEBUG    | app.services.part2_extraction.ocr_extractor:run_ocr:114 — [OCR] Base image 6551x9262, scaling by 1.0x for OCR
2026-10-05 11:26:11.902 | DEBUG    | app.services.part2_extraction.ocr_extractor:run_ocr:119 — [OCR] Running Tesseract on full image...
2026-10-05 11:26:25.842 | DEBUG    | app.services.part2_extraction.ocr_extractor:run_ocr:149 — [OCR] Full image — 20 unique text lines extracted
2026-10-05 11:26:28.576 | DEBUG    | app.services.part2_extraction.ocr_extractor:run_ocr:167 — [OCR] Region 'oxygen lance port' — 8 lines extracted
2026-10-05 11:26:30.981 | DEBUG    | app.services.part2_extraction.ocr_extractor:run_ocr:167 — [OCR] Region 'oxygen lance port' — 10 lines extracted
2026-10-05 11:26:33.102 | DEBUG    | app.services.part2_extraction.ocr_extractor:run_ocr:167 — [OCR] Region 'port' — 8 lines extracted
2026-10-05 11:26:33.246 | DEBUG    | app.services.part2_extraction.ocr_extractor:run_ocr:167 — [OCR] Region 'title block' — 1 lines extracted
2026-10-05 11:26:44.968 | DEBUG    | app.services.part2_extraction.ocr_extractor:run_ocr:167 — [OCR] Region 'front elevation view' — 11 lines extracted
2026-10-05 11:26:45.167 | DEBUG    | app.services.part2_extraction.ocr_extractor:run_ocr:167 — [OCR] Region 'title block' — 1 lines extracted
2026-10-05 11:26:45.286 | DEBUG    | app.services.part2_extraction.ocr_extractor:run_ocr:167 — [OCR] Region 'arrow annotation' — 1 lines extracted
2026-10-05 11:26:47.641 | DEBUG    | app.services.part2_extraction.ocr_extractor:run_ocr:167 — [OCR] Region 'front elevation' — 11 lines extracted
2026-10-05 11:26:47.642 | WARNING  | app.utils.unit_parser:parse_dimension:67 — Could not parse dimension from: '1Q000'
2026-10-05 11:26:47.642 | DEBUG    | app.utils.unit_parser:parse_dimension:62 — Parsed plain number (assumed mm): '929.8' → (929.8, 'mm')
2026-10-05 11:26:47.642 | DEBUG    | app.utils.unit_parser:parse_dimension:62 — Parsed plain number (assumed mm): '1965.2' → (1965.2, 'mm')
2026-10-05 11:26:47.642 | DEBUG    | app.utils.unit_parser:parse_dimension:62 — Parsed plain number (assumed mm): '4884.35' → (4884.35, 'mm')
2026-10-05 11:26:47.642 | DEBUG    | app.utils.unit_parser:parse_dimension:62 — Parsed plain number (assumed mm): '2415.7' → (2415.7, 'mm')
2026-10-05 11:26:47.642 | DEBUG    | app.utils.unit_parser:parse_dimension:62 — Parsed plain number (assumed mm): '150' → (150.0, 'mm')
2026-10-05 11:26:47.642 | WARNING  | app.utils.unit_parser:parse_dimension:67 — Could not parse dimension from: '|'
2026-10-05 11:26:47.642 | WARNING  | app.utils.unit_parser:parse_dimension:67 — Could not parse dimension from: 'Key'
2026-10-05 11:26:47.642 | DEBUG    | app.utils.unit_parser:parse_dimension:62 — Parsed plain number (assumed mm): '100' → (100.0, 'mm')
2026-10-05 11:26:47.642 | DEBUG    | app.utils.unit_parser:parse_dimension:62 — Parsed plain number (assumed mm): '229.8' → (229.8, 'mm')
2026-10-05 11:26:47.642 | DEBUG    | app.utils.unit_parser:parse_dimension:62 — Parsed plain number (assumed mm): '1969.2' → (1969.2, 'mm')
2026-10-05 11:26:47.642 | DEBUG    | app.utils.unit_parser:parse_dimension:62 — Parsed plain number (assumed mm): '4384.5' → (4384.5, 'mm')
2026-10-05 11:26:47.642 | WARNING  | app.utils.unit_parser:parse_dimension:67 — Could not parse dimension from: '2415./'
2026-10-05 11:26:47.642 | WARNING  | app.utils.unit_parser:parse_dimension:67 — Could not parse dimension from: '\'
2026-10-05 11:26:47.642 | WARNING  | app.utils.unit_parser:parse_dimension:67 — Could not parse dimension from: 'a'
2026-10-05 11:26:47.642 | WARNING  | app.utils.unit_parser:parse_dimension:67 — Could not parse dimension from: '8f'
2026-10-05 11:26:47.642 | DEBUG    | app.utils.unit_parser:parse_dimension:62 — Parsed plain number (assumed mm): '0' → (0.0, 'mm')
2026-10-05 11:26:47.642 | DEBUG    | app.utils.unit_parser:parse_dimension:62 — Parsed plain number (assumed mm): '1' → (1.0, 'mm')
2026-10-05 11:26:47.642 | WARNING  | app.utils.unit_parser:parse_dimension:67 — Could not parse dimension from: '/'
2026-10-05 11:26:47.642 | DEBUG    | app.utils.unit_parser:parse_dimension:62 — Parsed plain number (assumed mm): '01' → (1.0, 'mm')
2026-10-05 11:26:47.642 | WARNING  | app.utils.unit_parser:parse_dimension:67 — Could not parse dimension from: '929.8 1965.7 4384.35 2415./'
2026-10-05 11:26:47.642 | WARNING  | app.utils.unit_parser:parse_dimension:67 — Could not parse dimension from: '|'
2026-10-05 11:26:47.642 | WARNING  | app.utils.unit_parser:parse_dimension:67 — Could not parse dimension from: 'Key'
2026-10-05 11:26:47.642 | WARNING  | app.utils.unit_parser:parse_dimension:67 — Could not parse dimension from: '| .'
2026-10-05 11:26:47.642 | WARNING  | app.utils.unit_parser:parse_dimension:67 — Could not parse dimension from: '=)'
2026-10-05 11:26:47.642 | WARNING  | app.utils.unit_parser:parse_dimension:67 — Could not parse dimension from: '\ } y'
2026-10-05 11:26:47.642 | WARNING  | app.utils.unit_parser:parse_dimension:67 — Could not parse dimension from: 'Le'
2026-10-05 11:26:47.642 | WARNING  | app.utils.unit_parser:parse_dimension:67 — Could not parse dimension from: 'Ma'
2026-10-05 11:26:47.642 | WARNING  | app.utils.unit_parser:parse_dimension:67 — Could not parse dimension from: '529.8 1969.2 4804.5 2419./'
2026-10-05 11:26:47.642 | WARNING  | app.utils.unit_parser:parse_dimension:67 — Could not parse dimension from: '|'
2026-10-05 11:26:47.642 | WARNING  | app.utils.unit_parser:parse_dimension:67 — Could not parse dimension from: '1 8 |'
2026-10-05 11:26:47.642 | WARNING  | app.utils.unit_parser:parse_dimension:67 — Could not parse dimension from: 'SO'
2026-10-05 11:26:47.642 | WARNING  | app.utils.unit_parser:parse_dimension:67 — Could not parse dimension from: '4 CO Key'
2026-10-05 11:26:47.642 | WARNING  | app.utils.unit_parser:parse_dimension:67 — Could not parse dimension from: 'iN'
2026-10-05 11:26:47.642 | WARNING  | app.utils.unit_parser:parse_dimension:67 — Could not parse dimension from: 'CO'
2026-10-05 11:26:47.652 | WARNING  | app.utils.unit_parser:parse_dimension:67 — Could not parse dimension from: '\ -O |'
2026-10-05 11:26:47.652 | WARNING  | app.utils.unit_parser:parse_dimension:67 — Could not parse dimension from: '_'
2026-10-05 11:26:47.652 | WARNING  | app.utils.unit_parser:parse_dimension:67 — Could not parse dimension from: '_\'
2026-10-05 11:26:47.652 | WARNING  | app.utils.unit_parser:parse_dimension:67 — Could not parse dimension from: '929.8 1965.7 4384.35 2415./'
2026-10-05 11:26:47.652 | WARNING  | app.utils.unit_parser:parse_dimension:67 — Could not parse dimension from: '|'
2026-10-05 11:26:47.652 | WARNING  | app.utils.unit_parser:parse_dimension:67 — Could not parse dimension from: 'Key'
2026-10-05 11:26:47.652 | WARNING  | app.utils.unit_parser:parse_dimension:67 — Could not parse dimension from: '| .'
2026-10-05 11:26:47.652 | WARNING  | app.utils.unit_parser:parse_dimension:67 — Could not parse dimension from: '=)'
2026-10-05 11:26:47.652 | WARNING  | app.utils.unit_parser:parse_dimension:67 — Could not parse dimension from: '\ } y'
2026-10-05 11:26:47.652 | WARNING  | app.utils.unit_parser:parse_dimension:67 — Could not parse dimension from: 'Le'
2026-10-05 11:26:47.652 | WARNING  | app.utils.unit_parser:parse_dimension:67 — Could not parse dimension from: 'Ma'
2026-10-05 11:26:47.655 | WARNING  | app.utils.unit_parser:parse_dimension:67 — Could not parse dimension from: '929.8 1969.2'
2026-10-05 11:26:47.655 | WARNING  | app.utils.unit_parser:parse_dimension:67 — Could not parse dimension from: '1OQQO'
2026-10-05 11:26:47.655 | WARNING  | app.utils.unit_parser:parse_dimension:67 — Could not parse dimension from: '929.0 1969.2 4334.35 2415./ 190'
2026-10-05 11:26:47.655 | WARNING  | app.utils.unit_parser:parse_dimension:67 — Could not parse dimension from: '|'
2026-10-05 11:26:47.655 | WARNING  | app.utils.unit_parser:parse_dimension:67 — Could not parse dimension from: '2 8'
2026-10-05 11:26:47.655 | WARNING  | app.utils.unit_parser:parse_dimension:67 — Could not parse dimension from: 'Ol'
2026-10-05 11:26:47.656 | WARNING  | app.utils.unit_parser:parse_dimension:67 — Could not parse dimension from: 'wd CO Key'
2026-10-05 11:26:47.656 | WARNING  | app.utils.unit_parser:parse_dimension:67 — Could not parse dimension from: 'iN'
2026-10-05 11:26:47.656 | WARNING  | app.utils.unit_parser:parse_dimension:67 — Could not parse dimension from: 'CO'
2026-10-05 11:26:47.656 | WARNING  | app.utils.unit_parser:parse_dimension:67 — Could not parse dimension from: '\ -O |'
2026-10-05 11:26:47.656 | WARNING  | app.utils.unit_parser:parse_dimension:67 — Could not parse dimension from: '_'
2026-10-05 11:26:47.656 | WARNING  | app.utils.unit_parser:parse_dimension:67 — Could not parse dimension from: 'i'
2026-10-05 11:26:47.656 | DEBUG    | app.utils.unit_parser:parse_dimension:62 — Parsed plain number (assumed mm): '4384.5' → (4384.5, 'mm')
2026-10-05 11:26:47.656 | WARNING  | app.utils.unit_parser:parse_dimension:67 — Could not parse dimension from: '0 |'
2026-10-05 11:26:47.656 | WARNING  | app.utils.unit_parser:parse_dimension:67 — Could not parse dimension from: 'LUUUY'
2026-10-05 11:26:47.656 | WARNING  | app.utils.unit_parser:parse_dimension:67 — Could not parse dimension from: '529.8 1965.2 4884.35 2415.7'
2026-10-05 11:26:47.656 | WARNING  | app.utils.unit_parser:parse_dimension:67 — Could not parse dimension from: '|'
2026-10-05 11:26:47.656 | WARNING  | app.utils.unit_parser:parse_dimension:67 — Could not parse dimension from: '3 8'
2026-10-05 11:26:47.656 | WARNING  | app.utils.unit_parser:parse_dimension:67 — Could not parse dimension from: 'Ol'
2026-10-05 11:26:47.656 | WARNING  | app.utils.unit_parser:parse_dimension:67 — Could not parse dimension from: 'J © Key'
2026-10-05 11:26:47.659 | WARNING  | app.utils.unit_parser:parse_dimension:67 — Could not parse dimension from: 'IN'
2026-10-05 11:26:47.659 | WARNING  | app.utils.unit_parser:parse_dimension:67 — Could not parse dimension from: 'CO'
2026-10-05 11:26:47.659 | WARNING  | app.utils.unit_parser:parse_dimension:67 — Could not parse dimension from: '\ -O |'
2026-10-05 11:26:47.659 | WARNING  | app.utils.unit_parser:parse_dimension:67 — Could not parse dimension from: '__'
2026-10-05 11:26:47.659 | WARNING  | app.utils.unit_parser:parse_dimension:67 — Could not parse dimension from: 'a'
2026-10-05 11:26:47.659 | INFO     | app.services.part2_extraction.ocr_extractor:run_ocr:174 — [OCR] Complete — raw_lines=71, dimensions=13, vessel_type=unknown
2026-10-05 11:26:47.694 | INFO     | app.services.part2_extraction.extraction_service:extract_vessel_geometry:143 — [Part 2] Step 2b — PDF embedded text extraction (pdfplumber)…
2026-10-05 11:26:47.749 | DEBUG    | app.utils.pdf_text_extractor:extract_pdf_text:59 — [PDF-Text] Page 1: 0 words extracted
2026-10-05 11:26:47.763 | INFO     | app.utils.pdf_text_extractor:extract_pdf_text:84 — [PDF-Text] Extracted 0 unique text items from PDF
2026-10-05 11:26:47.763 | INFO     | app.services.part2_extraction.extraction_service:extract_vessel_geometry:164 — [Part 2] pdfplumber found no text (rasterised PDF)
2026-10-05 11:26:47.763 | INFO     | app.services.part2_extraction.extraction_service:extract_vessel_geometry:168 — [Part 2] Step 2c — PDF positioned dimension extraction…
2026-10-05 11:26:47.803 | INFO     | app.utils.pdf_text_extractor:extract_segment_dimensions:180 — [PDF-Segments] Extracted 0 positioned dimensions
2026-10-05 11:26:47.804 | INFO     | app.services.part2_extraction.extraction_service:extract_vessel_geometry:171 — [Part 2] Positioned dims: 0
2026-10-05 11:26:47.804 | INFO     | app.services.part2_extraction.extraction_service:extract_vessel_geometry:178 — [Part 2] Step 3 — OpenCV geometry analysis…
2026-10-05 11:26:48.187 | DEBUG    | app.services.part2_extraction.opencv_processor:process_geometry:117 — [OpenCV] Detected 286 line segments
2026-10-05 11:27:26.838 | DEBUG    | app.services.part2_extraction.opencv_processor:process_geometry:121 — [OpenCV] Detected 340 circles
2026-10-05 11:27:26.941 | DEBUG    | app.services.part2_extraction.opencv_processor:process_geometry:125 — [OpenCV] Detected 2 significant contours
2026-10-05 11:27:26.944 | INFO     | app.services.part2_extraction.opencv_processor:process_geometry:141 — [OpenCV] Scale estimated from bounding rect: 0.1529 px/mm
2026-10-05 11:27:26.972 | DEBUG    | app.services.part2_extraction.opencv_processor:_detect_vessel_zones:383 — [OpenCV-Zones] Found 2 breakpoints at rows: [53, 735]
2026-10-05 11:27:26.974 | INFO     | app.services.part2_extraction.opencv_processor:_detect_vessel_zones:427 — [OpenCV-Zones] Assembled 3 zones from 2 breakpoints
2026-10-05 11:27:26.974 | INFO     | app.services.part2_extraction.opencv_processor:process_geometry:150 — [OpenCV] Detected 3 vessel zones from profile contour
2026-10-05 11:27:26.974 | INFO     | app.services.part2_extraction.opencv_processor:process_geometry:155 — [OpenCV] Geometry processing complete.
2026-10-05 11:27:26.983 | INFO     | app.services.part2_extraction.geometry_assembler:assemble_vessel_geometry:61 — [Assembler] Assembling VesselGeometry from extraction results…
2026-10-05 11:27:26.992 | DEBUG    | app.services.part2_extraction.geometry_assembler:_assemble_shell:149 — [Assembler] Outer dia: 4384.5mm ('4384.5')
2026-10-05 11:27:26.992 | DEBUG    | app.services.part2_extraction.geometry_assembler:_assemble_shell:163 — [Assembler] Total length: 4884.35mm ('4884.35')
2026-10-05 11:27:26.992 | DEBUG    | app.services.part2_extraction.geometry_assembler:_assemble_shell:169 — [Assembler] OpenCV circle dia estimate: 28535.0mm
2026-10-05 11:27:26.992 | ERROR    | app.api.v1.routes_extraction:process_drawing:97 — Extraction error
Traceback (most recent call last):

  File "<string>", line 1, in <module>
  File "C:\Program Files\Python311\Lib\multiprocessing\spawn.py", line 122, in spawn_main
    exitcode = _main(fd, parent_sentinel)
               │     │   └ 372
               │     └ 3
               └ <function _main at 0x000002C13DA1E020>
  File "C:\Program Files\Python311\Lib\multiprocessing\spawn.py", line 135, in _main
    return self._bootstrap(parent_sentinel)
           │    │          └ 372
           │    └ <function BaseProcess._bootstrap at 0x000002C13D6F3920>
           └ <SpawnProcess name='SpawnProcess-11' parent=10176 started>
  File "C:\Program Files\Python311\Lib\multiprocessing\process.py", line 314, in _bootstrap
    self.run()
    │    └ <function BaseProcess.run at 0x000002C13D6F2E80>
    └ <SpawnProcess name='SpawnProcess-11' parent=10176 started>
  File "C:\Program Files\Python311\Lib\multiprocessing\process.py", line 108, in run
    self._target(*self._args, **self._kwargs)
    │    │        │    │        │    └ {'config': <uvicorn.config.Config object at 0x000002C13D9F1710>, 'target': <bound method Server.run of <uvicorn.server.Server...
    │    │        │    │        └ <SpawnProcess name='SpawnProcess-11' parent=10176 started>
    │    │        │    └ ()
    │    │        └ <SpawnProcess name='SpawnProcess-11' parent=10176 started>
    │    └ <function subprocess_started at 0x000002C13FE6DD00>
    └ <SpawnProcess name='SpawnProcess-11' parent=10176 started>
  File "D:\ZeroZeta\refractoryAI\venv\Lib\site-packages\uvicorn\_subprocess.py", line 80, in subprocess_started
    target(sockets=sockets)
    │              └ [<socket.socket fd=736, family=2, type=1, proto=6, laddr=('127.0.0.1', 8000)>]
    └ <bound method Server.run of <uvicorn.server.Server object at 0x000002C13FEB6050>>
  File "D:\ZeroZeta\refractoryAI\venv\Lib\site-packages\uvicorn\server.py", line 65, in run
    return asyncio.run(self.serve(sockets=sockets))
           │       │   │    │             └ [<socket.socket fd=736, family=2, type=1, proto=6, laddr=('127.0.0.1', 8000)>]
           │       │   │    └ <function Server.serve at 0x000002C13FE6CAE0>
           │       │   └ <uvicorn.server.Server object at 0x000002C13FEB6050>
           │       └ <function run at 0x000002C13F720860>
           └ <module 'asyncio' from 'C:\\Program Files\\Python311\\Lib\\asyncio\\__init__.py'>
  File "C:\Program Files\Python311\Lib\asyncio\runners.py", line 190, in run
    return runner.run(main)
           │      │   └ <coroutine object Server.serve at 0x000002C13FE955D0>
           │      └ <function Runner.run at 0x000002C13F724A40>
           └ <asyncio.runners.Runner object at 0x000002C13FEB5A50>
  File "C:\Program Files\Python311\Lib\asyncio\runners.py", line 118, in run
    return self._loop.run_until_complete(task)
           │    │     │                  └ <Task pending name='Task-1' coro=<Server.serve() running at D:\ZeroZeta\refractoryAI\venv\Lib\site-packages\uvicorn\server.py...
           │    │     └ <function BaseEventLoop.run_until_complete at 0x000002C13F722660>
           │    └ <_WindowsSelectorEventLoop running=True closed=False debug=False>
           └ <asyncio.runners.Runner object at 0x000002C13FEB5A50>
  File "C:\Program Files\Python311\Lib\asyncio\base_events.py", line 641, in run_until_complete
    self.run_forever()
    │    └ <function BaseEventLoop.run_forever at 0x000002C13F7225C0>
    └ <_WindowsSelectorEventLoop running=True closed=False debug=False>
  File "C:\Program Files\Python311\Lib\asyncio\base_events.py", line 608, in run_forever
    self._run_once()
    │    └ <function BaseEventLoop._run_once at 0x000002C13F724400>
    └ <_WindowsSelectorEventLoop running=True closed=False debug=False>
  File "C:\Program Files\Python311\Lib\asyncio\base_events.py", line 1936, in _run_once
    handle._run()
    │      └ <function Handle._run at 0x000002C13F666840>
    └ <Handle <TaskStepMethWrapper object at 0x000002C161AC4220>()>
  File "C:\Program Files\Python311\Lib\asyncio\events.py", line 84, in _run
    self._context.run(self._callback, *self._args)
    │    │            │    │           │    └ <member '_args' of 'Handle' objects>
    │    │            │    │           └ <Handle <TaskStepMethWrapper object at 0x000002C161AC4220>()>
    │    │            │    └ <member '_callback' of 'Handle' objects>
    │    │            └ <Handle <TaskStepMethWrapper object at 0x000002C161AC4220>()>
    │    └ <member '_context' of 'Handle' objects>
    └ <Handle <TaskStepMethWrapper object at 0x000002C161AC4220>()>
  File "D:\ZeroZeta\refractoryAI\venv\Lib\site-packages\uvicorn\protocols\http\httptools_impl.py", line 409, in run_asgi
    result = await app(  # type: ignore[func-returns-value]
                   └ <uvicorn.middleware.proxy_headers.ProxyHeadersMiddleware object at 0x000002C1614AB510>
  File "D:\ZeroZeta\refractoryAI\venv\Lib\site-packages\uvicorn\middleware\proxy_headers.py", line 60, in __call__
    return await self.app(scope, receive, send)
                 │    │   │      │        └ <bound method RequestResponseCycle.send of <uvicorn.protocols.http.httptools_impl.RequestResponseCycle object at 0x000002C161...
                 │    │   │      └ <bound method RequestResponseCycle.receive of <uvicorn.protocols.http.httptools_impl.RequestResponseCycle object at 0x000002C...
                 │    │   └ {'type': 'http', 'asgi': {'version': '3.0', 'spec_version': '2.3'}, 'http_version': '1.1', 'server': ('127.0.0.1', 8000), 'cl...
                 │    └ <fastapi.applications.FastAPI object at 0x000002C14211F710>
                 └ <uvicorn.middleware.proxy_headers.ProxyHeadersMiddleware object at 0x000002C1614AB510>
  File "D:\ZeroZeta\refractoryAI\venv\Lib\site-packages\fastapi\applications.py", line 1054, in __call__
    await super().__call__(scope, receive, send)
                           │      │        └ <bound method RequestResponseCycle.send of <uvicorn.protocols.http.httptools_impl.RequestResponseCycle object at 0x000002C161...
                           │      └ <bound method RequestResponseCycle.receive of <uvicorn.protocols.http.httptools_impl.RequestResponseCycle object at 0x000002C...
                           └ {'type': 'http', 'asgi': {'version': '3.0', 'spec_version': '2.3'}, 'http_version': '1.1', 'server': ('127.0.0.1', 8000), 'cl...
  File "D:\ZeroZeta\refractoryAI\venv\Lib\site-packages\starlette\applications.py", line 113, in __call__
    await self.middleware_stack(scope, receive, send)
          │    │                │      │        └ <bound method RequestResponseCycle.send of <uvicorn.protocols.http.httptools_impl.RequestResponseCycle object at 0x000002C161...
          │    │                │      └ <bound method RequestResponseCycle.receive of <uvicorn.protocols.http.httptools_impl.RequestResponseCycle object at 0x000002C...
          │    │                └ {'type': 'http', 'asgi': {'version': '3.0', 'spec_version': '2.3'}, 'http_version': '1.1', 'server': ('127.0.0.1', 8000), 'cl...
          │    └ <starlette.middleware.errors.ServerErrorMiddleware object at 0x000002C161A6E4D0>
          └ <fastapi.applications.FastAPI object at 0x000002C14211F710>
  File "D:\ZeroZeta\refractoryAI\venv\Lib\site-packages\starlette\middleware\errors.py", line 165, in __call__
    await self.app(scope, receive, _send)
          │    │   │      │        └ <function ServerErrorMiddleware.__call__.<locals>._send at 0x000002C161A78680>
          │    │   │      └ <bound method RequestResponseCycle.receive of <uvicorn.protocols.http.httptools_impl.RequestResponseCycle object at 0x000002C...
          │    │   └ {'type': 'http', 'asgi': {'version': '3.0', 'spec_version': '2.3'}, 'http_version': '1.1', 'server': ('127.0.0.1', 8000), 'cl...
          │    └ <starlette.middleware.cors.CORSMiddleware object at 0x000002C14220DD50>
          └ <starlette.middleware.errors.ServerErrorMiddleware object at 0x000002C161A6E4D0>
  File "D:\ZeroZeta\refractoryAI\venv\Lib\site-packages\starlette\middleware\cors.py", line 93, in __call__
    await self.simple_response(scope, receive, send, request_headers=headers)
          │    │               │      │        │                     └ Headers({'host': '127.0.0.1:8000', 'connection': 'keep-alive', 'content-length': '6288', 'sec-ch-ua-platform': '"Windows"', '...
          │    │               │      │        └ <function ServerErrorMiddleware.__call__.<locals>._send at 0x000002C161A78680>
          │    │               │      └ <bound method RequestResponseCycle.receive of <uvicorn.protocols.http.httptools_impl.RequestResponseCycle object at 0x000002C...
          │    │               └ {'type': 'http', 'asgi': {'version': '3.0', 'spec_version': '2.3'}, 'http_version': '1.1', 'server': ('127.0.0.1', 8000), 'cl...
          │    └ <function CORSMiddleware.simple_response at 0x000002C1420C5DA0>
          └ <starlette.middleware.cors.CORSMiddleware object at 0x000002C14220DD50>
  File "D:\ZeroZeta\refractoryAI\venv\Lib\site-packages\starlette\middleware\cors.py", line 144, in simple_response
    await self.app(scope, receive, send)
          │    │   │      │        └ functools.partial(<bound method CORSMiddleware.send of <starlette.middleware.cors.CORSMiddleware object at 0x000002C14220DD50...
          │    │   │      └ <bound method RequestResponseCycle.receive of <uvicorn.protocols.http.httptools_impl.RequestResponseCycle object at 0x000002C...
          │    │   └ {'type': 'http', 'asgi': {'version': '3.0', 'spec_version': '2.3'}, 'http_version': '1.1', 'server': ('127.0.0.1', 8000), 'cl...
          │    └ <starlette.middleware.exceptions.ExceptionMiddleware object at 0x000002C14008A7D0>
          └ <starlette.middleware.cors.CORSMiddleware object at 0x000002C14220DD50>
  File "D:\ZeroZeta\refractoryAI\venv\Lib\site-packages\starlette\middleware\exceptions.py", line 62, in __call__
    await wrap_app_handling_exceptions(self.app, conn)(scope, receive, send)
          │                            │    │    │     │      │        └ functools.partial(<bound method CORSMiddleware.send of <starlette.middleware.cors.CORSMiddleware object at 0x000002C14220DD50...
          │                            │    │    │     │      └ <bound method RequestResponseCycle.receive of <uvicorn.protocols.http.httptools_impl.RequestResponseCycle object at 0x000002C...
          │                            │    │    │     └ {'type': 'http', 'asgi': {'version': '3.0', 'spec_version': '2.3'}, 'http_version': '1.1', 'server': ('127.0.0.1', 8000), 'cl...
          │                            │    │    └ <starlette.requests.Request object at 0x000002C161ABEA50>
          │                            │    └ <fastapi.routing.APIRouter object at 0x000002C160B0AB50>
          │                            └ <starlette.middleware.exceptions.ExceptionMiddleware object at 0x000002C14008A7D0>
          └ <function wrap_app_handling_exceptions at 0x000002C142007100>
  File "D:\ZeroZeta\refractoryAI\venv\Lib\site-packages\starlette\_exception_handler.py", line 42, in wrapped_app
    await app(scope, receive, sender)
          │   │      │        └ <function wrap_app_handling_exceptions.<locals>.wrapped_app.<locals>.sender at 0x000002C161A787C0>
          │   │      └ <bound method RequestResponseCycle.receive of <uvicorn.protocols.http.httptools_impl.RequestResponseCycle object at 0x000002C...
          │   └ {'type': 'http', 'asgi': {'version': '3.0', 'spec_version': '2.3'}, 'http_version': '1.1', 'server': ('127.0.0.1', 8000), 'cl...
          └ <fastapi.routing.APIRouter object at 0x000002C160B0AB50>
  File "D:\ZeroZeta\refractoryAI\venv\Lib\site-packages\starlette\routing.py", line 715, in __call__
    await self.middleware_stack(scope, receive, send)
          │    │                │      │        └ <function wrap_app_handling_exceptions.<locals>.wrapped_app.<locals>.sender at 0x000002C161A787C0>
          │    │                │      └ <bound method RequestResponseCycle.receive of <uvicorn.protocols.http.httptools_impl.RequestResponseCycle object at 0x000002C...
          │    │                └ {'type': 'http', 'asgi': {'version': '3.0', 'spec_version': '2.3'}, 'http_version': '1.1', 'server': ('127.0.0.1', 8000), 'cl...
          │    └ <bound method Router.app of <fastapi.routing.APIRouter object at 0x000002C160B0AB50>>
          └ <fastapi.routing.APIRouter object at 0x000002C160B0AB50>
  File "D:\ZeroZeta\refractoryAI\venv\Lib\site-packages\starlette\routing.py", line 735, in app
    await route.handle(scope, receive, send)
          │     │      │      │        └ <function wrap_app_handling_exceptions.<locals>.wrapped_app.<locals>.sender at 0x000002C161A787C0>
          │     │      │      └ <bound method RequestResponseCycle.receive of <uvicorn.protocols.http.httptools_impl.RequestResponseCycle object at 0x000002C...
          │     │      └ {'type': 'http', 'asgi': {'version': '3.0', 'spec_version': '2.3'}, 'http_version': '1.1', 'server': ('127.0.0.1', 8000), 'cl...
          │     └ <function Route.handle at 0x000002C1420287C0>
          └ APIRoute(path='/api/v1/extraction/process', name='process_drawing', methods=['POST'])
  File "D:\ZeroZeta\refractoryAI\venv\Lib\site-packages\starlette\routing.py", line 288, in handle
    await self.app(scope, receive, send)
          │    │   │      │        └ <function wrap_app_handling_exceptions.<locals>.wrapped_app.<locals>.sender at 0x000002C161A787C0>
          │    │   │      └ <bound method RequestResponseCycle.receive of <uvicorn.protocols.http.httptools_impl.RequestResponseCycle object at 0x000002C...
          │    │   └ {'type': 'http', 'asgi': {'version': '3.0', 'spec_version': '2.3'}, 'http_version': '1.1', 'server': ('127.0.0.1', 8000), 'cl...
          │    └ <function request_response.<locals>.app at 0x000002C161A782C0>
          └ APIRoute(path='/api/v1/extraction/process', name='process_drawing', methods=['POST'])
  File "D:\ZeroZeta\refractoryAI\venv\Lib\site-packages\starlette\routing.py", line 76, in app
    await wrap_app_handling_exceptions(app, request)(scope, receive, send)
          │                            │    │        │      │        └ <function wrap_app_handling_exceptions.<locals>.wrapped_app.<locals>.sender at 0x000002C161A787C0>
          │                            │    │        │      └ <bound method RequestResponseCycle.receive of <uvicorn.protocols.http.httptools_impl.RequestResponseCycle object at 0x000002C...
          │                            │    │        └ {'type': 'http', 'asgi': {'version': '3.0', 'spec_version': '2.3'}, 'http_version': '1.1', 'server': ('127.0.0.1', 8000), 'cl...
          │                            │    └ <starlette.requests.Request object at 0x000002C161ABEA90>
          │                            └ <function request_response.<locals>.app.<locals>.app at 0x000002C161A78860>
          └ <function wrap_app_handling_exceptions at 0x000002C142007100>
  File "D:\ZeroZeta\refractoryAI\venv\Lib\site-packages\starlette\_exception_handler.py", line 42, in wrapped_app
    await app(scope, receive, sender)
          │   │      │        └ <function wrap_app_handling_exceptions.<locals>.wrapped_app.<locals>.sender at 0x000002C161A789A0>
          │   │      └ <bound method RequestResponseCycle.receive of <uvicorn.protocols.http.httptools_impl.RequestResponseCycle object at 0x000002C...
          │   └ {'type': 'http', 'asgi': {'version': '3.0', 'spec_version': '2.3'}, 'http_version': '1.1', 'server': ('127.0.0.1', 8000), 'cl...
          └ <function request_response.<locals>.app.<locals>.app at 0x000002C161A78860>
  File "D:\ZeroZeta\refractoryAI\venv\Lib\site-packages\starlette\routing.py", line 73, in app
    response = await f(request)
                     │ └ <starlette.requests.Request object at 0x000002C161ABEA90>
                     └ <function get_request_handler.<locals>.app at 0x000002C161A784A0>
  File "D:\ZeroZeta\refractoryAI\venv\Lib\site-packages\fastapi\routing.py", line 301, in app
    raw_response = await run_endpoint_function(
                         └ <function run_endpoint_function at 0x000002C1420282C0>
  File "D:\ZeroZeta\refractoryAI\venv\Lib\site-packages\fastapi\routing.py", line 212, in run_endpoint_function
    return await dependant.call(**values)
                 │         │      └ {'file': UploadFile(filename='input drawing _ naked shell.pdf', size=6078, headers=Headers({'content-disposition': 'form-data...
                 │         └ <function process_drawing at 0x000002C160B05B20>
                 └ Dependant(path_params=[], query_params=[], header_params=[], cookie_params=[], body_params=[ModelField(field_info=File(Pydant...

> File "D:\ZeroZeta\refractoryAI\app\api\v1\routes_extraction.py", line 95, in process_drawing
    extraction_response = await extract_vessel_geometry(ingestion_result)
                                │                       └ IngestionResult(job_id='0192723a-9e45-4e46-81a2-fb7838f73923', file_path=WindowsPath('data/outputs/0192723a-9e45-4e46-81a2-fb...
                                └ <function extract_vessel_geometry at 0x000002C160B06020>

  File "D:\ZeroZeta\refractoryAI\app\services\part2_extraction\extraction_service.py", line 195, in extract_vessel_geometry
    vessel_geometry = assemble_vessel_geometry(
                      └ <function assemble_vessel_geometry at 0x000002C1619E37E0>

  File "D:\ZeroZeta\refractoryAI\app\services\part2_extraction\geometry_assembler.py", line 72, in assemble_vessel_geometry
    geometry.shell = _assemble_shell(
    │        │       └ <function _assemble_shell at 0x000002C160AF3EC0>
    │        └ VesselShellGeometry(outer_diameter_mm=None, inner_diameter_mm=None, total_length_mm=None, shell_thickness_mm=None, trunnion_d...
    └ VesselGeometry(source_file='input drawing _ naked shell.pdf', source_format=<DrawingFormat.PDF: 'pdf'>, vessel_type=<VesselTy...

  File "D:\ZeroZeta\refractoryAI\app\services\part2_extraction\geometry_assembler.py", line 181, in _assemble_shell
    shell.profile = _assemble_profile(
    │     │         └ <function _assemble_profile at 0x000002C161A144A0>
    │     └ VesselProfile(segments=[], total_height_mm=0.0, max_outer_radius_mm=0.0, extraction_method='estimated')
    └ VesselShellGeometry(outer_diameter_mm=Dimension(value=4384.5, unit=<DimensionUnit.MM: 'mm'>, raw_text='4384.5', confidence=0....

  File "D:\ZeroZeta\refractoryAI\app\services\part2_extraction\geometry_assembler.py", line 242, in _assemble_profile
    segs = _segments_from_profile_points(
           └ <function _segments_from_profile_points at 0x000002C161A14540>

TypeError: _segments_from_profile_points() got an unexpected keyword argument 'annotation_dims'
2026-10-05 11:27:27.255 | INFO     | app.main:lifespan:43 — RefractoryAI API shutting down.
2026-10-05 11:27:30.420 | INFO     | app.core.logging_config:setup_logging:43 — Logging initialised — level=INFO, env=development
2026-10-05 11:27:30.420 | INFO     | app.main:lifespan:36 — ============================================================
2026-10-05 11:27:30.420 | INFO     | app.main:lifespan:37 —   RefractoryAI API  v0.1.0
2026-10-05 11:27:30.420 | INFO     | app.main:lifespan:38 —   Environment: development
2026-10-05 11:27:30.420 | INFO     | app.main:lifespan:39 —   Device: cpu
2026-10-05 11:27:30.420 | INFO     | app.main:lifespan:40 — ============================================================
2026-10-05 11:27:30.420 | INFO     | app.main:lifespan:41 — Warming up Grounding DINO model on first request (lazy load)...
2026-10-05 11:28:02.032 | INFO     | app.api.v1.routes_extraction:process_drawing:60 — [API] Full process request — file=input drawing _ naked shell.pdf
2026-10-05 11:28:02.034 | INFO     | app.services.part1_ingestion.ingestion_service:ingest_drawing:82 — [Part 1] Starting ingestion — job_id=dcd2ec14-9e8a-4f81-88c2-e7100b84c55a, file=input drawing _ naked shell.pdf
2026-10-05 11:28:02.038 | DEBUG    | app.services.part1_ingestion.ingestion_service:ingest_drawing:93 — [Part 1] Saved to data\outputs\dcd2ec14-9e8a-4f81-88c2-e7100b84c55a\input drawing _ naked shell.pdf (6078 bytes)
2026-10-05 11:28:02.040 | INFO     | app.services.part1_ingestion.drawing_validator:validate_upload:49 — Validation passed for 'input drawing _ naked shell.pdf'
2026-10-05 11:28:02.040 | INFO     | app.services.part1_ingestion.file_handler:detect_format:49 — Detected format: DrawingFormat.PDF for file: input drawing _ naked shell.pdf
2026-10-05 11:28:02.228 | DEBUG    | app.services.part1_ingestion.file_handler:_load_pdf:101 — Loading PDF via PyMuPDF: data\outputs\dcd2ec14-9e8a-4f81-88c2-e7100b84c55a\input drawing _ naked shell.pdf
2026-10-05 11:28:02.476 | DEBUG    | app.services.part1_ingestion.file_handler:_load_pdf:122 —   Page 1: shape=(9262, 6551, 3)
2026-10-05 11:28:02.502 | INFO     | app.services.part1_ingestion.file_handler:load_drawing:86 — Loaded drawing 'input drawing _ naked shell.pdf' — format=DrawingFormat.PDF, pages=1
2026-10-05 11:28:02.502 | INFO     | app.services.part1_ingestion.ingestion_service:ingest_drawing:117 — [Part 1] Ingestion complete — job_id=dcd2ec14-9e8a-4f81-88c2-e7100b84c55a, format=DrawingFormat.PDF, pages=1
2026-10-05 11:28:02.502 | INFO     | app.services.part2_extraction.extraction_service:extract_vessel_geometry:54 — [Part 2] Starting extraction — job_id=dcd2ec14-9e8a-4f81-88c2-e7100b84c55a, format=DrawingFormat.PDF, pages=1
2026-10-05 11:28:02.502 | INFO     | app.services.part2_extraction.extraction_service:extract_vessel_geometry:104 — [Part 2] Step 0b — PDF vector path extraction…
2026-10-05 11:28:02.708 | INFO     | app.utils.pdf_path_extractor:extract_pdf_path_profile:120 — [PDF-Paths] Found 816 path segments
2026-10-05 11:28:02.743 | INFO     | app.utils.pdf_path_extractor:extract_pdf_path_profile:147 — [PDF-Paths] Profile extracted: 197 pts, height=316.3mm, max_r=146.0mm
2026-10-05 11:28:02.743 | INFO     | app.services.part2_extraction.extraction_service:extract_vessel_geometry:111 — [Part 2] PDF path profile: 197 pts, h=316mm
2026-10-05 11:28:02.743 | INFO     | app.services.part2_extraction.extraction_service:extract_vessel_geometry:124 — [Part 2] Step 1 — Grounding DINO detection…
2026-10-05 11:28:02.743 | INFO     | app.services.part2_extraction.dino_detector:_get_model_and_processor:66 — [DINO] Loading model: IDEA-Research/grounding-dino-base on device=cpu
2026-10-05 11:28:13.554 | INFO     | app.services.part2_extraction.dino_detector:_get_model_and_processor:86 — [DINO] Model loaded and ready.
2026-10-05 11:28:13.776 | DEBUG    | app.services.part2_extraction.dino_detector:detect_drawing_elements:113 — [DINO] Running detection on image 6551x9262
2026-10-05 11:28:35.693 | DEBUG    | app.services.part2_extraction.dino_detector:detect_drawing_elements:151 — [DINO] Detected 'oxygen lance port' — conf=0.328 at [1437,2396,5810,6289]
2026-10-05 11:28:35.702 | DEBUG    | app.services.part2_extraction.dino_detector:detect_drawing_elements:151 — [DINO] Detected 'oxygen lance port' — conf=0.382 at [1057,2330,5844,6334]
2026-10-05 11:28:35.702 | DEBUG    | app.services.part2_extraction.dino_detector:detect_drawing_elements:151 — [DINO] Detected 'port' — conf=0.262 at [1436,2385,5823,6292]
2026-10-05 11:28:35.702 | DEBUG    | app.services.part2_extraction.dino_detector:detect_drawing_elements:151 — [DINO] Detected 'title block' — conf=0.294 at [1621,2386,2431,2552]
2026-10-05 11:28:35.702 | DEBUG    | app.services.part2_extraction.dino_detector:detect_drawing_elements:151 — [DINO] Detected 'front elevation view' — conf=0.284 at [43,48,6505,9199]
2026-10-05 11:28:35.702 | DEBUG    | app.services.part2_extraction.dino_detector:detect_drawing_elements:151 — [DINO] Detected 'title block' — conf=0.263 at [3546,2401,3849,2539]
2026-10-05 11:28:35.702 | DEBUG    | app.services.part2_extraction.dino_detector:detect_drawing_elements:151 — [DINO] Detected 'arrow annotation' — conf=0.307 at [4318,4939,4778,5133]
2026-10-05 11:28:35.702 | DEBUG    | app.services.part2_extraction.dino_detector:detect_drawing_elements:151 — [DINO] Detected 'front elevation' — conf=0.266 at [1051,2320,5849,6348]
2026-10-05 11:28:35.703 | INFO     | app.services.part2_extraction.dino_detector:detect_drawing_elements:156 — [DINO] Detection complete — 8 elements found (threshold=0.25)
2026-10-05 11:28:35.711 | INFO     | app.services.part2_extraction.extraction_service:extract_vessel_geometry:133 — [Part 2] Step 2 — Tesseract OCR extraction…
2026-10-05 11:28:35.715 | DEBUG    | app.services.part2_extraction.ocr_extractor:run_ocr:114 — [OCR] Base image 6551x9262, scaling by 1.0x for OCR
2026-10-05 11:28:36.303 | DEBUG    | app.services.part2_extraction.ocr_extractor:run_ocr:119 — [OCR] Running Tesseract on full image...
2026-10-05 11:28:50.792 | DEBUG    | app.services.part2_extraction.ocr_extractor:run_ocr:149 — [OCR] Full image — 20 unique text lines extracted
2026-10-05 11:28:53.023 | DEBUG    | app.services.part2_extraction.ocr_extractor:run_ocr:167 — [OCR] Region 'oxygen lance port' — 8 lines extracted
2026-10-05 11:28:55.390 | DEBUG    | app.services.part2_extraction.ocr_extractor:run_ocr:167 — [OCR] Region 'oxygen lance port' — 10 lines extracted
2026-10-05 11:28:57.523 | DEBUG    | app.services.part2_extraction.ocr_extractor:run_ocr:167 — [OCR] Region 'port' — 8 lines extracted
2026-10-05 11:28:57.671 | DEBUG    | app.services.part2_extraction.ocr_extractor:run_ocr:167 — [OCR] Region 'title block' — 1 lines extracted
2026-10-05 11:29:07.898 | DEBUG    | app.services.part2_extraction.ocr_extractor:run_ocr:167 — [OCR] Region 'front elevation view' — 11 lines extracted
2026-10-05 11:29:08.074 | DEBUG    | app.services.part2_extraction.ocr_extractor:run_ocr:167 — [OCR] Region 'title block' — 1 lines extracted
2026-10-05 11:29:08.190 | DEBUG    | app.services.part2_extraction.ocr_extractor:run_ocr:167 — [OCR] Region 'arrow annotation' — 1 lines extracted
2026-10-05 11:29:10.612 | DEBUG    | app.services.part2_extraction.ocr_extractor:run_ocr:167 — [OCR] Region 'front elevation' — 11 lines extracted
2026-10-05 11:29:10.612 | WARNING  | app.utils.unit_parser:parse_dimension:67 — Could not parse dimension from: '1Q000'
2026-10-05 11:29:10.615 | DEBUG    | app.utils.unit_parser:parse_dimension:62 — Parsed plain number (assumed mm): '929.8' → (929.8, 'mm')
2026-10-05 11:29:10.615 | DEBUG    | app.utils.unit_parser:parse_dimension:62 — Parsed plain number (assumed mm): '1965.2' → (1965.2, 'mm')
2026-10-05 11:29:10.615 | DEBUG    | app.utils.unit_parser:parse_dimension:62 — Parsed plain number (assumed mm): '4884.35' → (4884.35, 'mm')
2026-10-05 11:29:10.615 | DEBUG    | app.utils.unit_parser:parse_dimension:62 — Parsed plain number (assumed mm): '2415.7' → (2415.7, 'mm')
2026-10-05 11:29:10.615 | DEBUG    | app.utils.unit_parser:parse_dimension:62 — Parsed plain number (assumed mm): '150' → (150.0, 'mm')
2026-10-05 11:29:10.615 | WARNING  | app.utils.unit_parser:parse_dimension:67 — Could not parse dimension from: '|'
2026-10-05 11:29:10.615 | WARNING  | app.utils.unit_parser:parse_dimension:67 — Could not parse dimension from: 'Key'
2026-10-05 11:29:10.615 | DEBUG    | app.utils.unit_parser:parse_dimension:62 — Parsed plain number (assumed mm): '100' → (100.0, 'mm')
2026-10-05 11:29:10.615 | DEBUG    | app.utils.unit_parser:parse_dimension:62 — Parsed plain number (assumed mm): '229.8' → (229.8, 'mm')
2026-10-05 11:29:10.615 | DEBUG    | app.utils.unit_parser:parse_dimension:62 — Parsed plain number (assumed mm): '1969.2' → (1969.2, 'mm')
2026-10-05 11:29:10.615 | DEBUG    | app.utils.unit_parser:parse_dimension:62 — Parsed plain number (assumed mm): '4384.5' → (4384.5, 'mm')
2026-10-05 11:29:10.615 | WARNING  | app.utils.unit_parser:parse_dimension:67 — Could not parse dimension from: '2415./'
2026-10-05 11:29:10.615 | WARNING  | app.utils.unit_parser:parse_dimension:67 — Could not parse dimension from: '\'
2026-10-05 11:29:10.615 | WARNING  | app.utils.unit_parser:parse_dimension:67 — Could not parse dimension from: 'a'
2026-10-05 11:29:10.615 | WARNING  | app.utils.unit_parser:parse_dimension:67 — Could not parse dimension from: '8f'
2026-10-05 11:29:10.615 | DEBUG    | app.utils.unit_parser:parse_dimension:62 — Parsed plain number (assumed mm): '0' → (0.0, 'mm')
2026-10-05 11:29:10.615 | DEBUG    | app.utils.unit_parser:parse_dimension:62 — Parsed plain number (assumed mm): '1' → (1.0, 'mm')
2026-10-05 11:29:10.615 | WARNING  | app.utils.unit_parser:parse_dimension:67 — Could not parse dimension from: '/'
2026-10-05 11:29:10.615 | DEBUG    | app.utils.unit_parser:parse_dimension:62 — Parsed plain number (assumed mm): '01' → (1.0, 'mm')
2026-10-05 11:29:10.615 | WARNING  | app.utils.unit_parser:parse_dimension:67 — Could not parse dimension from: '929.8 1965.7 4384.35 2415./'
2026-10-05 11:29:10.615 | WARNING  | app.utils.unit_parser:parse_dimension:67 — Could not parse dimension from: '|'
2026-10-05 11:29:10.615 | WARNING  | app.utils.unit_parser:parse_dimension:67 — Could not parse dimension from: 'Key'
2026-10-05 11:29:10.615 | WARNING  | app.utils.unit_parser:parse_dimension:67 — Could not parse dimension from: '| .'
2026-10-05 11:29:10.615 | WARNING  | app.utils.unit_parser:parse_dimension:67 — Could not parse dimension from: '=)'
2026-10-05 11:29:10.615 | WARNING  | app.utils.unit_parser:parse_dimension:67 — Could not parse dimension from: '\ } y'
2026-10-05 11:29:10.615 | WARNING  | app.utils.unit_parser:parse_dimension:67 — Could not parse dimension from: 'Le'
2026-10-05 11:29:10.615 | WARNING  | app.utils.unit_parser:parse_dimension:67 — Could not parse dimension from: 'Ma'
2026-10-05 11:29:10.615 | WARNING  | app.utils.unit_parser:parse_dimension:67 — Could not parse dimension from: '529.8 1969.2 4804.5 2419./'
2026-10-05 11:29:10.615 | WARNING  | app.utils.unit_parser:parse_dimension:67 — Could not parse dimension from: '|'
2026-10-05 11:29:10.615 | WARNING  | app.utils.unit_parser:parse_dimension:67 — Could not parse dimension from: '1 8 |'
2026-10-05 11:29:10.615 | WARNING  | app.utils.unit_parser:parse_dimension:67 — Could not parse dimension from: 'SO'
2026-10-05 11:29:10.615 | WARNING  | app.utils.unit_parser:parse_dimension:67 — Could not parse dimension from: '4 CO Key'
2026-10-05 11:29:10.615 | WARNING  | app.utils.unit_parser:parse_dimension:67 — Could not parse dimension from: 'iN'
2026-10-05 11:29:10.615 | WARNING  | app.utils.unit_parser:parse_dimension:67 — Could not parse dimension from: 'CO'
2026-10-05 11:29:10.615 | WARNING  | app.utils.unit_parser:parse_dimension:67 — Could not parse dimension from: '\ -O |'
2026-10-05 11:29:10.615 | WARNING  | app.utils.unit_parser:parse_dimension:67 — Could not parse dimension from: '_'
2026-10-05 11:29:10.615 | WARNING  | app.utils.unit_parser:parse_dimension:67 — Could not parse dimension from: '_\'
2026-10-05 11:29:10.615 | WARNING  | app.utils.unit_parser:parse_dimension:67 — Could not parse dimension from: '929.8 1965.7 4384.35 2415./'
2026-10-05 11:29:10.615 | WARNING  | app.utils.unit_parser:parse_dimension:67 — Could not parse dimension from: '|'
2026-10-05 11:29:10.615 | WARNING  | app.utils.unit_parser:parse_dimension:67 — Could not parse dimension from: 'Key'
2026-10-05 11:29:10.615 | WARNING  | app.utils.unit_parser:parse_dimension:67 — Could not parse dimension from: '| .'
2026-10-05 11:29:10.615 | WARNING  | app.utils.unit_parser:parse_dimension:67 — Could not parse dimension from: '=)'
2026-10-05 11:29:10.615 | WARNING  | app.utils.unit_parser:parse_dimension:67 — Could not parse dimension from: '\ } y'
2026-10-05 11:29:10.615 | WARNING  | app.utils.unit_parser:parse_dimension:67 — Could not parse dimension from: 'Le'
2026-10-05 11:29:10.615 | WARNING  | app.utils.unit_parser:parse_dimension:67 — Could not parse dimension from: 'Ma'
2026-10-05 11:29:10.615 | WARNING  | app.utils.unit_parser:parse_dimension:67 — Could not parse dimension from: '929.8 1969.2'
2026-10-05 11:29:10.615 | WARNING  | app.utils.unit_parser:parse_dimension:67 — Could not parse dimension from: '1OQQO'
2026-10-05 11:29:10.615 | WARNING  | app.utils.unit_parser:parse_dimension:67 — Could not parse dimension from: '929.0 1969.2 4334.35 2415./ 190'
2026-10-05 11:29:10.615 | WARNING  | app.utils.unit_parser:parse_dimension:67 — Could not parse dimension from: '|'
2026-10-05 11:29:10.615 | WARNING  | app.utils.unit_parser:parse_dimension:67 — Could not parse dimension from: '2 8'
2026-10-05 11:29:10.627 | WARNING  | app.utils.unit_parser:parse_dimension:67 — Could not parse dimension from: 'Ol'
2026-10-05 11:29:10.627 | WARNING  | app.utils.unit_parser:parse_dimension:67 — Could not parse dimension from: 'wd CO Key'
2026-10-05 11:29:10.627 | WARNING  | app.utils.unit_parser:parse_dimension:67 — Could not parse dimension from: 'iN'
2026-10-05 11:29:10.628 | WARNING  | app.utils.unit_parser:parse_dimension:67 — Could not parse dimension from: 'CO'
2026-10-05 11:29:10.628 | WARNING  | app.utils.unit_parser:parse_dimension:67 — Could not parse dimension from: '\ -O |'
2026-10-05 11:29:10.628 | WARNING  | app.utils.unit_parser:parse_dimension:67 — Could not parse dimension from: '_'
2026-10-05 11:29:10.629 | WARNING  | app.utils.unit_parser:parse_dimension:67 — Could not parse dimension from: 'i'
2026-10-05 11:29:10.629 | DEBUG    | app.utils.unit_parser:parse_dimension:62 — Parsed plain number (assumed mm): '4384.5' → (4384.5, 'mm')
2026-10-05 11:29:10.629 | WARNING  | app.utils.unit_parser:parse_dimension:67 — Could not parse dimension from: '0 |'
2026-10-05 11:29:10.629 | WARNING  | app.utils.unit_parser:parse_dimension:67 — Could not parse dimension from: 'LUUUY'
2026-10-05 11:29:10.629 | WARNING  | app.utils.unit_parser:parse_dimension:67 — Could not parse dimension from: '529.8 1965.2 4884.35 2415.7'
2026-10-05 11:29:10.629 | WARNING  | app.utils.unit_parser:parse_dimension:67 — Could not parse dimension from: '|'
2026-10-05 11:29:10.630 | WARNING  | app.utils.unit_parser:parse_dimension:67 — Could not parse dimension from: '3 8'
2026-10-05 11:29:10.630 | WARNING  | app.utils.unit_parser:parse_dimension:67 — Could not parse dimension from: 'Ol'
2026-10-05 11:29:10.630 | WARNING  | app.utils.unit_parser:parse_dimension:67 — Could not parse dimension from: 'J © Key'
2026-10-05 11:29:10.630 | WARNING  | app.utils.unit_parser:parse_dimension:67 — Could not parse dimension from: 'IN'
2026-10-05 11:29:10.630 | WARNING  | app.utils.unit_parser:parse_dimension:67 — Could not parse dimension from: 'CO'
2026-10-05 11:29:10.630 | WARNING  | app.utils.unit_parser:parse_dimension:67 — Could not parse dimension from: '\ -O |'
2026-10-05 11:29:10.631 | WARNING  | app.utils.unit_parser:parse_dimension:67 — Could not parse dimension from: '__'
2026-10-05 11:29:10.631 | WARNING  | app.utils.unit_parser:parse_dimension:67 — Could not parse dimension from: 'a'
2026-10-05 11:29:10.631 | INFO     | app.services.part2_extraction.ocr_extractor:run_ocr:174 — [OCR] Complete — raw_lines=71, dimensions=13, vessel_type=unknown
2026-10-05 11:29:10.658 | INFO     | app.services.part2_extraction.extraction_service:extract_vessel_geometry:143 — [Part 2] Step 2b — PDF embedded text extraction (pdfplumber)…
2026-10-05 11:29:10.718 | DEBUG    | app.utils.pdf_text_extractor:extract_pdf_text:59 — [PDF-Text] Page 1: 0 words extracted
2026-10-05 11:29:10.718 | INFO     | app.utils.pdf_text_extractor:extract_pdf_text:84 — [PDF-Text] Extracted 0 unique text items from PDF
2026-10-05 11:29:10.719 | INFO     | app.services.part2_extraction.extraction_service:extract_vessel_geometry:164 — [Part 2] pdfplumber found no text (rasterised PDF)
2026-10-05 11:29:10.719 | INFO     | app.services.part2_extraction.extraction_service:extract_vessel_geometry:168 — [Part 2] Step 2c — PDF positioned dimension extraction…
2026-10-05 11:29:10.759 | INFO     | app.utils.pdf_text_extractor:extract_segment_dimensions:180 — [PDF-Segments] Extracted 0 positioned dimensions
2026-10-05 11:29:10.760 | INFO     | app.services.part2_extraction.extraction_service:extract_vessel_geometry:171 — [Part 2] Positioned dims: 0
2026-10-05 11:29:10.760 | INFO     | app.services.part2_extraction.extraction_service:extract_vessel_geometry:178 — [Part 2] Step 3 — OpenCV geometry analysis…
2026-10-05 11:29:11.126 | DEBUG    | app.services.part2_extraction.opencv_processor:process_geometry:117 — [OpenCV] Detected 286 line segments
2026-10-05 11:29:49.217 | DEBUG    | app.services.part2_extraction.opencv_processor:process_geometry:121 — [OpenCV] Detected 340 circles
2026-10-05 11:29:49.307 | DEBUG    | app.services.part2_extraction.opencv_processor:process_geometry:125 — [OpenCV] Detected 2 significant contours
2026-10-05 11:29:49.308 | INFO     | app.services.part2_extraction.opencv_processor:process_geometry:141 — [OpenCV] Scale estimated from bounding rect: 0.1529 px/mm
2026-10-05 11:29:49.330 | DEBUG    | app.services.part2_extraction.opencv_processor:_detect_vessel_zones:383 — [OpenCV-Zones] Found 2 breakpoints at rows: [53, 735]
2026-10-05 11:29:49.334 | INFO     | app.services.part2_extraction.opencv_processor:_detect_vessel_zones:427 — [OpenCV-Zones] Assembled 3 zones from 2 breakpoints
2026-10-05 11:29:49.334 | INFO     | app.services.part2_extraction.opencv_processor:process_geometry:150 — [OpenCV] Detected 3 vessel zones from profile contour
2026-10-05 11:29:49.334 | INFO     | app.services.part2_extraction.opencv_processor:process_geometry:155 — [OpenCV] Geometry processing complete.
2026-10-05 11:29:49.340 | INFO     | app.services.part2_extraction.geometry_assembler:assemble_vessel_geometry:61 — [Assembler] Assembling VesselGeometry from extraction results…
2026-10-05 11:29:49.351 | DEBUG    | app.services.part2_extraction.geometry_assembler:_assemble_shell:149 — [Assembler] Outer dia: 4384.5mm ('4384.5')
2026-10-05 11:29:49.351 | DEBUG    | app.services.part2_extraction.geometry_assembler:_assemble_shell:163 — [Assembler] Total length: 4884.35mm ('4884.35')
2026-10-05 11:29:49.351 | DEBUG    | app.services.part2_extraction.geometry_assembler:_assemble_shell:169 — [Assembler] OpenCV circle dia estimate: 28535.0mm
2026-10-05 11:29:49.357 | INFO     | app.services.part2_extraction.geometry_assembler:_assemble_profile:257 — [Assembler] Profile from PDF paths: 8 segments
2026-10-05 11:29:49.358 | DEBUG    | app.services.part2_extraction.geometry_assembler:_assemble_nozzles:706 — [Assembler] Nozzles: 2
2026-10-05 11:29:49.359 | INFO     | app.services.part2_extraction.geometry_assembler:assemble_vessel_geometry:89 — [Assembler] Done — type=VesselType.UNKNOWN, conf=0.62, segments=8, method=pdf_paths
2026-10-05 11:29:49.376 | INFO     | app.services.part2_extraction.extraction_service:_save_output:248 — [Part 2] Output saved: data\outputs\dcd2ec14-9e8a-4f81-88c2-e7100b84c55a\vessel_geometry.json
2026-10-05 11:29:49.913 | INFO     | app.services.part2_extraction.extraction_service:_save_output:294 — [Part 2] Excel output saved: data\outputs\dcd2ec14-9e8a-4f81-88c2-e7100b84c55a\vessel_geometry.xlsx
2026-10-05 11:29:49.913 | INFO     | app.services.part2_extraction.extraction_service:extract_vessel_geometry:209 — [Part 2] Extraction complete — job_id=dcd2ec14-9e8a-4f81-88c2-e7100b84c55a, elapsed=107.41s, confidence=0.62, segments=8, method=pdf_paths
2026-10-05 11:36:42.550 | INFO     | app.api.v1.routes_extraction:process_drawing:60 — [API] Full process request — file=input drawing _ naked shell.pdf
2026-10-05 11:36:42.553 | INFO     | app.services.part1_ingestion.ingestion_service:ingest_drawing:82 — [Part 1] Starting ingestion — job_id=09402a45-a992-4a31-9cdd-a1d985d10329, file=input drawing _ naked shell.pdf
2026-10-05 11:36:42.559 | DEBUG    | app.services.part1_ingestion.ingestion_service:ingest_drawing:93 — [Part 1] Saved to data\outputs\09402a45-a992-4a31-9cdd-a1d985d10329\input drawing _ naked shell.pdf (6078 bytes)
2026-10-05 11:36:42.576 | INFO     | app.services.part1_ingestion.drawing_validator:validate_upload:49 — Validation passed for 'input drawing _ naked shell.pdf'
2026-10-05 11:36:42.576 | INFO     | app.services.part1_ingestion.file_handler:detect_format:49 — Detected format: DrawingFormat.PDF for file: input drawing _ naked shell.pdf
2026-10-05 11:36:42.576 | DEBUG    | app.services.part1_ingestion.file_handler:_load_pdf:101 — Loading PDF via PyMuPDF: data\outputs\09402a45-a992-4a31-9cdd-a1d985d10329\input drawing _ naked shell.pdf
2026-10-05 11:36:42.982 | DEBUG    | app.services.part1_ingestion.file_handler:_load_pdf:122 —   Page 1: shape=(9262, 6551, 3)
2026-10-05 11:36:43.016 | INFO     | app.services.part1_ingestion.file_handler:load_drawing:86 — Loaded drawing 'input drawing _ naked shell.pdf' — format=DrawingFormat.PDF, pages=1
2026-10-05 11:36:43.019 | INFO     | app.services.part1_ingestion.ingestion_service:ingest_drawing:117 — [Part 1] Ingestion complete — job_id=09402a45-a992-4a31-9cdd-a1d985d10329, format=DrawingFormat.PDF, pages=1
2026-10-05 11:36:43.019 | INFO     | app.services.part2_extraction.extraction_service:extract_vessel_geometry:54 — [Part 2] Starting extraction — job_id=09402a45-a992-4a31-9cdd-a1d985d10329, format=DrawingFormat.PDF, pages=1
2026-10-05 11:36:43.019 | INFO     | app.services.part2_extraction.extraction_service:extract_vessel_geometry:104 — [Part 2] Step 0b — PDF vector path extraction…
2026-10-05 11:36:43.144 | INFO     | app.utils.pdf_path_extractor:extract_pdf_path_profile:120 — [PDF-Paths] Found 816 path segments
2026-10-05 11:36:43.185 | INFO     | app.utils.pdf_path_extractor:extract_pdf_path_profile:147 — [PDF-Paths] Profile extracted: 197 pts, height=316.3mm, max_r=146.0mm
2026-10-05 11:36:43.187 | INFO     | app.services.part2_extraction.extraction_service:extract_vessel_geometry:111 — [Part 2] PDF path profile: 197 pts, h=316mm
2026-10-05 11:36:43.188 | INFO     | app.services.part2_extraction.extraction_service:extract_vessel_geometry:124 — [Part 2] Step 1 — Grounding DINO detection…
2026-10-05 11:36:43.497 | DEBUG    | app.services.part2_extraction.dino_detector:detect_drawing_elements:113 — [DINO] Running detection on image 6551x9262
2026-10-05 11:37:11.427 | DEBUG    | app.services.part2_extraction.dino_detector:detect_drawing_elements:151 — [DINO] Detected 'oxygen lance port' — conf=0.328 at [1437,2396,5810,6289]
2026-10-05 11:37:11.432 | DEBUG    | app.services.part2_extraction.dino_detector:detect_drawing_elements:151 — [DINO] Detected 'oxygen lance port' — conf=0.382 at [1057,2330,5844,6334]
2026-10-05 11:37:11.432 | DEBUG    | app.services.part2_extraction.dino_detector:detect_drawing_elements:151 — [DINO] Detected 'port' — conf=0.262 at [1436,2385,5823,6292]
2026-10-05 11:37:11.432 | DEBUG    | app.services.part2_extraction.dino_detector:detect_drawing_elements:151 — [DINO] Detected 'title block' — conf=0.294 at [1621,2386,2431,2552]
2026-10-05 11:37:11.433 | DEBUG    | app.services.part2_extraction.dino_detector:detect_drawing_elements:151 — [DINO] Detected 'front elevation view' — conf=0.284 at [43,48,6505,9199]
2026-10-05 11:37:11.433 | DEBUG    | app.services.part2_extraction.dino_detector:detect_drawing_elements:151 — [DINO] Detected 'title block' — conf=0.263 at [3546,2401,3849,2539]
2026-10-05 11:37:11.433 | DEBUG    | app.services.part2_extraction.dino_detector:detect_drawing_elements:151 — [DINO] Detected 'arrow annotation' — conf=0.307 at [4318,4939,4778,5133]
2026-10-05 11:37:11.433 | DEBUG    | app.services.part2_extraction.dino_detector:detect_drawing_elements:151 — [DINO] Detected 'front elevation' — conf=0.266 at [1051,2320,5849,6348]
2026-10-05 11:37:11.433 | INFO     | app.services.part2_extraction.dino_detector:detect_drawing_elements:156 — [DINO] Detection complete — 8 elements found (threshold=0.25)
2026-10-05 11:37:11.441 | INFO     | app.services.part2_extraction.extraction_service:extract_vessel_geometry:133 — [Part 2] Step 2 — Tesseract OCR extraction…
2026-10-05 11:37:11.444 | DEBUG    | app.services.part2_extraction.ocr_extractor:run_ocr:114 — [OCR] Base image 6551x9262, scaling by 1.0x for OCR
2026-10-05 11:37:12.197 | DEBUG    | app.services.part2_extraction.ocr_extractor:run_ocr:119 — [OCR] Running Tesseract on full image...
2026-10-05 11:37:28.250 | DEBUG    | app.services.part2_extraction.ocr_extractor:run_ocr:149 — [OCR] Full image — 20 unique text lines extracted
2026-10-05 11:37:30.927 | DEBUG    | app.services.part2_extraction.ocr_extractor:run_ocr:167 — [OCR] Region 'oxygen lance port' — 8 lines extracted
2026-10-05 11:37:33.917 | DEBUG    | app.services.part2_extraction.ocr_extractor:run_ocr:167 — [OCR] Region 'oxygen lance port' — 10 lines extracted
2026-10-05 11:37:36.396 | DEBUG    | app.services.part2_extraction.ocr_extractor:run_ocr:167 — [OCR] Region 'port' — 8 lines extracted
2026-10-05 11:37:36.567 | DEBUG    | app.services.part2_extraction.ocr_extractor:run_ocr:167 — [OCR] Region 'title block' — 1 lines extracted
2026-10-05 11:37:48.705 | DEBUG    | app.services.part2_extraction.ocr_extractor:run_ocr:167 — [OCR] Region 'front elevation view' — 11 lines extracted
2026-10-05 11:37:48.923 | DEBUG    | app.services.part2_extraction.ocr_extractor:run_ocr:167 — [OCR] Region 'title block' — 1 lines extracted
2026-10-05 11:37:49.055 | DEBUG    | app.services.part2_extraction.ocr_extractor:run_ocr:167 — [OCR] Region 'arrow annotation' — 1 lines extracted
2026-10-05 11:37:52.057 | DEBUG    | app.services.part2_extraction.ocr_extractor:run_ocr:167 — [OCR] Region 'front elevation' — 11 lines extracted
2026-10-05 11:37:52.059 | WARNING  | app.utils.unit_parser:parse_dimension:67 — Could not parse dimension from: '1Q000'
2026-10-05 11:37:52.061 | DEBUG    | app.utils.unit_parser:parse_dimension:62 — Parsed plain number (assumed mm): '929.8' → (929.8, 'mm')
2026-10-05 11:37:52.061 | DEBUG    | app.utils.unit_parser:parse_dimension:62 — Parsed plain number (assumed mm): '1965.2' → (1965.2, 'mm')
2026-10-05 11:37:52.061 | DEBUG    | app.utils.unit_parser:parse_dimension:62 — Parsed plain number (assumed mm): '4884.35' → (4884.35, 'mm')
2026-10-05 11:37:52.061 | DEBUG    | app.utils.unit_parser:parse_dimension:62 — Parsed plain number (assumed mm): '2415.7' → (2415.7, 'mm')
2026-10-05 11:37:52.061 | DEBUG    | app.utils.unit_parser:parse_dimension:62 — Parsed plain number (assumed mm): '150' → (150.0, 'mm')
2026-10-05 11:37:52.061 | WARNING  | app.utils.unit_parser:parse_dimension:67 — Could not parse dimension from: '|'
2026-10-05 11:37:52.061 | WARNING  | app.utils.unit_parser:parse_dimension:67 — Could not parse dimension from: 'Key'
2026-10-05 11:37:52.061 | DEBUG    | app.utils.unit_parser:parse_dimension:62 — Parsed plain number (assumed mm): '100' → (100.0, 'mm')
2026-10-05 11:37:52.063 | DEBUG    | app.utils.unit_parser:parse_dimension:62 — Parsed plain number (assumed mm): '229.8' → (229.8, 'mm')
2026-10-05 11:37:52.063 | DEBUG    | app.utils.unit_parser:parse_dimension:62 — Parsed plain number (assumed mm): '1969.2' → (1969.2, 'mm')
2026-10-05 11:37:52.063 | DEBUG    | app.utils.unit_parser:parse_dimension:62 — Parsed plain number (assumed mm): '4384.5' → (4384.5, 'mm')
2026-10-05 11:37:52.064 | WARNING  | app.utils.unit_parser:parse_dimension:67 — Could not parse dimension from: '2415./'
2026-10-05 11:37:52.064 | WARNING  | app.utils.unit_parser:parse_dimension:67 — Could not parse dimension from: '\'
2026-10-05 11:37:52.064 | WARNING  | app.utils.unit_parser:parse_dimension:67 — Could not parse dimension from: 'a'
2026-10-05 11:37:52.064 | WARNING  | app.utils.unit_parser:parse_dimension:67 — Could not parse dimension from: '8f'
2026-10-05 11:37:52.064 | DEBUG    | app.utils.unit_parser:parse_dimension:62 — Parsed plain number (assumed mm): '0' → (0.0, 'mm')
2026-10-05 11:37:52.064 | DEBUG    | app.utils.unit_parser:parse_dimension:62 — Parsed plain number (assumed mm): '1' → (1.0, 'mm')
2026-10-05 11:37:52.064 | WARNING  | app.utils.unit_parser:parse_dimension:67 — Could not parse dimension from: '/'
2026-10-05 11:37:52.064 | DEBUG    | app.utils.unit_parser:parse_dimension:62 — Parsed plain number (assumed mm): '01' → (1.0, 'mm')
2026-10-05 11:37:52.064 | WARNING  | app.utils.unit_parser:parse_dimension:67 — Could not parse dimension from: '929.8 1965.7 4384.35 2415./'
2026-10-05 11:37:52.066 | WARNING  | app.utils.unit_parser:parse_dimension:67 — Could not parse dimension from: '|'
2026-10-05 11:37:52.067 | WARNING  | app.utils.unit_parser:parse_dimension:67 — Could not parse dimension from: 'Key'
2026-10-05 11:37:52.067 | WARNING  | app.utils.unit_parser:parse_dimension:67 — Could not parse dimension from: '| .'
2026-10-05 11:37:52.067 | WARNING  | app.utils.unit_parser:parse_dimension:67 — Could not parse dimension from: '=)'
2026-10-05 11:37:52.067 | WARNING  | app.utils.unit_parser:parse_dimension:67 — Could not parse dimension from: '\ } y'
2026-10-05 11:37:52.067 | WARNING  | app.utils.unit_parser:parse_dimension:67 — Could not parse dimension from: 'Le'
2026-10-05 11:37:52.067 | WARNING  | app.utils.unit_parser:parse_dimension:67 — Could not parse dimension from: 'Ma'
2026-10-05 11:37:52.067 | WARNING  | app.utils.unit_parser:parse_dimension:67 — Could not parse dimension from: '529.8 1969.2 4804.5 2419./'
2026-10-05 11:37:52.067 | WARNING  | app.utils.unit_parser:parse_dimension:67 — Could not parse dimension from: '|'
2026-10-05 11:37:52.067 | WARNING  | app.utils.unit_parser:parse_dimension:67 — Could not parse dimension from: '1 8 |'
2026-10-05 11:37:52.071 | WARNING  | app.utils.unit_parser:parse_dimension:67 — Could not parse dimension from: 'SO'
2026-10-05 11:37:52.071 | WARNING  | app.utils.unit_parser:parse_dimension:67 — Could not parse dimension from: '4 CO Key'
2026-10-05 11:37:52.071 | WARNING  | app.utils.unit_parser:parse_dimension:67 — Could not parse dimension from: 'iN'
2026-10-05 11:37:52.071 | WARNING  | app.utils.unit_parser:parse_dimension:67 — Could not parse dimension from: 'CO'
2026-10-05 11:37:52.072 | WARNING  | app.utils.unit_parser:parse_dimension:67 — Could not parse dimension from: '\ -O |'
2026-10-05 11:37:52.072 | WARNING  | app.utils.unit_parser:parse_dimension:67 — Could not parse dimension from: '_'
2026-10-05 11:37:52.072 | WARNING  | app.utils.unit_parser:parse_dimension:67 — Could not parse dimension from: '_\'
2026-10-05 11:37:52.072 | WARNING  | app.utils.unit_parser:parse_dimension:67 — Could not parse dimension from: '929.8 1965.7 4384.35 2415./'
2026-10-05 11:37:52.072 | WARNING  | app.utils.unit_parser:parse_dimension:67 — Could not parse dimension from: '|'
2026-10-05 11:37:52.072 | WARNING  | app.utils.unit_parser:parse_dimension:67 — Could not parse dimension from: 'Key'
2026-10-05 11:37:52.072 | WARNING  | app.utils.unit_parser:parse_dimension:67 — Could not parse dimension from: '| .'
2026-10-05 11:37:52.072 | WARNING  | app.utils.unit_parser:parse_dimension:67 — Could not parse dimension from: '=)'
2026-10-05 11:37:52.074 | WARNING  | app.utils.unit_parser:parse_dimension:67 — Could not parse dimension from: '\ } y'
2026-10-05 11:37:52.074 | WARNING  | app.utils.unit_parser:parse_dimension:67 — Could not parse dimension from: 'Le'
2026-10-05 11:37:52.075 | WARNING  | app.utils.unit_parser:parse_dimension:67 — Could not parse dimension from: 'Ma'
2026-10-05 11:37:52.075 | WARNING  | app.utils.unit_parser:parse_dimension:67 — Could not parse dimension from: '929.8 1969.2'
2026-10-05 11:37:52.075 | WARNING  | app.utils.unit_parser:parse_dimension:67 — Could not parse dimension from: '1OQQO'
2026-10-05 11:37:52.075 | WARNING  | app.utils.unit_parser:parse_dimension:67 — Could not parse dimension from: '929.0 1969.2 4334.35 2415./ 190'
2026-10-05 11:37:52.075 | WARNING  | app.utils.unit_parser:parse_dimension:67 — Could not parse dimension from: '|'
2026-10-05 11:37:52.075 | WARNING  | app.utils.unit_parser:parse_dimension:67 — Could not parse dimension from: '2 8'
2026-10-05 11:37:52.075 | WARNING  | app.utils.unit_parser:parse_dimension:67 — Could not parse dimension from: 'Ol'
2026-10-05 11:37:52.075 | WARNING  | app.utils.unit_parser:parse_dimension:67 — Could not parse dimension from: 'wd CO Key'
2026-10-05 11:37:52.075 | WARNING  | app.utils.unit_parser:parse_dimension:67 — Could not parse dimension from: 'iN'
2026-10-05 11:37:52.075 | WARNING  | app.utils.unit_parser:parse_dimension:67 — Could not parse dimension from: 'CO'
2026-10-05 11:37:52.075 | WARNING  | app.utils.unit_parser:parse_dimension:67 — Could not parse dimension from: '\ -O |'
2026-10-05 11:37:52.075 | WARNING  | app.utils.unit_parser:parse_dimension:67 — Could not parse dimension from: '_'
2026-10-05 11:37:52.075 | WARNING  | app.utils.unit_parser:parse_dimension:67 — Could not parse dimension from: 'i'
2026-10-05 11:37:52.075 | DEBUG    | app.utils.unit_parser:parse_dimension:62 — Parsed plain number (assumed mm): '4384.5' → (4384.5, 'mm')
2026-10-05 11:37:52.075 | WARNING  | app.utils.unit_parser:parse_dimension:67 — Could not parse dimension from: '0 |'
2026-10-05 11:37:52.075 | WARNING  | app.utils.unit_parser:parse_dimension:67 — Could not parse dimension from: 'LUUUY'
2026-10-05 11:37:52.075 | WARNING  | app.utils.unit_parser:parse_dimension:67 — Could not parse dimension from: '529.8 1965.2 4884.35 2415.7'
2026-10-05 11:37:52.075 | WARNING  | app.utils.unit_parser:parse_dimension:67 — Could not parse dimension from: '|'
2026-10-05 11:37:52.075 | WARNING  | app.utils.unit_parser:parse_dimension:67 — Could not parse dimension from: '3 8'
2026-10-05 11:37:52.075 | WARNING  | app.utils.unit_parser:parse_dimension:67 — Could not parse dimension from: 'Ol'
2026-10-05 11:37:52.075 | WARNING  | app.utils.unit_parser:parse_dimension:67 — Could not parse dimension from: 'J © Key'
2026-10-05 11:37:52.075 | WARNING  | app.utils.unit_parser:parse_dimension:67 — Could not parse dimension from: 'IN'
2026-10-05 11:37:52.075 | WARNING  | app.utils.unit_parser:parse_dimension:67 — Could not parse dimension from: 'CO'
2026-10-05 11:37:52.075 | WARNING  | app.utils.unit_parser:parse_dimension:67 — Could not parse dimension from: '\ -O |'
2026-10-05 11:37:52.075 | WARNING  | app.utils.unit_parser:parse_dimension:67 — Could not parse dimension from: '__'
2026-10-05 11:37:52.083 | WARNING  | app.utils.unit_parser:parse_dimension:67 — Could not parse dimension from: 'a'
2026-10-05 11:37:52.083 | INFO     | app.services.part2_extraction.ocr_extractor:run_ocr:174 — [OCR] Complete — raw_lines=71, dimensions=13, vessel_type=unknown
2026-10-05 11:37:52.117 | INFO     | app.services.part2_extraction.extraction_service:extract_vessel_geometry:143 — [Part 2] Step 2b — PDF embedded text extraction (pdfplumber)…
2026-10-05 11:37:52.200 | DEBUG    | app.utils.pdf_text_extractor:extract_pdf_text:59 — [PDF-Text] Page 1: 0 words extracted
2026-10-05 11:37:52.201 | INFO     | app.utils.pdf_text_extractor:extract_pdf_text:84 — [PDF-Text] Extracted 0 unique text items from PDF
2026-10-05 11:37:52.201 | INFO     | app.services.part2_extraction.extraction_service:extract_vessel_geometry:164 — [Part 2] pdfplumber found no text (rasterised PDF)
2026-10-05 11:37:52.201 | INFO     | app.services.part2_extraction.extraction_service:extract_vessel_geometry:168 — [Part 2] Step 2c — PDF positioned dimension extraction…
2026-10-05 11:37:52.271 | INFO     | app.utils.pdf_text_extractor:extract_segment_dimensions:180 — [PDF-Segments] Extracted 0 positioned dimensions
2026-10-05 11:37:52.272 | INFO     | app.services.part2_extraction.extraction_service:extract_vessel_geometry:171 — [Part 2] Positioned dims: 0
2026-10-05 11:37:52.272 | INFO     | app.services.part2_extraction.extraction_service:extract_vessel_geometry:178 — [Part 2] Step 3 — OpenCV geometry analysis…
2026-10-05 11:37:52.759 | DEBUG    | app.services.part2_extraction.opencv_processor:process_geometry:117 — [OpenCV] Detected 286 line segments
2026-10-05 11:38:33.983 | DEBUG    | app.services.part2_extraction.opencv_processor:process_geometry:121 — [OpenCV] Detected 340 circles
2026-10-05 11:38:34.075 | DEBUG    | app.services.part2_extraction.opencv_processor:process_geometry:125 — [OpenCV] Detected 2 significant contours
2026-10-05 11:38:34.075 | INFO     | app.services.part2_extraction.opencv_processor:process_geometry:141 — [OpenCV] Scale estimated from bounding rect: 0.1529 px/mm
2026-10-05 11:38:34.097 | DEBUG    | app.services.part2_extraction.opencv_processor:_detect_vessel_zones:383 — [OpenCV-Zones] Found 2 breakpoints at rows: [53, 735]
2026-10-05 11:38:34.098 | INFO     | app.services.part2_extraction.opencv_processor:_detect_vessel_zones:427 — [OpenCV-Zones] Assembled 3 zones from 2 breakpoints
2026-10-05 11:38:34.098 | INFO     | app.services.part2_extraction.opencv_processor:process_geometry:150 — [OpenCV] Detected 3 vessel zones from profile contour
2026-10-05 11:38:34.098 | INFO     | app.services.part2_extraction.opencv_processor:process_geometry:155 — [OpenCV] Geometry processing complete.
2026-10-05 11:38:34.102 | INFO     | app.services.part2_extraction.geometry_assembler:assemble_vessel_geometry:61 — [Assembler] Assembling VesselGeometry from extraction results…
2026-10-05 11:38:34.116 | DEBUG    | app.services.part2_extraction.geometry_assembler:_assemble_shell:149 — [Assembler] Outer dia: 4384.5mm ('4384.5')
2026-10-05 11:38:34.116 | DEBUG    | app.services.part2_extraction.geometry_assembler:_assemble_shell:163 — [Assembler] Total length: 4884.35mm ('4884.35')
2026-10-05 11:38:34.116 | DEBUG    | app.services.part2_extraction.geometry_assembler:_assemble_shell:169 — [Assembler] OpenCV circle dia estimate: 28535.0mm
2026-10-05 11:38:34.122 | INFO     | app.services.part2_extraction.geometry_assembler:_assemble_profile:257 — [Assembler] Profile from PDF paths: 8 segments
2026-10-05 11:38:34.123 | DEBUG    | app.services.part2_extraction.geometry_assembler:_assemble_nozzles:706 — [Assembler] Nozzles: 2
2026-10-05 11:38:34.124 | INFO     | app.services.part2_extraction.geometry_assembler:assemble_vessel_geometry:89 — [Assembler] Done — type=VesselType.UNKNOWN, conf=0.62, segments=8, method=pdf_paths
2026-10-05 11:38:34.136 | INFO     | app.services.part2_extraction.extraction_service:_save_output:248 — [Part 2] Output saved: data\outputs\09402a45-a992-4a31-9cdd-a1d985d10329\vessel_geometry.json
2026-10-05 11:38:35.194 | INFO     | app.services.part2_extraction.extraction_service:_save_output:294 — [Part 2] Excel output saved: data\outputs\09402a45-a992-4a31-9cdd-a1d985d10329\vessel_geometry.xlsx
2026-10-05 11:38:35.194 | INFO     | app.services.part2_extraction.extraction_service:extract_vessel_geometry:209 — [Part 2] Extraction complete — job_id=09402a45-a992-4a31-9cdd-a1d985d10329, elapsed=112.18s, confidence=0.62, segments=8, method=pdf_paths
2026-10-05 11:44:12.811 | INFO     | app.main:lifespan:43 — RefractoryAI API shutting down.
2026-10-05 11:44:16.055 | INFO     | app.core.logging_config:setup_logging:43 — Logging initialised — level=INFO, env=development
2026-10-05 11:44:16.055 | INFO     | app.main:lifespan:36 — ============================================================
2026-10-05 11:44:16.055 | INFO     | app.main:lifespan:37 —   RefractoryAI API  v0.1.0
2026-10-05 11:44:16.057 | INFO     | app.main:lifespan:38 —   Environment: development
2026-10-05 11:44:16.057 | INFO     | app.main:lifespan:39 —   Device: cpu
2026-10-05 11:44:16.057 | INFO     | app.main:lifespan:40 — ============================================================
2026-10-05 11:44:16.057 | INFO     | app.main:lifespan:41 — Warming up Grounding DINO model on first request (lazy load)...
2026-10-05 11:44:17.211 | INFO     | app.core.logging_config:setup_logging:43 — Logging initialised — level=INFO, env=development
2026-10-05 11:44:17.211 | INFO     | app.main:lifespan:36 — ============================================================
2026-10-05 11:44:17.211 | INFO     | app.main:lifespan:37 —   RefractoryAI API  v0.1.0
2026-10-05 11:44:17.211 | INFO     | app.main:lifespan:38 —   Environment: development
2026-10-05 11:44:17.211 | INFO     | app.main:lifespan:39 —   Device: cpu
2026-10-05 11:44:17.211 | INFO     | app.main:lifespan:40 — ============================================================
2026-10-05 11:44:17.211 | INFO     | app.main:lifespan:41 — Warming up Grounding DINO model on first request (lazy load)...
2026-10-05 11:46:36.067 | INFO     | app.api.v1.routes_extraction:process_drawing:60 — [API] Full process request — file=input drawing _ naked shell.pdf
2026-10-05 11:46:36.069 | INFO     | app.services.part1_ingestion.ingestion_service:ingest_drawing:82 — [Part 1] Starting ingestion — job_id=0f8cc602-2e20-491f-9b31-68ad851fbbb2, file=input drawing _ naked shell.pdf
2026-10-05 11:46:36.071 | DEBUG    | app.services.part1_ingestion.ingestion_service:ingest_drawing:93 — [Part 1] Saved to data\outputs\0f8cc602-2e20-491f-9b31-68ad851fbbb2\input drawing _ naked shell.pdf (6078 bytes)
2026-10-05 11:46:36.073 | INFO     | app.services.part1_ingestion.drawing_validator:validate_upload:49 — Validation passed for 'input drawing _ naked shell.pdf'
2026-10-05 11:46:36.073 | INFO     | app.services.part1_ingestion.file_handler:detect_format:49 — Detected format: DrawingFormat.PDF for file: input drawing _ naked shell.pdf
2026-10-05 11:46:36.344 | DEBUG    | app.services.part1_ingestion.file_handler:_load_pdf:101 — Loading PDF via PyMuPDF: data\outputs\0f8cc602-2e20-491f-9b31-68ad851fbbb2\input drawing _ naked shell.pdf
2026-10-05 11:46:36.730 | DEBUG    | app.services.part1_ingestion.file_handler:_load_pdf:122 —   Page 1: shape=(9262, 6551, 3)
2026-10-05 11:46:36.784 | INFO     | app.services.part1_ingestion.file_handler:load_drawing:86 — Loaded drawing 'input drawing _ naked shell.pdf' — format=DrawingFormat.PDF, pages=1
2026-10-05 11:46:36.785 | INFO     | app.services.part1_ingestion.ingestion_service:ingest_drawing:117 — [Part 1] Ingestion complete — job_id=0f8cc602-2e20-491f-9b31-68ad851fbbb2, format=DrawingFormat.PDF, pages=1
2026-10-05 11:46:36.787 | INFO     | app.services.part2_extraction.extraction_service:extract_vessel_geometry:54 — [Part 2] Starting extraction — job_id=0f8cc602-2e20-491f-9b31-68ad851fbbb2, format=DrawingFormat.PDF, pages=1
2026-10-05 11:46:36.789 | INFO     | app.services.part2_extraction.extraction_service:extract_vessel_geometry:104 — [Part 2] Step 0b — PDF vector path extraction…
2026-10-05 11:46:37.321 | INFO     | app.utils.pdf_path_extractor:extract_pdf_path_profile:120 — [PDF-Paths] Found 816 path segments
2026-10-05 11:46:37.364 | INFO     | app.utils.pdf_path_extractor:extract_pdf_path_profile:147 — [PDF-Paths] Profile extracted: 197 pts, height=316.3mm, max_r=146.0mm
2026-10-05 11:46:37.366 | INFO     | app.services.part2_extraction.extraction_service:extract_vessel_geometry:111 — [Part 2] PDF path profile: 197 pts, h=316mm
2026-10-05 11:46:37.366 | INFO     | app.services.part2_extraction.extraction_service:extract_vessel_geometry:124 — [Part 2] Step 1 — Grounding DINO detection…
2026-10-05 11:46:37.367 | INFO     | app.services.part2_extraction.dino_detector:_get_model_and_processor:66 — [DINO] Loading model: IDEA-Research/grounding-dino-base on device=cpu
2026-10-05 11:46:51.608 | INFO     | app.services.part2_extraction.dino_detector:_get_model_and_processor:86 — [DINO] Model loaded and ready.
2026-10-05 11:46:51.862 | DEBUG    | app.services.part2_extraction.dino_detector:detect_drawing_elements:113 — [DINO] Running detection on image 6551x9262
2026-10-05 11:47:16.598 | DEBUG    | app.services.part2_extraction.dino_detector:detect_drawing_elements:151 — [DINO] Detected 'oxygen lance port' — conf=0.328 at [1437,2396,5810,6289]
2026-10-05 11:47:16.607 | DEBUG    | app.services.part2_extraction.dino_detector:detect_drawing_elements:151 — [DINO] Detected 'oxygen lance port' — conf=0.382 at [1057,2330,5844,6334]
2026-10-05 11:47:16.607 | DEBUG    | app.services.part2_extraction.dino_detector:detect_drawing_elements:151 — [DINO] Detected 'port' — conf=0.262 at [1436,2385,5823,6292]
2026-10-05 11:47:16.607 | DEBUG    | app.services.part2_extraction.dino_detector:detect_drawing_elements:151 — [DINO] Detected 'title block' — conf=0.294 at [1621,2386,2431,2552]
2026-10-05 11:47:16.607 | DEBUG    | app.services.part2_extraction.dino_detector:detect_drawing_elements:151 — [DINO] Detected 'front elevation view' — conf=0.284 at [43,48,6505,9199]
2026-10-05 11:47:16.607 | DEBUG    | app.services.part2_extraction.dino_detector:detect_drawing_elements:151 — [DINO] Detected 'title block' — conf=0.263 at [3546,2401,3849,2539]
2026-10-05 11:47:16.607 | DEBUG    | app.services.part2_extraction.dino_detector:detect_drawing_elements:151 — [DINO] Detected 'arrow annotation' — conf=0.307 at [4318,4939,4778,5133]
2026-10-05 11:47:16.607 | DEBUG    | app.services.part2_extraction.dino_detector:detect_drawing_elements:151 — [DINO] Detected 'front elevation' — conf=0.266 at [1051,2320,5849,6348]
2026-10-05 11:47:16.607 | INFO     | app.services.part2_extraction.dino_detector:detect_drawing_elements:156 — [DINO] Detection complete — 8 elements found (threshold=0.25)
2026-10-05 11:47:16.616 | INFO     | app.services.part2_extraction.extraction_service:extract_vessel_geometry:133 — [Part 2] Step 2 — Tesseract OCR extraction…
2026-10-05 11:47:16.620 | DEBUG    | app.services.part2_extraction.ocr_extractor:run_ocr:114 — [OCR] Base image 6551x9262, scaling by 1.0x for OCR
2026-10-05 11:47:17.189 | DEBUG    | app.services.part2_extraction.ocr_extractor:run_ocr:119 — [OCR] Running Tesseract on full image...
2026-10-05 11:47:21.873 | WARNING  | app.services.part2_extraction.extraction_service:extract_vessel_geometry:137 — [Part 2] OCR failed: (3221225786, 'ObjectCache(00007ff992536600)::~ObjectCache(): WARNING! LEAK! object 00000191a2bc9990 still has count 1 (id C:\\Program Files\\Tesseract-OCR/tessdata/eng.traineddatalstm-punc-dawg) ObjectCache(00007ff992536600)::~ObjectCache(): WARNING! LEAK! object 00000191a4d62e80 still has count 1 (id C:\\Program Files\\Tesseract-OCR/tessdata/eng.traineddatalstm-word-dawg) ObjectCache(00007ff992536600)::~ObjectCache(): WARNING! LEAK! object 00000191a4ca3850 still has count 1 (id C:\\Program Files\\Tesseract-OCR/tessdata/eng.traineddatalstm-number-dawg)')
2026-10-05 11:47:21.906 | INFO     | app.services.part2_extraction.extraction_service:extract_vessel_geometry:143 — [Part 2] Step 2b — PDF embedded text extraction (pdfplumber)…
2026-10-05 11:47:21.959 | DEBUG    | app.utils.pdf_text_extractor:extract_pdf_text:59 — [PDF-Text] Page 1: 0 words extracted
2026-10-05 11:47:21.960 | INFO     | app.utils.pdf_text_extractor:extract_pdf_text:84 — [PDF-Text] Extracted 0 unique text items from PDF
2026-10-05 11:47:21.961 | INFO     | app.services.part2_extraction.extraction_service:extract_vessel_geometry:164 — [Part 2] pdfplumber found no text (rasterised PDF)
2026-10-05 11:47:21.961 | INFO     | app.services.part2_extraction.extraction_service:extract_vessel_geometry:168 — [Part 2] Step 2c — PDF positioned dimension extraction…
2026-10-05 11:47:22.000 | INFO     | app.utils.pdf_text_extractor:extract_segment_dimensions:180 — [PDF-Segments] Extracted 0 positioned dimensions
2026-10-05 11:47:22.001 | INFO     | app.services.part2_extraction.extraction_service:extract_vessel_geometry:171 — [Part 2] Positioned dims: 0
2026-10-05 11:47:22.001 | INFO     | app.services.part2_extraction.extraction_service:extract_vessel_geometry:178 — [Part 2] Step 3 — OpenCV geometry analysis…
2026-10-05 11:47:22.392 | DEBUG    | app.services.part2_extraction.opencv_processor:process_geometry:117 — [OpenCV] Detected 286 line segments
2026-10-05 11:47:45.733 | INFO     | app.core.logging_config:setup_logging:43 — Logging initialised — level=INFO, env=development
2026-10-05 11:47:45.734 | INFO     | app.main:lifespan:36 — ============================================================
2026-10-05 11:47:45.734 | INFO     | app.main:lifespan:37 —   RefractoryAI API  v0.1.0
2026-10-05 11:47:45.734 | INFO     | app.main:lifespan:38 —   Environment: development
2026-10-05 11:47:45.734 | INFO     | app.main:lifespan:39 —   Device: cpu
2026-10-05 11:47:45.735 | INFO     | app.main:lifespan:40 — ============================================================
2026-10-05 11:47:45.735 | INFO     | app.main:lifespan:41 — Warming up Grounding DINO model on first request (lazy load)...
2026-10-05 11:48:02.207 | INFO     | app.api.v1.routes_extraction:process_drawing:60 — [API] Full process request — file=input drawing _ naked shell.pdf
2026-10-05 11:48:02.207 | INFO     | app.services.part1_ingestion.ingestion_service:ingest_drawing:82 — [Part 1] Starting ingestion — job_id=72358eea-603a-4824-8879-59106a52b4df, file=input drawing _ naked shell.pdf
2026-10-05 11:48:02.207 | DEBUG    | app.services.part1_ingestion.ingestion_service:ingest_drawing:93 — [Part 1] Saved to data\outputs\72358eea-603a-4824-8879-59106a52b4df\input drawing _ naked shell.pdf (6078 bytes)
2026-10-05 11:48:02.207 | INFO     | app.services.part1_ingestion.drawing_validator:validate_upload:49 — Validation passed for 'input drawing _ naked shell.pdf'
2026-10-05 11:48:02.207 | INFO     | app.services.part1_ingestion.file_handler:detect_format:49 — Detected format: DrawingFormat.PDF for file: input drawing _ naked shell.pdf
2026-10-05 11:48:02.368 | DEBUG    | app.services.part1_ingestion.file_handler:_load_pdf:101 — Loading PDF via PyMuPDF: data\outputs\72358eea-603a-4824-8879-59106a52b4df\input drawing _ naked shell.pdf
2026-10-05 11:48:02.568 | DEBUG    | app.services.part1_ingestion.file_handler:_load_pdf:122 —   Page 1: shape=(9262, 6551, 3)
2026-10-05 11:48:02.595 | INFO     | app.services.part1_ingestion.file_handler:load_drawing:86 — Loaded drawing 'input drawing _ naked shell.pdf' — format=DrawingFormat.PDF, pages=1
2026-10-05 11:48:02.598 | INFO     | app.services.part1_ingestion.ingestion_service:ingest_drawing:117 — [Part 1] Ingestion complete — job_id=72358eea-603a-4824-8879-59106a52b4df, format=DrawingFormat.PDF, pages=1
2026-10-05 11:48:02.598 | INFO     | app.services.part2_extraction.extraction_service:extract_vessel_geometry:54 — [Part 2] Starting extraction — job_id=72358eea-603a-4824-8879-59106a52b4df, format=DrawingFormat.PDF, pages=1
2026-10-05 11:48:02.598 | INFO     | app.services.part2_extraction.extraction_service:extract_vessel_geometry:104 — [Part 2] Step 0b — PDF vector path extraction…
2026-10-05 11:48:02.819 | INFO     | app.utils.pdf_path_extractor:extract_pdf_path_profile:120 — [PDF-Paths] Found 816 path segments
2026-10-05 11:48:02.844 | INFO     | app.utils.pdf_path_extractor:extract_pdf_path_profile:147 — [PDF-Paths] Profile extracted: 197 pts, height=316.3mm, max_r=146.0mm
2026-10-05 11:48:02.846 | INFO     | app.services.part2_extraction.extraction_service:extract_vessel_geometry:111 — [Part 2] PDF path profile: 197 pts, h=316mm
2026-10-05 11:48:02.846 | INFO     | app.services.part2_extraction.extraction_service:extract_vessel_geometry:124 — [Part 2] Step 1 — Grounding DINO detection…
2026-10-05 11:48:02.846 | INFO     | app.services.part2_extraction.dino_detector:_get_model_and_processor:66 — [DINO] Loading model: IDEA-Research/grounding-dino-base on device=cpu
2026-10-05 11:48:13.450 | INFO     | app.services.part2_extraction.dino_detector:_get_model_and_processor:86 — [DINO] Model loaded and ready.
2026-10-05 11:48:13.692 | DEBUG    | app.services.part2_extraction.dino_detector:detect_drawing_elements:113 — [DINO] Running detection on image 6551x9262
2026-10-05 11:48:34.188 | DEBUG    | app.services.part2_extraction.dino_detector:detect_drawing_elements:151 — [DINO] Detected 'oxygen lance port' — conf=0.328 at [1437,2396,5810,6289]
2026-10-05 11:48:34.196 | DEBUG    | app.services.part2_extraction.dino_detector:detect_drawing_elements:151 — [DINO] Detected 'oxygen lance port' — conf=0.382 at [1057,2330,5844,6334]
2026-10-05 11:48:34.196 | DEBUG    | app.services.part2_extraction.dino_detector:detect_drawing_elements:151 — [DINO] Detected 'port' — conf=0.262 at [1436,2385,5823,6292]
2026-10-05 11:48:34.196 | DEBUG    | app.services.part2_extraction.dino_detector:detect_drawing_elements:151 — [DINO] Detected 'title block' — conf=0.294 at [1621,2386,2431,2552]
2026-10-05 11:48:34.196 | DEBUG    | app.services.part2_extraction.dino_detector:detect_drawing_elements:151 — [DINO] Detected 'front elevation view' — conf=0.284 at [43,48,6505,9199]
2026-10-05 11:48:34.196 | DEBUG    | app.services.part2_extraction.dino_detector:detect_drawing_elements:151 — [DINO] Detected 'title block' — conf=0.263 at [3546,2401,3849,2539]
2026-10-05 11:48:34.196 | DEBUG    | app.services.part2_extraction.dino_detector:detect_drawing_elements:151 — [DINO] Detected 'arrow annotation' — conf=0.307 at [4318,4939,4778,5133]
2026-10-05 11:48:34.197 | DEBUG    | app.services.part2_extraction.dino_detector:detect_drawing_elements:151 — [DINO] Detected 'front elevation' — conf=0.266 at [1051,2320,5849,6348]
2026-10-05 11:48:34.197 | INFO     | app.services.part2_extraction.dino_detector:detect_drawing_elements:156 — [DINO] Detection complete — 8 elements found (threshold=0.25)
2026-10-05 11:48:34.207 | INFO     | app.services.part2_extraction.extraction_service:extract_vessel_geometry:133 — [Part 2] Step 2 — Tesseract OCR extraction…
2026-10-05 11:48:34.207 | DEBUG    | app.services.part2_extraction.ocr_extractor:run_ocr:114 — [OCR] Base image 6551x9262, scaling by 1.0x for OCR
2026-10-05 11:48:34.806 | DEBUG    | app.services.part2_extraction.ocr_extractor:run_ocr:119 — [OCR] Running Tesseract on full image...
2026-10-05 11:48:48.467 | DEBUG    | app.services.part2_extraction.ocr_extractor:run_ocr:149 — [OCR] Full image — 20 unique text lines extracted
2026-10-05 11:48:50.591 | DEBUG    | app.services.part2_extraction.ocr_extractor:run_ocr:167 — [OCR] Region 'oxygen lance port' — 8 lines extracted
2026-10-05 11:48:52.889 | DEBUG    | app.services.part2_extraction.ocr_extractor:run_ocr:167 — [OCR] Region 'oxygen lance port' — 10 lines extracted
2026-10-05 11:48:55.018 | DEBUG    | app.services.part2_extraction.ocr_extractor:run_ocr:167 — [OCR] Region 'port' — 8 lines extracted
2026-10-05 11:48:55.155 | DEBUG    | app.services.part2_extraction.ocr_extractor:run_ocr:167 — [OCR] Region 'title block' — 1 lines extracted
2026-10-05 11:49:04.426 | DEBUG    | app.services.part2_extraction.ocr_extractor:run_ocr:167 — [OCR] Region 'front elevation view' — 11 lines extracted
2026-10-05 11:49:04.617 | DEBUG    | app.services.part2_extraction.ocr_extractor:run_ocr:167 — [OCR] Region 'title block' — 1 lines extracted
2026-10-05 11:49:04.737 | DEBUG    | app.services.part2_extraction.ocr_extractor:run_ocr:167 — [OCR] Region 'arrow annotation' — 1 lines extracted
2026-10-05 11:49:07.080 | DEBUG    | app.services.part2_extraction.ocr_extractor:run_ocr:167 — [OCR] Region 'front elevation' — 11 lines extracted
2026-10-05 11:49:07.080 | WARNING  | app.utils.unit_parser:parse_dimension:77 — Could not parse dimension from: '1Q000'
2026-10-05 11:49:07.082 | DEBUG    | app.utils.unit_parser:parse_dimension:72 — Parsed plain number (assumed mm): '929.8' → (929.8, 'mm')
2026-10-05 11:49:07.083 | DEBUG    | app.utils.unit_parser:parse_dimension:72 — Parsed plain number (assumed mm): '1965.2' → (1965.2, 'mm')
2026-10-05 11:49:07.083 | DEBUG    | app.utils.unit_parser:parse_dimension:72 — Parsed plain number (assumed mm): '4884.35' → (4884.35, 'mm')
2026-10-05 11:49:07.083 | DEBUG    | app.utils.unit_parser:parse_dimension:72 — Parsed plain number (assumed mm): '2415.7' → (2415.7, 'mm')
2026-10-05 11:49:07.083 | DEBUG    | app.utils.unit_parser:parse_dimension:72 — Parsed plain number (assumed mm): '150' → (150.0, 'mm')
2026-10-05 11:49:07.083 | WARNING  | app.utils.unit_parser:parse_dimension:77 — Could not parse dimension from: '|'
2026-10-05 11:49:07.083 | WARNING  | app.utils.unit_parser:parse_dimension:77 — Could not parse dimension from: 'Key'
2026-10-05 11:49:07.084 | DEBUG    | app.utils.unit_parser:parse_dimension:72 — Parsed plain number (assumed mm): '100' → (100.0, 'mm')
2026-10-05 11:49:07.084 | DEBUG    | app.utils.unit_parser:parse_dimension:72 — Parsed plain number (assumed mm): '229.8' → (229.8, 'mm')
2026-10-05 11:49:07.084 | DEBUG    | app.utils.unit_parser:parse_dimension:72 — Parsed plain number (assumed mm): '1969.2' → (1969.2, 'mm')
2026-10-05 11:49:07.084 | DEBUG    | app.utils.unit_parser:parse_dimension:72 — Parsed plain number (assumed mm): '4384.5' → (4384.5, 'mm')
2026-10-05 11:49:07.084 | DEBUG    | app.utils.unit_parser:parse_dimension:72 — Parsed plain number (assumed mm): '2415.7' → (2415.7, 'mm')
2026-10-05 11:49:07.084 | WARNING  | app.utils.unit_parser:parse_dimension:77 — Could not parse dimension from: '\'
2026-10-05 11:49:07.085 | WARNING  | app.utils.unit_parser:parse_dimension:77 — Could not parse dimension from: 'a'
2026-10-05 11:49:07.085 | WARNING  | app.utils.unit_parser:parse_dimension:77 — Could not parse dimension from: '8f'
2026-10-05 11:49:07.085 | DEBUG    | app.utils.unit_parser:parse_dimension:72 — Parsed plain number (assumed mm): '0' → (0.0, 'mm')
2026-10-05 11:49:07.086 | DEBUG    | app.utils.unit_parser:parse_dimension:72 — Parsed plain number (assumed mm): '1' → (1.0, 'mm')
2026-10-05 11:49:07.086 | DEBUG    | app.utils.unit_parser:parse_dimension:72 — Parsed plain number (assumed mm): '7' → (7.0, 'mm')
2026-10-05 11:49:07.086 | DEBUG    | app.utils.unit_parser:parse_dimension:72 — Parsed plain number (assumed mm): '01' → (1.0, 'mm')
2026-10-05 11:49:07.086 | WARNING  | app.utils.unit_parser:parse_dimension:77 — Could not parse dimension from: '929.8 1965.7 4384.35 2415.7'
2026-10-05 11:49:07.086 | DEBUG    | app.utils.unit_parser:parse_dimension:72 — Parsed plain number (assumed mm): '929.8' → (929.8, 'mm')
2026-10-05 11:49:07.086 | DEBUG    | app.utils.unit_parser:parse_dimension:72 — Parsed plain number (assumed mm): '1965.7' → (1965.7, 'mm')
2026-10-05 11:49:07.086 | DEBUG    | app.utils.unit_parser:parse_dimension:72 — Parsed plain number (assumed mm): '4384.35' → (4384.35, 'mm')
2026-10-05 11:49:07.086 | DEBUG    | app.utils.unit_parser:parse_dimension:72 — Parsed plain number (assumed mm): '2415.7' → (2415.7, 'mm')
2026-10-05 11:49:07.086 | WARNING  | app.utils.unit_parser:parse_dimension:77 — Could not parse dimension from: '|'
2026-10-05 11:49:07.086 | WARNING  | app.utils.unit_parser:parse_dimension:77 — Could not parse dimension from: 'Key'
2026-10-05 11:49:07.086 | WARNING  | app.utils.unit_parser:parse_dimension:77 — Could not parse dimension from: '| .'
2026-10-05 11:49:07.086 | WARNING  | app.utils.unit_parser:parse_dimension:77 — Could not parse dimension from: '|'
2026-10-05 11:49:07.086 | WARNING  | app.utils.unit_parser:parse_dimension:77 — Could not parse dimension from: '.'
2026-10-05 11:49:07.086 | WARNING  | app.utils.unit_parser:parse_dimension:77 — Could not parse dimension from: '=)'
2026-10-05 11:49:07.086 | WARNING  | app.utils.unit_parser:parse_dimension:77 — Could not parse dimension from: '\ } y'
2026-10-05 11:49:07.086 | WARNING  | app.utils.unit_parser:parse_dimension:77 — Could not parse dimension from: '\'
2026-10-05 11:49:07.086 | WARNING  | app.utils.unit_parser:parse_dimension:77 — Could not parse dimension from: '}'
2026-10-05 11:49:07.086 | WARNING  | app.utils.unit_parser:parse_dimension:77 — Could not parse dimension from: 'y'
2026-10-05 11:49:07.086 | WARNING  | app.utils.unit_parser:parse_dimension:77 — Could not parse dimension from: 'Le'
2026-10-05 11:49:07.086 | WARNING  | app.utils.unit_parser:parse_dimension:77 — Could not parse dimension from: 'Ma'
2026-10-05 11:49:07.090 | WARNING  | app.utils.unit_parser:parse_dimension:77 — Could not parse dimension from: '529.8 1969.2 4804.5 2419.7'
2026-10-05 11:49:07.090 | DEBUG    | app.utils.unit_parser:parse_dimension:72 — Parsed plain number (assumed mm): '529.8' → (529.8, 'mm')
2026-10-05 11:49:07.090 | DEBUG    | app.utils.unit_parser:parse_dimension:72 — Parsed plain number (assumed mm): '1969.2' → (1969.2, 'mm')
2026-10-05 11:49:07.090 | DEBUG    | app.utils.unit_parser:parse_dimension:72 — Parsed plain number (assumed mm): '4804.5' → (4804.5, 'mm')
2026-10-05 11:49:07.090 | DEBUG    | app.utils.unit_parser:parse_dimension:72 — Parsed plain number (assumed mm): '2419.7' → (2419.7, 'mm')
2026-10-05 11:49:07.090 | WARNING  | app.utils.unit_parser:parse_dimension:77 — Could not parse dimension from: '|'
2026-10-05 11:49:07.090 | WARNING  | app.utils.unit_parser:parse_dimension:77 — Could not parse dimension from: '1 8 |'
2026-10-05 11:49:07.090 | DEBUG    | app.utils.unit_parser:parse_dimension:72 — Parsed plain number (assumed mm): '1' → (1.0, 'mm')
2026-10-05 11:49:07.090 | DEBUG    | app.utils.unit_parser:parse_dimension:72 — Parsed plain number (assumed mm): '8' → (8.0, 'mm')
2026-10-05 11:49:07.090 | WARNING  | app.utils.unit_parser:parse_dimension:77 — Could not parse dimension from: '|'
2026-10-05 11:49:07.090 | WARNING  | app.utils.unit_parser:parse_dimension:77 — Could not parse dimension from: 'SO'
2026-10-05 11:49:07.090 | WARNING  | app.utils.unit_parser:parse_dimension:77 — Could not parse dimension from: '4 C0 Key'
2026-10-05 11:49:07.092 | DEBUG    | app.utils.unit_parser:parse_dimension:72 — Parsed plain number (assumed mm): '4' → (4.0, 'mm')
2026-10-05 11:49:07.092 | WARNING  | app.utils.unit_parser:parse_dimension:77 — Could not parse dimension from: 'CO'
2026-10-05 11:49:07.092 | WARNING  | app.utils.unit_parser:parse_dimension:77 — Could not parse dimension from: 'Key'
2026-10-05 11:49:07.092 | WARNING  | app.utils.unit_parser:parse_dimension:77 — Could not parse dimension from: 'iN'
2026-10-05 11:49:07.092 | WARNING  | app.utils.unit_parser:parse_dimension:77 — Could not parse dimension from: 'CO'
2026-10-05 11:49:07.092 | WARNING  | app.utils.unit_parser:parse_dimension:77 — Could not parse dimension from: '\ -O |'
2026-10-05 11:49:07.092 | WARNING  | app.utils.unit_parser:parse_dimension:77 — Could not parse dimension from: '\'
2026-10-05 11:49:07.092 | WARNING  | app.utils.unit_parser:parse_dimension:77 — Could not parse dimension from: '-O'
2026-10-05 11:49:07.092 | WARNING  | app.utils.unit_parser:parse_dimension:77 — Could not parse dimension from: '|'
2026-10-05 11:49:07.092 | WARNING  | app.utils.unit_parser:parse_dimension:77 — Could not parse dimension from: '_'
2026-10-05 11:49:07.092 | WARNING  | app.utils.unit_parser:parse_dimension:77 — Could not parse dimension from: '_\'
2026-10-05 11:49:07.095 | WARNING  | app.utils.unit_parser:parse_dimension:77 — Could not parse dimension from: '929.8 1965.7 4384.35 2415.7'
2026-10-05 11:49:07.095 | DEBUG    | app.utils.unit_parser:parse_dimension:72 — Parsed plain number (assumed mm): '929.8' → (929.8, 'mm')
2026-10-05 11:49:07.095 | DEBUG    | app.utils.unit_parser:parse_dimension:72 — Parsed plain number (assumed mm): '1965.7' → (1965.7, 'mm')
2026-10-05 11:49:07.095 | DEBUG    | app.utils.unit_parser:parse_dimension:72 — Parsed plain number (assumed mm): '4384.35' → (4384.35, 'mm')
2026-10-05 11:49:07.095 | DEBUG    | app.utils.unit_parser:parse_dimension:72 — Parsed plain number (assumed mm): '2415.7' → (2415.7, 'mm')
2026-10-05 11:49:07.095 | WARNING  | app.utils.unit_parser:parse_dimension:77 — Could not parse dimension from: '|'
2026-10-05 11:49:07.095 | WARNING  | app.utils.unit_parser:parse_dimension:77 — Could not parse dimension from: 'Key'
2026-10-05 11:49:07.095 | WARNING  | app.utils.unit_parser:parse_dimension:77 — Could not parse dimension from: '| .'
2026-10-05 11:49:07.096 | WARNING  | app.utils.unit_parser:parse_dimension:77 — Could not parse dimension from: '|'
2026-10-05 11:49:07.096 | WARNING  | app.utils.unit_parser:parse_dimension:77 — Could not parse dimension from: '.'
2026-10-05 11:49:07.096 | WARNING  | app.utils.unit_parser:parse_dimension:77 — Could not parse dimension from: '=)'
2026-10-05 11:49:07.096 | WARNING  | app.utils.unit_parser:parse_dimension:77 — Could not parse dimension from: '\ } y'
2026-10-05 11:49:07.097 | WARNING  | app.utils.unit_parser:parse_dimension:77 — Could not parse dimension from: '\'
2026-10-05 11:49:07.097 | WARNING  | app.utils.unit_parser:parse_dimension:77 — Could not parse dimension from: '}'
2026-10-05 11:49:07.097 | WARNING  | app.utils.unit_parser:parse_dimension:77 — Could not parse dimension from: 'y'
2026-10-05 11:49:07.097 | WARNING  | app.utils.unit_parser:parse_dimension:77 — Could not parse dimension from: 'Le'
2026-10-05 11:49:07.097 | WARNING  | app.utils.unit_parser:parse_dimension:77 — Could not parse dimension from: 'Ma'
2026-10-05 11:49:07.098 | WARNING  | app.utils.unit_parser:parse_dimension:77 — Could not parse dimension from: '929.8 1969.2'
2026-10-05 11:49:07.098 | DEBUG    | app.utils.unit_parser:parse_dimension:72 — Parsed plain number (assumed mm): '929.8' → (929.8, 'mm')
2026-10-05 11:49:07.098 | DEBUG    | app.utils.unit_parser:parse_dimension:72 — Parsed plain number (assumed mm): '1969.2' → (1969.2, 'mm')
2026-10-05 11:49:07.098 | DEBUG    | app.utils.unit_parser:parse_dimension:72 — Parsed plain number (assumed mm): '10000' → (10000.0, 'mm')
2026-10-05 11:49:07.098 | WARNING  | app.utils.unit_parser:parse_dimension:77 — Could not parse dimension from: '929.0 1969.2 4334.35 2415./ 190'
2026-10-05 11:49:07.098 | DEBUG    | app.utils.unit_parser:parse_dimension:72 — Parsed plain number (assumed mm): '929.0' → (929.0, 'mm')
2026-10-05 11:49:07.100 | DEBUG    | app.utils.unit_parser:parse_dimension:72 — Parsed plain number (assumed mm): '1969.2' → (1969.2, 'mm')
2026-10-05 11:49:07.100 | DEBUG    | app.utils.unit_parser:parse_dimension:72 — Parsed plain number (assumed mm): '4334.35' → (4334.35, 'mm')
2026-10-05 11:49:07.100 | DEBUG    | app.utils.unit_parser:parse_dimension:72 — Parsed plain number (assumed mm): '2415.7' → (2415.7, 'mm')
2026-10-05 11:49:07.100 | DEBUG    | app.utils.unit_parser:parse_dimension:72 — Parsed plain number (assumed mm): '190' → (190.0, 'mm')
2026-10-05 11:49:07.100 | WARNING  | app.utils.unit_parser:parse_dimension:77 — Could not parse dimension from: '|'
2026-10-05 11:49:07.100 | WARNING  | app.utils.unit_parser:parse_dimension:77 — Could not parse dimension from: '2 8'
2026-10-05 11:49:07.100 | DEBUG    | app.utils.unit_parser:parse_dimension:72 — Parsed plain number (assumed mm): '2' → (2.0, 'mm')
2026-10-05 11:49:07.101 | DEBUG    | app.utils.unit_parser:parse_dimension:72 — Parsed plain number (assumed mm): '8' → (8.0, 'mm')
2026-10-05 11:49:07.101 | WARNING  | app.utils.unit_parser:parse_dimension:77 — Could not parse dimension from: 'Ol'
2026-10-05 11:49:07.101 | WARNING  | app.utils.unit_parser:parse_dimension:77 — Could not parse dimension from: 'wd CO Key'
2026-10-05 11:49:07.101 | WARNING  | app.utils.unit_parser:parse_dimension:77 — Could not parse dimension from: 'wd'
2026-10-05 11:49:07.101 | WARNING  | app.utils.unit_parser:parse_dimension:77 — Could not parse dimension from: 'CO'
2026-10-05 11:49:07.102 | WARNING  | app.utils.unit_parser:parse_dimension:77 — Could not parse dimension from: 'Key'
2026-10-05 11:49:07.102 | WARNING  | app.utils.unit_parser:parse_dimension:77 — Could not parse dimension from: 'iN'
2026-10-05 11:49:07.102 | WARNING  | app.utils.unit_parser:parse_dimension:77 — Could not parse dimension from: 'CO'
2026-10-05 11:49:07.102 | WARNING  | app.utils.unit_parser:parse_dimension:77 — Could not parse dimension from: '\ -O |'
2026-10-05 11:49:07.103 | WARNING  | app.utils.unit_parser:parse_dimension:77 — Could not parse dimension from: '\'
2026-10-05 11:49:07.103 | WARNING  | app.utils.unit_parser:parse_dimension:77 — Could not parse dimension from: '-O'
2026-10-05 11:49:07.103 | WARNING  | app.utils.unit_parser:parse_dimension:77 — Could not parse dimension from: '|'
2026-10-05 11:49:07.103 | WARNING  | app.utils.unit_parser:parse_dimension:77 — Could not parse dimension from: '_'
2026-10-05 11:49:07.103 | WARNING  | app.utils.unit_parser:parse_dimension:77 — Could not parse dimension from: 'i'
2026-10-05 11:49:07.103 | DEBUG    | app.utils.unit_parser:parse_dimension:72 — Parsed plain number (assumed mm): '4384.5' → (4384.5, 'mm')
2026-10-05 11:49:07.104 | WARNING  | app.utils.unit_parser:parse_dimension:77 — Could not parse dimension from: '0 |'
2026-10-05 11:49:07.104 | DEBUG    | app.utils.unit_parser:parse_dimension:72 — Parsed plain number (assumed mm): '0' → (0.0, 'mm')
2026-10-05 11:49:07.104 | WARNING  | app.utils.unit_parser:parse_dimension:77 — Could not parse dimension from: '|'
2026-10-05 11:49:07.104 | WARNING  | app.utils.unit_parser:parse_dimension:77 — Could not parse dimension from: 'LUUUY'
2026-10-05 11:49:07.104 | WARNING  | app.utils.unit_parser:parse_dimension:77 — Could not parse dimension from: '529.8 1965.2 4884.35 2415.7'
2026-10-05 11:49:07.105 | DEBUG    | app.utils.unit_parser:parse_dimension:72 — Parsed plain number (assumed mm): '529.8' → (529.8, 'mm')
2026-10-05 11:49:07.105 | DEBUG    | app.utils.unit_parser:parse_dimension:72 — Parsed plain number (assumed mm): '1965.2' → (1965.2, 'mm')
2026-10-05 11:49:07.105 | DEBUG    | app.utils.unit_parser:parse_dimension:72 — Parsed plain number (assumed mm): '4884.35' → (4884.35, 'mm')
2026-10-05 11:49:07.105 | DEBUG    | app.utils.unit_parser:parse_dimension:72 — Parsed plain number (assumed mm): '2415.7' → (2415.7, 'mm')
2026-10-05 11:49:07.105 | WARNING  | app.utils.unit_parser:parse_dimension:77 — Could not parse dimension from: '|'
2026-10-05 11:49:07.105 | WARNING  | app.utils.unit_parser:parse_dimension:77 — Could not parse dimension from: '3 8'
2026-10-05 11:49:07.105 | DEBUG    | app.utils.unit_parser:parse_dimension:72 — Parsed plain number (assumed mm): '3' → (3.0, 'mm')
2026-10-05 11:49:07.105 | DEBUG    | app.utils.unit_parser:parse_dimension:72 — Parsed plain number (assumed mm): '8' → (8.0, 'mm')
2026-10-05 11:49:07.105 | WARNING  | app.utils.unit_parser:parse_dimension:77 — Could not parse dimension from: 'Ol'
2026-10-05 11:49:07.106 | WARNING  | app.utils.unit_parser:parse_dimension:77 — Could not parse dimension from: 'J © Key'
2026-10-05 11:49:07.106 | WARNING  | app.utils.unit_parser:parse_dimension:77 — Could not parse dimension from: 'J'
2026-10-05 11:49:07.106 | WARNING  | app.utils.unit_parser:parse_dimension:77 — Could not parse dimension from: '©'
2026-10-05 11:49:07.106 | WARNING  | app.utils.unit_parser:parse_dimension:77 — Could not parse dimension from: 'Key'
2026-10-05 11:49:07.106 | WARNING  | app.utils.unit_parser:parse_dimension:77 — Could not parse dimension from: 'IN'
2026-10-05 11:49:07.108 | WARNING  | app.utils.unit_parser:parse_dimension:77 — Could not parse dimension from: 'CO'
2026-10-05 11:49:07.108 | WARNING  | app.utils.unit_parser:parse_dimension:77 — Could not parse dimension from: '\ -O |'
2026-10-05 11:49:07.108 | WARNING  | app.utils.unit_parser:parse_dimension:77 — Could not parse dimension from: '\'
2026-10-05 11:49:07.108 | WARNING  | app.utils.unit_parser:parse_dimension:77 — Could not parse dimension from: '-O'
2026-10-05 11:49:07.108 | WARNING  | app.utils.unit_parser:parse_dimension:77 — Could not parse dimension from: '|'
2026-10-05 11:49:07.109 | WARNING  | app.utils.unit_parser:parse_dimension:77 — Could not parse dimension from: '__'
2026-10-05 11:49:07.109 | WARNING  | app.utils.unit_parser:parse_dimension:77 — Could not parse dimension from: 'a'
2026-10-05 11:49:07.109 | INFO     | app.services.part2_extraction.ocr_extractor:run_ocr:174 — [OCR] Complete — raw_lines=71, dimensions=47, vessel_type=unknown
2026-10-05 11:49:07.137 | INFO     | app.services.part2_extraction.extraction_service:extract_vessel_geometry:143 — [Part 2] Step 2b — PDF embedded text extraction (pdfplumber)…
2026-10-05 11:49:07.203 | DEBUG    | app.utils.pdf_text_extractor:extract_pdf_text:59 — [PDF-Text] Page 1: 0 words extracted
2026-10-05 11:49:07.203 | INFO     | app.utils.pdf_text_extractor:extract_pdf_text:84 — [PDF-Text] Extracted 0 unique text items from PDF
2026-10-05 11:49:07.203 | INFO     | app.services.part2_extraction.extraction_service:extract_vessel_geometry:164 — [Part 2] pdfplumber found no text (rasterised PDF)
2026-10-05 11:49:07.203 | INFO     | app.services.part2_extraction.extraction_service:extract_vessel_geometry:168 — [Part 2] Step 2c — PDF positioned dimension extraction…
2026-10-05 11:49:07.245 | INFO     | app.utils.pdf_text_extractor:extract_segment_dimensions:180 — [PDF-Segments] Extracted 0 positioned dimensions
2026-10-05 11:49:07.246 | INFO     | app.services.part2_extraction.extraction_service:extract_vessel_geometry:171 — [Part 2] Positioned dims: 0
2026-10-05 11:49:07.246 | INFO     | app.services.part2_extraction.extraction_service:extract_vessel_geometry:178 — [Part 2] Step 3 — OpenCV geometry analysis…
2026-10-05 11:49:07.611 | DEBUG    | app.services.part2_extraction.opencv_processor:process_geometry:117 — [OpenCV] Detected 286 line segments
2026-10-05 11:49:43.853 | DEBUG    | app.services.part2_extraction.opencv_processor:process_geometry:121 — [OpenCV] Detected 340 circles
2026-10-05 11:49:43.950 | DEBUG    | app.services.part2_extraction.opencv_processor:process_geometry:125 — [OpenCV] Detected 2 significant contours
2026-10-05 11:49:43.953 | INFO     | app.services.part2_extraction.opencv_processor:process_geometry:141 — [OpenCV] Scale estimated from bounding rect: 0.0747 px/mm
2026-10-05 11:49:43.979 | DEBUG    | app.services.part2_extraction.opencv_processor:_detect_vessel_zones:383 — [OpenCV-Zones] Found 2 breakpoints at rows: [53, 735]
2026-10-05 11:49:43.980 | INFO     | app.services.part2_extraction.opencv_processor:_detect_vessel_zones:427 — [OpenCV-Zones] Assembled 3 zones from 2 breakpoints
2026-10-05 11:49:43.980 | INFO     | app.services.part2_extraction.opencv_processor:process_geometry:150 — [OpenCV] Detected 3 vessel zones from profile contour
2026-10-05 11:49:43.981 | INFO     | app.services.part2_extraction.opencv_processor:process_geometry:155 — [OpenCV] Geometry processing complete.
2026-10-05 11:49:43.988 | INFO     | app.services.part2_extraction.geometry_assembler:assemble_vessel_geometry:61 — [Assembler] Assembling VesselGeometry from extraction results…
2026-10-05 11:49:44.001 | DEBUG    | app.services.part2_extraction.geometry_assembler:_assemble_shell:149 — [Assembler] Outer dia: 4884.35mm ('4884.35')
2026-10-05 11:49:44.002 | DEBUG    | app.services.part2_extraction.geometry_assembler:_assemble_shell:163 — [Assembler] Total length: 10000.0mm ('1OQQO')
2026-10-05 11:49:44.002 | DEBUG    | app.services.part2_extraction.geometry_assembler:_assemble_shell:169 — [Assembler] OpenCV circle dia estimate: 58420.0mm
2026-10-05 11:49:44.005 | INFO     | app.services.part2_extraction.geometry_assembler:_assemble_profile:261 — [Assembler] Profile from PDF paths: 8 segments
2026-10-05 11:49:44.006 | DEBUG    | app.services.part2_extraction.geometry_assembler:_assemble_nozzles:747 — [Assembler] Nozzles: 2
2026-10-05 11:49:44.009 | INFO     | app.services.part2_extraction.geometry_assembler:assemble_vessel_geometry:89 — [Assembler] Done — type=VesselType.UNKNOWN, conf=0.62, segments=8, method=pdf_paths
2026-10-05 11:49:44.030 | INFO     | app.services.part2_extraction.extraction_service:_save_output:248 — [Part 2] Output saved: data\outputs\72358eea-603a-4824-8879-59106a52b4df\vessel_geometry.json
2026-10-05 11:49:44.572 | INFO     | app.services.part2_extraction.extraction_service:_save_output:294 — [Part 2] Excel output saved: data\outputs\72358eea-603a-4824-8879-59106a52b4df\vessel_geometry.xlsx
2026-10-05 11:49:44.572 | INFO     | app.services.part2_extraction.extraction_service:extract_vessel_geometry:209 — [Part 2] Extraction complete — job_id=72358eea-603a-4824-8879-59106a52b4df, elapsed=101.97s, confidence=0.62, segments=8, method=pdf_paths
2026-10-05 11:55:36.058 | INFO     | app.api.v1.routes_extraction:process_drawing:60 — [API] Full process request — file=input drawing _ naked shell.pdf
2026-10-05 11:55:36.075 | INFO     | app.services.part1_ingestion.ingestion_service:ingest_drawing:82 — [Part 1] Starting ingestion — job_id=b81950fa-0dad-49bd-88d3-ce09e8294577, file=input drawing _ naked shell.pdf
2026-10-05 11:55:36.081 | DEBUG    | app.services.part1_ingestion.ingestion_service:ingest_drawing:93 — [Part 1] Saved to data\outputs\b81950fa-0dad-49bd-88d3-ce09e8294577\input drawing _ naked shell.pdf (6078 bytes)
2026-10-05 11:55:36.088 | INFO     | app.services.part1_ingestion.drawing_validator:validate_upload:49 — Validation passed for 'input drawing _ naked shell.pdf'
2026-10-05 11:55:36.091 | INFO     | app.services.part1_ingestion.file_handler:detect_format:49 — Detected format: DrawingFormat.PDF for file: input drawing _ naked shell.pdf
2026-10-05 11:55:36.092 | DEBUG    | app.services.part1_ingestion.file_handler:_load_pdf:101 — Loading PDF via PyMuPDF: data\outputs\b81950fa-0dad-49bd-88d3-ce09e8294577\input drawing _ naked shell.pdf
2026-10-05 11:55:36.499 | DEBUG    | app.services.part1_ingestion.file_handler:_load_pdf:122 —   Page 1: shape=(9262, 6551, 3)
2026-10-05 11:55:36.538 | INFO     | app.services.part1_ingestion.file_handler:load_drawing:86 — Loaded drawing 'input drawing _ naked shell.pdf' — format=DrawingFormat.PDF, pages=1
2026-10-05 11:55:36.546 | INFO     | app.services.part1_ingestion.ingestion_service:ingest_drawing:117 — [Part 1] Ingestion complete — job_id=b81950fa-0dad-49bd-88d3-ce09e8294577, format=DrawingFormat.PDF, pages=1
2026-10-05 11:55:36.546 | INFO     | app.services.part2_extraction.extraction_service:extract_vessel_geometry:54 — [Part 2] Starting extraction — job_id=b81950fa-0dad-49bd-88d3-ce09e8294577, format=DrawingFormat.PDF, pages=1
2026-10-05 11:55:36.552 | INFO     | app.services.part2_extraction.extraction_service:extract_vessel_geometry:104 — [Part 2] Step 0b — PDF vector path extraction…
2026-10-05 11:55:36.682 | INFO     | app.utils.pdf_path_extractor:extract_pdf_path_profile:120 — [PDF-Paths] Found 816 path segments
2026-10-05 11:55:36.730 | INFO     | app.utils.pdf_path_extractor:extract_pdf_path_profile:147 — [PDF-Paths] Profile extracted: 197 pts, height=316.3mm, max_r=146.0mm
2026-10-05 11:55:36.734 | INFO     | app.services.part2_extraction.extraction_service:extract_vessel_geometry:111 — [Part 2] PDF path profile: 197 pts, h=316mm
2026-10-05 11:55:36.734 | INFO     | app.services.part2_extraction.extraction_service:extract_vessel_geometry:124 — [Part 2] Step 1 — Grounding DINO detection…
2026-10-05 11:55:37.208 | DEBUG    | app.services.part2_extraction.dino_detector:detect_drawing_elements:113 — [DINO] Running detection on image 6551x9262
2026-10-05 11:55:59.315 | DEBUG    | app.services.part2_extraction.dino_detector:detect_drawing_elements:151 — [DINO] Detected 'oxygen lance port' — conf=0.328 at [1437,2396,5810,6289]
2026-10-05 11:55:59.326 | DEBUG    | app.services.part2_extraction.dino_detector:detect_drawing_elements:151 — [DINO] Detected 'oxygen lance port' — conf=0.382 at [1057,2330,5844,6334]
2026-10-05 11:55:59.326 | DEBUG    | app.services.part2_extraction.dino_detector:detect_drawing_elements:151 — [DINO] Detected 'port' — conf=0.262 at [1436,2385,5823,6292]
2026-10-05 11:55:59.326 | DEBUG    | app.services.part2_extraction.dino_detector:detect_drawing_elements:151 — [DINO] Detected 'title block' — conf=0.294 at [1621,2386,2431,2552]
2026-10-05 11:55:59.326 | DEBUG    | app.services.part2_extraction.dino_detector:detect_drawing_elements:151 — [DINO] Detected 'front elevation view' — conf=0.284 at [43,48,6505,9199]
2026-10-05 11:55:59.326 | DEBUG    | app.services.part2_extraction.dino_detector:detect_drawing_elements:151 — [DINO] Detected 'title block' — conf=0.263 at [3546,2401,3849,2539]
2026-10-05 11:55:59.327 | DEBUG    | app.services.part2_extraction.dino_detector:detect_drawing_elements:151 — [DINO] Detected 'arrow annotation' — conf=0.307 at [4318,4939,4778,5133]
2026-10-05 11:55:59.327 | DEBUG    | app.services.part2_extraction.dino_detector:detect_drawing_elements:151 — [DINO] Detected 'front elevation' — conf=0.266 at [1051,2320,5849,6348]
2026-10-05 11:55:59.327 | INFO     | app.services.part2_extraction.dino_detector:detect_drawing_elements:156 — [DINO] Detection complete — 8 elements found (threshold=0.25)
2026-10-05 11:55:59.335 | INFO     | app.services.part2_extraction.extraction_service:extract_vessel_geometry:133 — [Part 2] Step 2 — Tesseract OCR extraction…
2026-10-05 11:55:59.338 | DEBUG    | app.services.part2_extraction.ocr_extractor:run_ocr:114 — [OCR] Base image 6551x9262, scaling by 1.0x for OCR
2026-10-05 11:55:59.989 | DEBUG    | app.services.part2_extraction.ocr_extractor:run_ocr:119 — [OCR] Running Tesseract on full image...
2026-10-05 11:56:13.637 | DEBUG    | app.services.part2_extraction.ocr_extractor:run_ocr:149 — [OCR] Full image — 20 unique text lines extracted
2026-10-05 11:56:15.801 | DEBUG    | app.services.part2_extraction.ocr_extractor:run_ocr:167 — [OCR] Region 'oxygen lance port' — 8 lines extracted
2026-10-05 11:56:18.141 | DEBUG    | app.services.part2_extraction.ocr_extractor:run_ocr:167 — [OCR] Region 'oxygen lance port' — 10 lines extracted
2026-10-05 11:56:20.276 | DEBUG    | app.services.part2_extraction.ocr_extractor:run_ocr:167 — [OCR] Region 'port' — 8 lines extracted
2026-10-05 11:56:20.416 | DEBUG    | app.services.part2_extraction.ocr_extractor:run_ocr:167 — [OCR] Region 'title block' — 1 lines extracted
2026-10-05 11:56:29.037 | DEBUG    | app.services.part2_extraction.ocr_extractor:run_ocr:167 — [OCR] Region 'front elevation view' — 11 lines extracted
2026-10-05 11:56:29.223 | DEBUG    | app.services.part2_extraction.ocr_extractor:run_ocr:167 — [OCR] Region 'title block' — 1 lines extracted
2026-10-05 11:56:29.326 | DEBUG    | app.services.part2_extraction.ocr_extractor:run_ocr:167 — [OCR] Region 'arrow annotation' — 1 lines extracted
2026-10-05 11:56:31.674 | DEBUG    | app.services.part2_extraction.ocr_extractor:run_ocr:167 — [OCR] Region 'front elevation' — 11 lines extracted
2026-10-05 11:56:31.674 | WARNING  | app.utils.unit_parser:parse_dimension:77 — Could not parse dimension from: '1Q000'
2026-10-05 11:56:31.674 | DEBUG    | app.utils.unit_parser:parse_dimension:72 — Parsed plain number (assumed mm): '929.8' → (929.8, 'mm')
2026-10-05 11:56:31.674 | DEBUG    | app.utils.unit_parser:parse_dimension:72 — Parsed plain number (assumed mm): '1965.2' → (1965.2, 'mm')
2026-10-05 11:56:31.674 | DEBUG    | app.utils.unit_parser:parse_dimension:72 — Parsed plain number (assumed mm): '4884.35' → (4884.35, 'mm')
2026-10-05 11:56:31.674 | DEBUG    | app.utils.unit_parser:parse_dimension:72 — Parsed plain number (assumed mm): '2415.7' → (2415.7, 'mm')
2026-10-05 11:56:31.674 | DEBUG    | app.utils.unit_parser:parse_dimension:72 — Parsed plain number (assumed mm): '150' → (150.0, 'mm')
2026-10-05 11:56:31.674 | WARNING  | app.utils.unit_parser:parse_dimension:77 — Could not parse dimension from: '|'
2026-10-05 11:56:31.674 | WARNING  | app.utils.unit_parser:parse_dimension:77 — Could not parse dimension from: 'Key'
2026-10-05 11:56:31.674 | DEBUG    | app.utils.unit_parser:parse_dimension:72 — Parsed plain number (assumed mm): '100' → (100.0, 'mm')
2026-10-05 11:56:31.674 | DEBUG    | app.utils.unit_parser:parse_dimension:72 — Parsed plain number (assumed mm): '229.8' → (229.8, 'mm')
2026-10-05 11:56:31.674 | DEBUG    | app.utils.unit_parser:parse_dimension:72 — Parsed plain number (assumed mm): '1969.2' → (1969.2, 'mm')
2026-10-05 11:56:31.674 | DEBUG    | app.utils.unit_parser:parse_dimension:72 — Parsed plain number (assumed mm): '4384.5' → (4384.5, 'mm')
2026-10-05 11:56:31.674 | DEBUG    | app.utils.unit_parser:parse_dimension:72 — Parsed plain number (assumed mm): '2415.7' → (2415.7, 'mm')
2026-10-05 11:56:31.674 | WARNING  | app.utils.unit_parser:parse_dimension:77 — Could not parse dimension from: '\'
2026-10-05 11:56:31.674 | WARNING  | app.utils.unit_parser:parse_dimension:77 — Could not parse dimension from: 'a'
2026-10-05 11:56:31.674 | WARNING  | app.utils.unit_parser:parse_dimension:77 — Could not parse dimension from: '8f'
2026-10-05 11:56:31.674 | DEBUG    | app.utils.unit_parser:parse_dimension:72 — Parsed plain number (assumed mm): '0' → (0.0, 'mm')
2026-10-05 11:56:31.674 | DEBUG    | app.utils.unit_parser:parse_dimension:72 — Parsed plain number (assumed mm): '1' → (1.0, 'mm')
2026-10-05 11:56:31.674 | DEBUG    | app.utils.unit_parser:parse_dimension:72 — Parsed plain number (assumed mm): '7' → (7.0, 'mm')
2026-10-05 11:56:31.674 | DEBUG    | app.utils.unit_parser:parse_dimension:72 — Parsed plain number (assumed mm): '01' → (1.0, 'mm')
2026-10-05 11:56:31.674 | WARNING  | app.utils.unit_parser:parse_dimension:77 — Could not parse dimension from: '929.8 1965.7 4384.35 2415.7'
2026-10-05 11:56:31.674 | DEBUG    | app.utils.unit_parser:parse_dimension:72 — Parsed plain number (assumed mm): '929.8' → (929.8, 'mm')
2026-10-05 11:56:31.674 | DEBUG    | app.utils.unit_parser:parse_dimension:72 — Parsed plain number (assumed mm): '1965.7' → (1965.7, 'mm')
2026-10-05 11:56:31.674 | DEBUG    | app.utils.unit_parser:parse_dimension:72 — Parsed plain number (assumed mm): '4384.35' → (4384.35, 'mm')
2026-10-05 11:56:31.674 | DEBUG    | app.utils.unit_parser:parse_dimension:72 — Parsed plain number (assumed mm): '2415.7' → (2415.7, 'mm')
2026-10-05 11:56:31.674 | WARNING  | app.utils.unit_parser:parse_dimension:77 — Could not parse dimension from: '|'
2026-10-05 11:56:31.674 | WARNING  | app.utils.unit_parser:parse_dimension:77 — Could not parse dimension from: 'Key'
2026-10-05 11:56:31.674 | WARNING  | app.utils.unit_parser:parse_dimension:77 — Could not parse dimension from: '| .'
2026-10-05 11:56:31.674 | WARNING  | app.utils.unit_parser:parse_dimension:77 — Could not parse dimension from: '|'
2026-10-05 11:56:31.674 | WARNING  | app.utils.unit_parser:parse_dimension:77 — Could not parse dimension from: '.'
2026-10-05 11:56:31.674 | WARNING  | app.utils.unit_parser:parse_dimension:77 — Could not parse dimension from: '=)'
2026-10-05 11:56:31.674 | WARNING  | app.utils.unit_parser:parse_dimension:77 — Could not parse dimension from: '\ } y'
2026-10-05 11:56:31.674 | WARNING  | app.utils.unit_parser:parse_dimension:77 — Could not parse dimension from: '\'
2026-10-05 11:56:31.687 | WARNING  | app.utils.unit_parser:parse_dimension:77 — Could not parse dimension from: '}'
2026-10-05 11:56:31.687 | WARNING  | app.utils.unit_parser:parse_dimension:77 — Could not parse dimension from: 'y'
2026-10-05 11:56:31.688 | WARNING  | app.utils.unit_parser:parse_dimension:77 — Could not parse dimension from: 'Le'
2026-10-05 11:56:31.688 | WARNING  | app.utils.unit_parser:parse_dimension:77 — Could not parse dimension from: 'Ma'
2026-10-05 11:56:31.688 | WARNING  | app.utils.unit_parser:parse_dimension:77 — Could not parse dimension from: '529.8 1969.2 4804.5 2419.7'
2026-10-05 11:56:31.688 | DEBUG    | app.utils.unit_parser:parse_dimension:72 — Parsed plain number (assumed mm): '529.8' → (529.8, 'mm')
2026-10-05 11:56:31.688 | DEBUG    | app.utils.unit_parser:parse_dimension:72 — Parsed plain number (assumed mm): '1969.2' → (1969.2, 'mm')
2026-10-05 11:56:31.688 | DEBUG    | app.utils.unit_parser:parse_dimension:72 — Parsed plain number (assumed mm): '4804.5' → (4804.5, 'mm')
2026-10-05 11:56:31.688 | DEBUG    | app.utils.unit_parser:parse_dimension:72 — Parsed plain number (assumed mm): '2419.7' → (2419.7, 'mm')
2026-10-05 11:56:31.688 | WARNING  | app.utils.unit_parser:parse_dimension:77 — Could not parse dimension from: '|'
2026-10-05 11:56:31.688 | WARNING  | app.utils.unit_parser:parse_dimension:77 — Could not parse dimension from: '1 8 |'
2026-10-05 11:56:31.688 | DEBUG    | app.utils.unit_parser:parse_dimension:72 — Parsed plain number (assumed mm): '1' → (1.0, 'mm')
2026-10-05 11:56:31.688 | DEBUG    | app.utils.unit_parser:parse_dimension:72 — Parsed plain number (assumed mm): '8' → (8.0, 'mm')
2026-10-05 11:56:31.688 | WARNING  | app.utils.unit_parser:parse_dimension:77 — Could not parse dimension from: '|'
2026-10-05 11:56:31.688 | WARNING  | app.utils.unit_parser:parse_dimension:77 — Could not parse dimension from: 'SO'
2026-10-05 11:56:31.688 | WARNING  | app.utils.unit_parser:parse_dimension:77 — Could not parse dimension from: '4 C0 Key'
2026-10-05 11:56:31.688 | DEBUG    | app.utils.unit_parser:parse_dimension:72 — Parsed plain number (assumed mm): '4' → (4.0, 'mm')
2026-10-05 11:56:31.688 | WARNING  | app.utils.unit_parser:parse_dimension:77 — Could not parse dimension from: 'CO'
2026-10-05 11:56:31.688 | WARNING  | app.utils.unit_parser:parse_dimension:77 — Could not parse dimension from: 'Key'
2026-10-05 11:56:31.688 | WARNING  | app.utils.unit_parser:parse_dimension:77 — Could not parse dimension from: 'iN'
2026-10-05 11:56:31.688 | WARNING  | app.utils.unit_parser:parse_dimension:77 — Could not parse dimension from: 'CO'
2026-10-05 11:56:31.688 | WARNING  | app.utils.unit_parser:parse_dimension:77 — Could not parse dimension from: '\ -O |'
2026-10-05 11:56:31.692 | WARNING  | app.utils.unit_parser:parse_dimension:77 — Could not parse dimension from: '\'
2026-10-05 11:56:31.692 | WARNING  | app.utils.unit_parser:parse_dimension:77 — Could not parse dimension from: '-O'
2026-10-05 11:56:31.692 | WARNING  | app.utils.unit_parser:parse_dimension:77 — Could not parse dimension from: '|'
2026-10-05 11:56:31.692 | WARNING  | app.utils.unit_parser:parse_dimension:77 — Could not parse dimension from: '_'
2026-10-05 11:56:31.692 | WARNING  | app.utils.unit_parser:parse_dimension:77 — Could not parse dimension from: '_\'
2026-10-05 11:56:31.692 | WARNING  | app.utils.unit_parser:parse_dimension:77 — Could not parse dimension from: '929.8 1965.7 4384.35 2415.7'
2026-10-05 11:56:31.692 | DEBUG    | app.utils.unit_parser:parse_dimension:72 — Parsed plain number (assumed mm): '929.8' → (929.8, 'mm')
2026-10-05 11:56:31.692 | DEBUG    | app.utils.unit_parser:parse_dimension:72 — Parsed plain number (assumed mm): '1965.7' → (1965.7, 'mm')
2026-10-05 11:56:31.692 | DEBUG    | app.utils.unit_parser:parse_dimension:72 — Parsed plain number (assumed mm): '4384.35' → (4384.35, 'mm')
2026-10-05 11:56:31.692 | DEBUG    | app.utils.unit_parser:parse_dimension:72 — Parsed plain number (assumed mm): '2415.7' → (2415.7, 'mm')
2026-10-05 11:56:31.692 | WARNING  | app.utils.unit_parser:parse_dimension:77 — Could not parse dimension from: '|'
2026-10-05 11:56:31.692 | WARNING  | app.utils.unit_parser:parse_dimension:77 — Could not parse dimension from: 'Key'
2026-10-05 11:56:31.692 | WARNING  | app.utils.unit_parser:parse_dimension:77 — Could not parse dimension from: '| .'
2026-10-05 11:56:31.692 | WARNING  | app.utils.unit_parser:parse_dimension:77 — Could not parse dimension from: '|'
2026-10-05 11:56:31.692 | WARNING  | app.utils.unit_parser:parse_dimension:77 — Could not parse dimension from: '.'
2026-10-05 11:56:31.692 | WARNING  | app.utils.unit_parser:parse_dimension:77 — Could not parse dimension from: '=)'
2026-10-05 11:56:31.692 | WARNING  | app.utils.unit_parser:parse_dimension:77 — Could not parse dimension from: '\ } y'
2026-10-05 11:56:31.692 | WARNING  | app.utils.unit_parser:parse_dimension:77 — Could not parse dimension from: '\'
2026-10-05 11:56:31.692 | WARNING  | app.utils.unit_parser:parse_dimension:77 — Could not parse dimension from: '}'
2026-10-05 11:56:31.692 | WARNING  | app.utils.unit_parser:parse_dimension:77 — Could not parse dimension from: 'y'
2026-10-05 11:56:31.692 | WARNING  | app.utils.unit_parser:parse_dimension:77 — Could not parse dimension from: 'Le'
2026-10-05 11:56:31.692 | WARNING  | app.utils.unit_parser:parse_dimension:77 — Could not parse dimension from: 'Ma'
2026-10-05 11:56:31.692 | WARNING  | app.utils.unit_parser:parse_dimension:77 — Could not parse dimension from: '929.8 1969.2'
2026-10-05 11:56:31.692 | DEBUG    | app.utils.unit_parser:parse_dimension:72 — Parsed plain number (assumed mm): '929.8' → (929.8, 'mm')
2026-10-05 11:56:31.692 | DEBUG    | app.utils.unit_parser:parse_dimension:72 — Parsed plain number (assumed mm): '1969.2' → (1969.2, 'mm')
2026-10-05 11:56:31.692 | DEBUG    | app.utils.unit_parser:parse_dimension:72 — Parsed plain number (assumed mm): '10000' → (10000.0, 'mm')
2026-10-05 11:56:31.697 | WARNING  | app.utils.unit_parser:parse_dimension:77 — Could not parse dimension from: '929.0 1969.2 4334.35 2415./ 190'
2026-10-05 11:56:31.697 | DEBUG    | app.utils.unit_parser:parse_dimension:72 — Parsed plain number (assumed mm): '929.0' → (929.0, 'mm')
2026-10-05 11:56:31.697 | DEBUG    | app.utils.unit_parser:parse_dimension:72 — Parsed plain number (assumed mm): '1969.2' → (1969.2, 'mm')
2026-10-05 11:56:31.697 | DEBUG    | app.utils.unit_parser:parse_dimension:72 — Parsed plain number (assumed mm): '4334.35' → (4334.35, 'mm')
2026-10-05 11:56:31.697 | DEBUG    | app.utils.unit_parser:parse_dimension:72 — Parsed plain number (assumed mm): '2415.7' → (2415.7, 'mm')
2026-10-05 11:56:31.697 | DEBUG    | app.utils.unit_parser:parse_dimension:72 — Parsed plain number (assumed mm): '190' → (190.0, 'mm')
2026-10-05 11:56:31.697 | WARNING  | app.utils.unit_parser:parse_dimension:77 — Could not parse dimension from: '|'
2026-10-05 11:56:31.698 | WARNING  | app.utils.unit_parser:parse_dimension:77 — Could not parse dimension from: '2 8'
2026-10-05 11:56:31.698 | DEBUG    | app.utils.unit_parser:parse_dimension:72 — Parsed plain number (assumed mm): '2' → (2.0, 'mm')
2026-10-05 11:56:31.698 | DEBUG    | app.utils.unit_parser:parse_dimension:72 — Parsed plain number (assumed mm): '8' → (8.0, 'mm')
2026-10-05 11:56:31.698 | WARNING  | app.utils.unit_parser:parse_dimension:77 — Could not parse dimension from: 'Ol'
2026-10-05 11:56:31.699 | WARNING  | app.utils.unit_parser:parse_dimension:77 — Could not parse dimension from: 'wd CO Key'
2026-10-05 11:56:31.699 | WARNING  | app.utils.unit_parser:parse_dimension:77 — Could not parse dimension from: 'wd'
2026-10-05 11:56:31.699 | WARNING  | app.utils.unit_parser:parse_dimension:77 — Could not parse dimension from: 'CO'
2026-10-05 11:56:31.699 | WARNING  | app.utils.unit_parser:parse_dimension:77 — Could not parse dimension from: 'Key'
2026-10-05 11:56:31.700 | WARNING  | app.utils.unit_parser:parse_dimension:77 — Could not parse dimension from: 'iN'
2026-10-05 11:56:31.700 | WARNING  | app.utils.unit_parser:parse_dimension:77 — Could not parse dimension from: 'CO'
2026-10-05 11:56:31.700 | WARNING  | app.utils.unit_parser:parse_dimension:77 — Could not parse dimension from: '\ -O |'
2026-10-05 11:56:31.700 | WARNING  | app.utils.unit_parser:parse_dimension:77 — Could not parse dimension from: '\'
2026-10-05 11:56:31.700 | WARNING  | app.utils.unit_parser:parse_dimension:77 — Could not parse dimension from: '-O'
2026-10-05 11:56:31.701 | WARNING  | app.utils.unit_parser:parse_dimension:77 — Could not parse dimension from: '|'
2026-10-05 11:56:31.701 | WARNING  | app.utils.unit_parser:parse_dimension:77 — Could not parse dimension from: '_'
2026-10-05 11:56:31.701 | WARNING  | app.utils.unit_parser:parse_dimension:77 — Could not parse dimension from: 'i'
2026-10-05 11:56:31.701 | DEBUG    | app.utils.unit_parser:parse_dimension:72 — Parsed plain number (assumed mm): '4384.5' → (4384.5, 'mm')
2026-10-05 11:56:31.702 | WARNING  | app.utils.unit_parser:parse_dimension:77 — Could not parse dimension from: '0 |'
2026-10-05 11:56:31.702 | DEBUG    | app.utils.unit_parser:parse_dimension:72 — Parsed plain number (assumed mm): '0' → (0.0, 'mm')
2026-10-05 11:56:31.702 | WARNING  | app.utils.unit_parser:parse_dimension:77 — Could not parse dimension from: '|'
2026-10-05 11:56:31.702 | WARNING  | app.utils.unit_parser:parse_dimension:77 — Could not parse dimension from: 'LUUUY'
2026-10-05 11:56:31.702 | WARNING  | app.utils.unit_parser:parse_dimension:77 — Could not parse dimension from: '529.8 1965.2 4884.35 2415.7'
2026-10-05 11:56:31.702 | DEBUG    | app.utils.unit_parser:parse_dimension:72 — Parsed plain number (assumed mm): '529.8' → (529.8, 'mm')
2026-10-05 11:56:31.703 | DEBUG    | app.utils.unit_parser:parse_dimension:72 — Parsed plain number (assumed mm): '1965.2' → (1965.2, 'mm')
2026-10-05 11:56:31.703 | DEBUG    | app.utils.unit_parser:parse_dimension:72 — Parsed plain number (assumed mm): '4884.35' → (4884.35, 'mm')
2026-10-05 11:56:31.703 | DEBUG    | app.utils.unit_parser:parse_dimension:72 — Parsed plain number (assumed mm): '2415.7' → (2415.7, 'mm')
2026-10-05 11:56:31.704 | WARNING  | app.utils.unit_parser:parse_dimension:77 — Could not parse dimension from: '|'
2026-10-05 11:56:31.704 | WARNING  | app.utils.unit_parser:parse_dimension:77 — Could not parse dimension from: '3 8'
2026-10-05 11:56:31.704 | DEBUG    | app.utils.unit_parser:parse_dimension:72 — Parsed plain number (assumed mm): '3' → (3.0, 'mm')
2026-10-05 11:56:31.704 | DEBUG    | app.utils.unit_parser:parse_dimension:72 — Parsed plain number (assumed mm): '8' → (8.0, 'mm')
2026-10-05 11:56:31.704 | WARNING  | app.utils.unit_parser:parse_dimension:77 — Could not parse dimension from: 'Ol'
2026-10-05 11:56:31.704 | WARNING  | app.utils.unit_parser:parse_dimension:77 — Could not parse dimension from: 'J © Key'
2026-10-05 11:56:31.705 | WARNING  | app.utils.unit_parser:parse_dimension:77 — Could not parse dimension from: 'J'
2026-10-05 11:56:31.705 | WARNING  | app.utils.unit_parser:parse_dimension:77 — Could not parse dimension from: '©'
2026-10-05 11:56:31.705 | WARNING  | app.utils.unit_parser:parse_dimension:77 — Could not parse dimension from: 'Key'
2026-10-05 11:56:31.705 | WARNING  | app.utils.unit_parser:parse_dimension:77 — Could not parse dimension from: 'IN'
2026-10-05 11:56:31.706 | WARNING  | app.utils.unit_parser:parse_dimension:77 — Could not parse dimension from: 'CO'
2026-10-05 11:56:31.706 | WARNING  | app.utils.unit_parser:parse_dimension:77 — Could not parse dimension from: '\ -O |'
2026-10-05 11:56:31.706 | WARNING  | app.utils.unit_parser:parse_dimension:77 — Could not parse dimension from: '\'
2026-10-05 11:56:31.706 | WARNING  | app.utils.unit_parser:parse_dimension:77 — Could not parse dimension from: '-O'
2026-10-05 11:56:31.706 | WARNING  | app.utils.unit_parser:parse_dimension:77 — Could not parse dimension from: '|'
2026-10-05 11:56:31.707 | WARNING  | app.utils.unit_parser:parse_dimension:77 — Could not parse dimension from: '__'
2026-10-05 11:56:31.707 | WARNING  | app.utils.unit_parser:parse_dimension:77 — Could not parse dimension from: 'a'
2026-10-05 11:56:31.707 | INFO     | app.services.part2_extraction.ocr_extractor:run_ocr:174 — [OCR] Complete — raw_lines=71, dimensions=47, vessel_type=unknown
2026-10-05 11:56:31.736 | INFO     | app.services.part2_extraction.extraction_service:extract_vessel_geometry:143 — [Part 2] Step 2b — PDF embedded text extraction (pdfplumber)…
2026-10-05 11:56:31.802 | DEBUG    | app.utils.pdf_text_extractor:extract_pdf_text:59 — [PDF-Text] Page 1: 0 words extracted
2026-10-05 11:56:31.804 | INFO     | app.utils.pdf_text_extractor:extract_pdf_text:84 — [PDF-Text] Extracted 0 unique text items from PDF
2026-10-05 11:56:31.804 | INFO     | app.services.part2_extraction.extraction_service:extract_vessel_geometry:164 — [Part 2] pdfplumber found no text (rasterised PDF)
2026-10-05 11:56:31.805 | INFO     | app.services.part2_extraction.extraction_service:extract_vessel_geometry:168 — [Part 2] Step 2c — PDF positioned dimension extraction…
2026-10-05 11:56:31.844 | INFO     | app.utils.pdf_text_extractor:extract_segment_dimensions:180 — [PDF-Segments] Extracted 0 positioned dimensions
2026-10-05 11:56:31.844 | INFO     | app.services.part2_extraction.extraction_service:extract_vessel_geometry:171 — [Part 2] Positioned dims: 0
2026-10-05 11:56:31.844 | INFO     | app.services.part2_extraction.extraction_service:extract_vessel_geometry:178 — [Part 2] Step 3 — OpenCV geometry analysis…
2026-10-05 11:56:32.230 | DEBUG    | app.services.part2_extraction.opencv_processor:process_geometry:117 — [OpenCV] Detected 286 line segments
2026-10-05 11:57:09.579 | DEBUG    | app.services.part2_extraction.opencv_processor:process_geometry:121 — [OpenCV] Detected 340 circles
2026-10-05 11:57:09.670 | DEBUG    | app.services.part2_extraction.opencv_processor:process_geometry:125 — [OpenCV] Detected 2 significant contours
2026-10-05 11:57:09.670 | INFO     | app.services.part2_extraction.opencv_processor:process_geometry:141 — [OpenCV] Scale estimated from bounding rect: 0.0747 px/mm
2026-10-05 11:57:09.706 | DEBUG    | app.services.part2_extraction.opencv_processor:_detect_vessel_zones:383 — [OpenCV-Zones] Found 2 breakpoints at rows: [53, 735]
2026-10-05 11:57:09.707 | INFO     | app.services.part2_extraction.opencv_processor:_detect_vessel_zones:427 — [OpenCV-Zones] Assembled 3 zones from 2 breakpoints
2026-10-05 11:57:09.708 | INFO     | app.services.part2_extraction.opencv_processor:process_geometry:150 — [OpenCV] Detected 3 vessel zones from profile contour
2026-10-05 11:57:09.708 | INFO     | app.services.part2_extraction.opencv_processor:process_geometry:155 — [OpenCV] Geometry processing complete.
2026-10-05 11:57:09.716 | INFO     | app.services.part2_extraction.geometry_assembler:assemble_vessel_geometry:61 — [Assembler] Assembling VesselGeometry from extraction results…
2026-10-05 11:57:09.729 | DEBUG    | app.services.part2_extraction.geometry_assembler:_assemble_shell:149 — [Assembler] Outer dia: 4884.35mm ('4884.35')
2026-10-05 11:57:09.729 | DEBUG    | app.services.part2_extraction.geometry_assembler:_assemble_shell:163 — [Assembler] Total length: 10000.0mm ('1OQQO')
2026-10-05 11:57:09.729 | DEBUG    | app.services.part2_extraction.geometry_assembler:_assemble_shell:169 — [Assembler] OpenCV circle dia estimate: 58420.0mm
2026-10-05 11:57:09.741 | INFO     | app.services.part2_extraction.geometry_assembler:_assemble_profile:261 — [Assembler] Profile from PDF paths: 8 segments
2026-10-05 11:57:09.744 | DEBUG    | app.services.part2_extraction.geometry_assembler:_assemble_nozzles:747 — [Assembler] Nozzles: 2
2026-10-05 11:57:09.748 | INFO     | app.services.part2_extraction.geometry_assembler:assemble_vessel_geometry:89 — [Assembler] Done — type=VesselType.UNKNOWN, conf=0.62, segments=8, method=pdf_paths
2026-10-05 11:57:09.764 | INFO     | app.services.part2_extraction.extraction_service:_save_output:248 — [Part 2] Output saved: data\outputs\b81950fa-0dad-49bd-88d3-ce09e8294577\vessel_geometry.json
2026-10-05 11:57:10.777 | INFO     | app.services.part2_extraction.extraction_service:_save_output:294 — [Part 2] Excel output saved: data\outputs\b81950fa-0dad-49bd-88d3-ce09e8294577\vessel_geometry.xlsx
2026-10-05 11:57:10.777 | INFO     | app.services.part2_extraction.extraction_service:extract_vessel_geometry:209 — [Part 2] Extraction complete — job_id=b81950fa-0dad-49bd-88d3-ce09e8294577, elapsed=94.23s, confidence=0.62, segments=8, method=pdf_paths
2026-10-05 11:57:10.881 | INFO     | app.main:lifespan:43 — RefractoryAI API shutting down.
2026-10-05 11:57:13.805 | INFO     | app.core.logging_config:setup_logging:43 — Logging initialised — level=INFO, env=development
2026-10-05 11:57:13.805 | INFO     | app.main:lifespan:36 — ============================================================
2026-10-05 11:57:13.805 | INFO     | app.main:lifespan:37 —   RefractoryAI API  v0.1.0
2026-10-05 11:57:13.805 | INFO     | app.main:lifespan:38 —   Environment: development
2026-10-05 11:57:13.807 | INFO     | app.main:lifespan:39 —   Device: cpu
2026-10-05 11:57:13.807 | INFO     | app.main:lifespan:40 — ============================================================
2026-10-05 11:57:13.807 | INFO     | app.main:lifespan:41 — Warming up Grounding DINO model on first request (lazy load)...
2026-10-05 11:57:52.190 | INFO     | app.api.v1.routes_extraction:process_drawing:60 — [API] Full process request — file=input drawing _ naked shell.pdf
2026-10-05 11:57:52.190 | INFO     | app.services.part1_ingestion.ingestion_service:ingest_drawing:82 — [Part 1] Starting ingestion — job_id=225cc673-93df-49ea-bc22-5ac076de6c6c, file=input drawing _ naked shell.pdf
2026-10-05 11:57:52.190 | DEBUG    | app.services.part1_ingestion.ingestion_service:ingest_drawing:93 — [Part 1] Saved to data\outputs\225cc673-93df-49ea-bc22-5ac076de6c6c\input drawing _ naked shell.pdf (6078 bytes)
2026-10-05 11:57:52.190 | INFO     | app.services.part1_ingestion.drawing_validator:validate_upload:49 — Validation passed for 'input drawing _ naked shell.pdf'
2026-10-05 11:57:52.190 | INFO     | app.services.part1_ingestion.file_handler:detect_format:49 — Detected format: DrawingFormat.PDF for file: input drawing _ naked shell.pdf
2026-10-05 11:57:52.344 | DEBUG    | app.services.part1_ingestion.file_handler:_load_pdf:101 — Loading PDF via PyMuPDF: data\outputs\225cc673-93df-49ea-bc22-5ac076de6c6c\input drawing _ naked shell.pdf
2026-10-05 11:57:52.538 | DEBUG    | app.services.part1_ingestion.file_handler:_load_pdf:122 —   Page 1: shape=(9262, 6551, 3)
2026-10-05 11:57:52.561 | INFO     | app.services.part1_ingestion.file_handler:load_drawing:86 — Loaded drawing 'input drawing _ naked shell.pdf' — format=DrawingFormat.PDF, pages=1
2026-10-05 11:57:52.561 | INFO     | app.services.part1_ingestion.ingestion_service:ingest_drawing:117 — [Part 1] Ingestion complete — job_id=225cc673-93df-49ea-bc22-5ac076de6c6c, format=DrawingFormat.PDF, pages=1
2026-10-05 11:57:52.561 | INFO     | app.services.part2_extraction.extraction_service:extract_vessel_geometry:54 — [Part 2] Starting extraction — job_id=225cc673-93df-49ea-bc22-5ac076de6c6c, format=DrawingFormat.PDF, pages=1
2026-10-05 11:57:52.561 | INFO     | app.services.part2_extraction.extraction_service:extract_vessel_geometry:104 — [Part 2] Step 0b — PDF vector path extraction…
2026-10-05 11:57:52.747 | INFO     | app.utils.pdf_path_extractor:extract_pdf_path_profile:120 — [PDF-Paths] Found 816 path segments
2026-10-05 11:57:52.773 | INFO     | app.utils.pdf_path_extractor:extract_pdf_path_profile:147 — [PDF-Paths] Profile extracted: 197 pts, height=316.3mm, max_r=146.0mm
2026-10-05 11:57:52.773 | INFO     | app.services.part2_extraction.extraction_service:extract_vessel_geometry:111 — [Part 2] PDF path profile: 197 pts, h=316mm
2026-10-05 11:57:52.773 | INFO     | app.services.part2_extraction.extraction_service:extract_vessel_geometry:124 — [Part 2] Step 1 — Grounding DINO detection…
2026-10-05 11:57:52.780 | INFO     | app.services.part2_extraction.dino_detector:_get_model_and_processor:66 — [DINO] Loading model: IDEA-Research/grounding-dino-base on device=cpu
2026-10-05 11:58:03.305 | INFO     | app.services.part2_extraction.dino_detector:_get_model_and_processor:86 — [DINO] Model loaded and ready.
2026-10-05 11:58:03.609 | DEBUG    | app.services.part2_extraction.dino_detector:detect_drawing_elements:113 — [DINO] Running detection on image 6551x9262
2026-10-05 11:58:25.204 | DEBUG    | app.services.part2_extraction.dino_detector:detect_drawing_elements:151 — [DINO] Detected 'oxygen lance port' — conf=0.328 at [1437,2396,5810,6289]
2026-10-05 11:58:25.204 | DEBUG    | app.services.part2_extraction.dino_detector:detect_drawing_elements:151 — [DINO] Detected 'oxygen lance port' — conf=0.382 at [1057,2330,5844,6334]
2026-10-05 11:58:25.204 | DEBUG    | app.services.part2_extraction.dino_detector:detect_drawing_elements:151 — [DINO] Detected 'port' — conf=0.262 at [1436,2385,5823,6292]
2026-10-05 11:58:25.204 | DEBUG    | app.services.part2_extraction.dino_detector:detect_drawing_elements:151 — [DINO] Detected 'title block' — conf=0.294 at [1621,2386,2431,2552]
2026-10-05 11:58:25.204 | DEBUG    | app.services.part2_extraction.dino_detector:detect_drawing_elements:151 — [DINO] Detected 'front elevation view' — conf=0.284 at [43,48,6505,9199]
2026-10-05 11:58:25.204 | DEBUG    | app.services.part2_extraction.dino_detector:detect_drawing_elements:151 — [DINO] Detected 'title block' — conf=0.263 at [3546,2401,3849,2539]
2026-10-05 11:58:25.204 | DEBUG    | app.services.part2_extraction.dino_detector:detect_drawing_elements:151 — [DINO] Detected 'arrow annotation' — conf=0.307 at [4318,4939,4778,5133]
2026-10-05 11:58:25.204 | DEBUG    | app.services.part2_extraction.dino_detector:detect_drawing_elements:151 — [DINO] Detected 'front elevation' — conf=0.266 at [1051,2320,5849,6348]
2026-10-05 11:58:25.204 | INFO     | app.services.part2_extraction.dino_detector:detect_drawing_elements:156 — [DINO] Detection complete — 8 elements found (threshold=0.25)
2026-10-05 11:58:25.219 | INFO     | app.services.part2_extraction.extraction_service:extract_vessel_geometry:133 — [Part 2] Step 2 — Tesseract OCR extraction…
2026-10-05 11:58:25.223 | DEBUG    | app.services.part2_extraction.ocr_extractor:run_ocr:114 — [OCR] Base image 6551x9262, scaling by 1.0x for OCR
2026-10-05 11:58:25.823 | DEBUG    | app.services.part2_extraction.ocr_extractor:run_ocr:119 — [OCR] Running Tesseract on full image...
2026-10-05 11:58:39.755 | DEBUG    | app.services.part2_extraction.ocr_extractor:run_ocr:149 — [OCR] Full image — 20 unique text lines extracted
2026-10-05 11:58:41.918 | DEBUG    | app.services.part2_extraction.ocr_extractor:run_ocr:167 — [OCR] Region 'oxygen lance port' — 8 lines extracted
2026-10-05 11:58:44.258 | DEBUG    | app.services.part2_extraction.ocr_extractor:run_ocr:167 — [OCR] Region 'oxygen lance port' — 10 lines extracted
2026-10-05 11:58:46.386 | DEBUG    | app.services.part2_extraction.ocr_extractor:run_ocr:167 — [OCR] Region 'port' — 8 lines extracted
2026-10-05 11:58:46.537 | DEBUG    | app.services.part2_extraction.ocr_extractor:run_ocr:167 — [OCR] Region 'title block' — 1 lines extracted
2026-10-05 11:58:55.889 | DEBUG    | app.services.part2_extraction.ocr_extractor:run_ocr:167 — [OCR] Region 'front elevation view' — 11 lines extracted
2026-10-05 11:58:56.085 | DEBUG    | app.services.part2_extraction.ocr_extractor:run_ocr:167 — [OCR] Region 'title block' — 1 lines extracted
2026-10-05 11:58:56.211 | DEBUG    | app.services.part2_extraction.ocr_extractor:run_ocr:167 — [OCR] Region 'arrow annotation' — 1 lines extracted
2026-10-05 11:58:58.604 | DEBUG    | app.services.part2_extraction.ocr_extractor:run_ocr:167 — [OCR] Region 'front elevation' — 11 lines extracted
2026-10-05 11:58:58.604 | WARNING  | app.utils.unit_parser:parse_dimension:77 — Could not parse dimension from: '1Q000'
2026-10-05 11:58:58.607 | DEBUG    | app.utils.unit_parser:parse_dimension:72 — Parsed plain number (assumed mm): '929.8' → (929.8, 'mm')
2026-10-05 11:58:58.607 | DEBUG    | app.utils.unit_parser:parse_dimension:72 — Parsed plain number (assumed mm): '1965.2' → (1965.2, 'mm')
2026-10-05 11:58:58.607 | DEBUG    | app.utils.unit_parser:parse_dimension:72 — Parsed plain number (assumed mm): '4884.35' → (4884.35, 'mm')
2026-10-05 11:58:58.607 | DEBUG    | app.utils.unit_parser:parse_dimension:72 — Parsed plain number (assumed mm): '2415.7' → (2415.7, 'mm')
2026-10-05 11:58:58.607 | DEBUG    | app.utils.unit_parser:parse_dimension:72 — Parsed plain number (assumed mm): '150' → (150.0, 'mm')
2026-10-05 11:58:58.607 | WARNING  | app.utils.unit_parser:parse_dimension:77 — Could not parse dimension from: '|'
2026-10-05 11:58:58.607 | WARNING  | app.utils.unit_parser:parse_dimension:77 — Could not parse dimension from: 'Key'
2026-10-05 11:58:58.607 | DEBUG    | app.utils.unit_parser:parse_dimension:72 — Parsed plain number (assumed mm): '100' → (100.0, 'mm')
2026-10-05 11:58:58.607 | DEBUG    | app.utils.unit_parser:parse_dimension:72 — Parsed plain number (assumed mm): '229.8' → (229.8, 'mm')
2026-10-05 11:58:58.607 | DEBUG    | app.utils.unit_parser:parse_dimension:72 — Parsed plain number (assumed mm): '1969.2' → (1969.2, 'mm')
2026-10-05 11:58:58.612 | DEBUG    | app.utils.unit_parser:parse_dimension:72 — Parsed plain number (assumed mm): '4384.5' → (4384.5, 'mm')
2026-10-05 11:58:58.612 | DEBUG    | app.utils.unit_parser:parse_dimension:72 — Parsed plain number (assumed mm): '2415.7' → (2415.7, 'mm')
2026-10-05 11:58:58.612 | WARNING  | app.utils.unit_parser:parse_dimension:77 — Could not parse dimension from: '\'
2026-10-05 11:58:58.612 | WARNING  | app.utils.unit_parser:parse_dimension:77 — Could not parse dimension from: 'a'
2026-10-05 11:58:58.612 | WARNING  | app.utils.unit_parser:parse_dimension:77 — Could not parse dimension from: '8f'
2026-10-05 11:58:58.612 | DEBUG    | app.utils.unit_parser:parse_dimension:72 — Parsed plain number (assumed mm): '0' → (0.0, 'mm')
2026-10-05 11:58:58.612 | DEBUG    | app.utils.unit_parser:parse_dimension:72 — Parsed plain number (assumed mm): '1' → (1.0, 'mm')
2026-10-05 11:58:58.612 | DEBUG    | app.utils.unit_parser:parse_dimension:72 — Parsed plain number (assumed mm): '7' → (7.0, 'mm')
2026-10-05 11:58:58.612 | DEBUG    | app.utils.unit_parser:parse_dimension:72 — Parsed plain number (assumed mm): '01' → (1.0, 'mm')
2026-10-05 11:58:58.612 | WARNING  | app.utils.unit_parser:parse_dimension:77 — Could not parse dimension from: '929.8 1965.7 4384.35 2415.7'
2026-10-05 11:58:58.612 | DEBUG    | app.utils.unit_parser:parse_dimension:72 — Parsed plain number (assumed mm): '929.8' → (929.8, 'mm')
2026-10-05 11:58:58.612 | DEBUG    | app.utils.unit_parser:parse_dimension:72 — Parsed plain number (assumed mm): '1965.7' → (1965.7, 'mm')
2026-10-05 11:58:58.612 | DEBUG    | app.utils.unit_parser:parse_dimension:72 — Parsed plain number (assumed mm): '4384.35' → (4384.35, 'mm')
2026-10-05 11:58:58.612 | DEBUG    | app.utils.unit_parser:parse_dimension:72 — Parsed plain number (assumed mm): '2415.7' → (2415.7, 'mm')
2026-10-05 11:58:58.612 | WARNING  | app.utils.unit_parser:parse_dimension:77 — Could not parse dimension from: '|'
2026-10-05 11:58:58.612 | WARNING  | app.utils.unit_parser:parse_dimension:77 — Could not parse dimension from: 'Key'
2026-10-05 11:58:58.612 | WARNING  | app.utils.unit_parser:parse_dimension:77 — Could not parse dimension from: '| .'
2026-10-05 11:58:58.612 | WARNING  | app.utils.unit_parser:parse_dimension:77 — Could not parse dimension from: '|'
2026-10-05 11:58:58.612 | WARNING  | app.utils.unit_parser:parse_dimension:77 — Could not parse dimension from: '.'
2026-10-05 11:58:58.612 | WARNING  | app.utils.unit_parser:parse_dimension:77 — Could not parse dimension from: '=)'
2026-10-05 11:58:58.612 | WARNING  | app.utils.unit_parser:parse_dimension:77 — Could not parse dimension from: '\ } y'
2026-10-05 11:58:58.612 | WARNING  | app.utils.unit_parser:parse_dimension:77 — Could not parse dimension from: '\'
2026-10-05 11:58:58.612 | WARNING  | app.utils.unit_parser:parse_dimension:77 — Could not parse dimension from: '}'
2026-10-05 11:58:58.612 | WARNING  | app.utils.unit_parser:parse_dimension:77 — Could not parse dimension from: 'y'
2026-10-05 11:58:58.612 | WARNING  | app.utils.unit_parser:parse_dimension:77 — Could not parse dimension from: 'Le'
2026-10-05 11:58:58.612 | WARNING  | app.utils.unit_parser:parse_dimension:77 — Could not parse dimension from: 'Ma'
2026-10-05 11:58:58.612 | WARNING  | app.utils.unit_parser:parse_dimension:77 — Could not parse dimension from: '529.8 1969.2 4804.5 2419.7'
2026-10-05 11:58:58.612 | DEBUG    | app.utils.unit_parser:parse_dimension:72 — Parsed plain number (assumed mm): '529.8' → (529.8, 'mm')
2026-10-05 11:58:58.612 | DEBUG    | app.utils.unit_parser:parse_dimension:72 — Parsed plain number (assumed mm): '1969.2' → (1969.2, 'mm')
2026-10-05 11:58:58.612 | DEBUG    | app.utils.unit_parser:parse_dimension:72 — Parsed plain number (assumed mm): '4804.5' → (4804.5, 'mm')
2026-10-05 11:58:58.612 | DEBUG    | app.utils.unit_parser:parse_dimension:72 — Parsed plain number (assumed mm): '2419.7' → (2419.7, 'mm')
2026-10-05 11:58:58.612 | WARNING  | app.utils.unit_parser:parse_dimension:77 — Could not parse dimension from: '|'
2026-10-05 11:58:58.612 | WARNING  | app.utils.unit_parser:parse_dimension:77 — Could not parse dimension from: '1 8 |'
2026-10-05 11:58:58.612 | DEBUG    | app.utils.unit_parser:parse_dimension:72 — Parsed plain number (assumed mm): '1' → (1.0, 'mm')
2026-10-05 11:58:58.612 | DEBUG    | app.utils.unit_parser:parse_dimension:72 — Parsed plain number (assumed mm): '8' → (8.0, 'mm')
2026-10-05 11:58:58.612 | WARNING  | app.utils.unit_parser:parse_dimension:77 — Could not parse dimension from: '|'
2026-10-05 11:58:58.612 | WARNING  | app.utils.unit_parser:parse_dimension:77 — Could not parse dimension from: 'SO'
2026-10-05 11:58:58.612 | WARNING  | app.utils.unit_parser:parse_dimension:77 — Could not parse dimension from: '4 C0 Key'
2026-10-05 11:58:58.612 | DEBUG    | app.utils.unit_parser:parse_dimension:72 — Parsed plain number (assumed mm): '4' → (4.0, 'mm')
2026-10-05 11:58:58.612 | WARNING  | app.utils.unit_parser:parse_dimension:77 — Could not parse dimension from: 'CO'
2026-10-05 11:58:58.612 | WARNING  | app.utils.unit_parser:parse_dimension:77 — Could not parse dimension from: 'Key'
2026-10-05 11:58:58.612 | WARNING  | app.utils.unit_parser:parse_dimension:77 — Could not parse dimension from: 'iN'
2026-10-05 11:58:58.619 | WARNING  | app.utils.unit_parser:parse_dimension:77 — Could not parse dimension from: 'CO'
2026-10-05 11:58:58.619 | WARNING  | app.utils.unit_parser:parse_dimension:77 — Could not parse dimension from: '\ -O |'
2026-10-05 11:58:58.619 | WARNING  | app.utils.unit_parser:parse_dimension:77 — Could not parse dimension from: '\'
2026-10-05 11:58:58.619 | WARNING  | app.utils.unit_parser:parse_dimension:77 — Could not parse dimension from: '-O'
2026-10-05 11:58:58.621 | WARNING  | app.utils.unit_parser:parse_dimension:77 — Could not parse dimension from: '|'
2026-10-05 11:58:58.621 | WARNING  | app.utils.unit_parser:parse_dimension:77 — Could not parse dimension from: '_'
2026-10-05 11:58:58.621 | WARNING  | app.utils.unit_parser:parse_dimension:77 — Could not parse dimension from: '_\'
2026-10-05 11:58:58.621 | WARNING  | app.utils.unit_parser:parse_dimension:77 — Could not parse dimension from: '929.8 1965.7 4384.35 2415.7'
2026-10-05 11:58:58.622 | DEBUG    | app.utils.unit_parser:parse_dimension:72 — Parsed plain number (assumed mm): '929.8' → (929.8, 'mm')
2026-10-05 11:58:58.622 | DEBUG    | app.utils.unit_parser:parse_dimension:72 — Parsed plain number (assumed mm): '1965.7' → (1965.7, 'mm')
2026-10-05 11:58:58.622 | DEBUG    | app.utils.unit_parser:parse_dimension:72 — Parsed plain number (assumed mm): '4384.35' → (4384.35, 'mm')
2026-10-05 11:58:58.622 | DEBUG    | app.utils.unit_parser:parse_dimension:72 — Parsed plain number (assumed mm): '2415.7' → (2415.7, 'mm')
2026-10-05 11:58:58.622 | WARNING  | app.utils.unit_parser:parse_dimension:77 — Could not parse dimension from: '|'
2026-10-05 11:58:58.622 | WARNING  | app.utils.unit_parser:parse_dimension:77 — Could not parse dimension from: 'Key'
2026-10-05 11:58:58.622 | WARNING  | app.utils.unit_parser:parse_dimension:77 — Could not parse dimension from: '| .'
2026-10-05 11:58:58.622 | WARNING  | app.utils.unit_parser:parse_dimension:77 — Could not parse dimension from: '|'
2026-10-05 11:58:58.622 | WARNING  | app.utils.unit_parser:parse_dimension:77 — Could not parse dimension from: '.'
2026-10-05 11:58:58.623 | WARNING  | app.utils.unit_parser:parse_dimension:77 — Could not parse dimension from: '=)'
2026-10-05 11:58:58.623 | WARNING  | app.utils.unit_parser:parse_dimension:77 — Could not parse dimension from: '\ } y'
2026-10-05 11:58:58.624 | WARNING  | app.utils.unit_parser:parse_dimension:77 — Could not parse dimension from: '\'
2026-10-05 11:58:58.624 | WARNING  | app.utils.unit_parser:parse_dimension:77 — Could not parse dimension from: '}'
2026-10-05 11:58:58.624 | WARNING  | app.utils.unit_parser:parse_dimension:77 — Could not parse dimension from: 'y'
2026-10-05 11:58:58.624 | WARNING  | app.utils.unit_parser:parse_dimension:77 — Could not parse dimension from: 'Le'
2026-10-05 11:58:58.625 | WARNING  | app.utils.unit_parser:parse_dimension:77 — Could not parse dimension from: 'Ma'
2026-10-05 11:58:58.625 | WARNING  | app.utils.unit_parser:parse_dimension:77 — Could not parse dimension from: '929.8 1969.2'
2026-10-05 11:58:58.625 | DEBUG    | app.utils.unit_parser:parse_dimension:72 — Parsed plain number (assumed mm): '929.8' → (929.8, 'mm')
2026-10-05 11:58:58.625 | DEBUG    | app.utils.unit_parser:parse_dimension:72 — Parsed plain number (assumed mm): '1969.2' → (1969.2, 'mm')
2026-10-05 11:58:58.625 | DEBUG    | app.utils.unit_parser:parse_dimension:72 — Parsed plain number (assumed mm): '10000' → (10000.0, 'mm')
2026-10-05 11:58:58.625 | WARNING  | app.utils.unit_parser:parse_dimension:77 — Could not parse dimension from: '929.0 1969.2 4334.35 2415./ 190'
2026-10-05 11:58:58.626 | DEBUG    | app.utils.unit_parser:parse_dimension:72 — Parsed plain number (assumed mm): '929.0' → (929.0, 'mm')
2026-10-05 11:58:58.626 | DEBUG    | app.utils.unit_parser:parse_dimension:72 — Parsed plain number (assumed mm): '1969.2' → (1969.2, 'mm')
2026-10-05 11:58:58.626 | DEBUG    | app.utils.unit_parser:parse_dimension:72 — Parsed plain number (assumed mm): '4334.35' → (4334.35, 'mm')
2026-10-05 11:58:58.626 | DEBUG    | app.utils.unit_parser:parse_dimension:72 — Parsed plain number (assumed mm): '2415.7' → (2415.7, 'mm')
2026-10-05 11:58:58.626 | DEBUG    | app.utils.unit_parser:parse_dimension:72 — Parsed plain number (assumed mm): '190' → (190.0, 'mm')
2026-10-05 11:58:58.626 | WARNING  | app.utils.unit_parser:parse_dimension:77 — Could not parse dimension from: '|'
2026-10-05 11:58:58.626 | WARNING  | app.utils.unit_parser:parse_dimension:77 — Could not parse dimension from: '2 8'
2026-10-05 11:58:58.627 | DEBUG    | app.utils.unit_parser:parse_dimension:72 — Parsed plain number (assumed mm): '2' → (2.0, 'mm')
2026-10-05 11:58:58.627 | DEBUG    | app.utils.unit_parser:parse_dimension:72 — Parsed plain number (assumed mm): '8' → (8.0, 'mm')
2026-10-05 11:58:58.627 | WARNING  | app.utils.unit_parser:parse_dimension:77 — Could not parse dimension from: 'Ol'
2026-10-05 11:58:58.627 | WARNING  | app.utils.unit_parser:parse_dimension:77 — Could not parse dimension from: 'wd CO Key'
2026-10-05 11:58:58.627 | WARNING  | app.utils.unit_parser:parse_dimension:77 — Could not parse dimension from: 'wd'
2026-10-05 11:58:58.627 | WARNING  | app.utils.unit_parser:parse_dimension:77 — Could not parse dimension from: 'CO'
2026-10-05 11:58:58.628 | WARNING  | app.utils.unit_parser:parse_dimension:77 — Could not parse dimension from: 'Key'
2026-10-05 11:58:58.629 | WARNING  | app.utils.unit_parser:parse_dimension:77 — Could not parse dimension from: 'iN'
2026-10-05 11:58:58.629 | WARNING  | app.utils.unit_parser:parse_dimension:77 — Could not parse dimension from: 'CO'
2026-10-05 11:58:58.629 | WARNING  | app.utils.unit_parser:parse_dimension:77 — Could not parse dimension from: '\ -O |'
2026-10-05 11:58:58.629 | WARNING  | app.utils.unit_parser:parse_dimension:77 — Could not parse dimension from: '\'
2026-10-05 11:58:58.629 | WARNING  | app.utils.unit_parser:parse_dimension:77 — Could not parse dimension from: '-O'
2026-10-05 11:58:58.630 | WARNING  | app.utils.unit_parser:parse_dimension:77 — Could not parse dimension from: '|'
2026-10-05 11:58:58.630 | WARNING  | app.utils.unit_parser:parse_dimension:77 — Could not parse dimension from: '_'
2026-10-05 11:58:58.630 | WARNING  | app.utils.unit_parser:parse_dimension:77 — Could not parse dimension from: 'i'
2026-10-05 11:58:58.630 | DEBUG    | app.utils.unit_parser:parse_dimension:72 — Parsed plain number (assumed mm): '4384.5' → (4384.5, 'mm')
2026-10-05 11:58:58.630 | WARNING  | app.utils.unit_parser:parse_dimension:77 — Could not parse dimension from: '0 |'
2026-10-05 11:58:58.630 | DEBUG    | app.utils.unit_parser:parse_dimension:72 — Parsed plain number (assumed mm): '0' → (0.0, 'mm')
2026-10-05 11:58:58.631 | WARNING  | app.utils.unit_parser:parse_dimension:77 — Could not parse dimension from: '|'
2026-10-05 11:58:58.631 | WARNING  | app.utils.unit_parser:parse_dimension:77 — Could not parse dimension from: 'LUUUY'
2026-10-05 11:58:58.631 | WARNING  | app.utils.unit_parser:parse_dimension:77 — Could not parse dimension from: '529.8 1965.2 4884.35 2415.7'
2026-10-05 11:58:58.631 | DEBUG    | app.utils.unit_parser:parse_dimension:72 — Parsed plain number (assumed mm): '529.8' → (529.8, 'mm')
2026-10-05 11:58:58.631 | DEBUG    | app.utils.unit_parser:parse_dimension:72 — Parsed plain number (assumed mm): '1965.2' → (1965.2, 'mm')
2026-10-05 11:58:58.631 | DEBUG    | app.utils.unit_parser:parse_dimension:72 — Parsed plain number (assumed mm): '4884.35' → (4884.35, 'mm')
2026-10-05 11:58:58.631 | DEBUG    | app.utils.unit_parser:parse_dimension:72 — Parsed plain number (assumed mm): '2415.7' → (2415.7, 'mm')
2026-10-05 11:58:58.632 | WARNING  | app.utils.unit_parser:parse_dimension:77 — Could not parse dimension from: '|'
2026-10-05 11:58:58.632 | WARNING  | app.utils.unit_parser:parse_dimension:77 — Could not parse dimension from: '3 8'
2026-10-05 11:58:58.632 | DEBUG    | app.utils.unit_parser:parse_dimension:72 — Parsed plain number (assumed mm): '3' → (3.0, 'mm')
2026-10-05 11:58:58.632 | DEBUG    | app.utils.unit_parser:parse_dimension:72 — Parsed plain number (assumed mm): '8' → (8.0, 'mm')
2026-10-05 11:58:58.632 | WARNING  | app.utils.unit_parser:parse_dimension:77 — Could not parse dimension from: 'Ol'
2026-10-05 11:58:58.632 | WARNING  | app.utils.unit_parser:parse_dimension:77 — Could not parse dimension from: 'J © Key'
2026-10-05 11:58:58.633 | WARNING  | app.utils.unit_parser:parse_dimension:77 — Could not parse dimension from: 'J'
2026-10-05 11:58:58.633 | WARNING  | app.utils.unit_parser:parse_dimension:77 — Could not parse dimension from: '©'
2026-10-05 11:58:58.634 | WARNING  | app.utils.unit_parser:parse_dimension:77 — Could not parse dimension from: 'Key'
2026-10-05 11:58:58.634 | WARNING  | app.utils.unit_parser:parse_dimension:77 — Could not parse dimension from: 'IN'
2026-10-05 11:58:58.634 | WARNING  | app.utils.unit_parser:parse_dimension:77 — Could not parse dimension from: 'CO'
2026-10-05 11:58:58.634 | WARNING  | app.utils.unit_parser:parse_dimension:77 — Could not parse dimension from: '\ -O |'
2026-10-05 11:58:58.634 | WARNING  | app.utils.unit_parser:parse_dimension:77 — Could not parse dimension from: '\'
2026-10-05 11:58:58.635 | WARNING  | app.utils.unit_parser:parse_dimension:77 — Could not parse dimension from: '-O'
2026-10-05 11:58:58.635 | WARNING  | app.utils.unit_parser:parse_dimension:77 — Could not parse dimension from: '|'
2026-10-05 11:58:58.635 | WARNING  | app.utils.unit_parser:parse_dimension:77 — Could not parse dimension from: '__'
2026-10-05 11:58:58.635 | WARNING  | app.utils.unit_parser:parse_dimension:77 — Could not parse dimension from: 'a'
2026-10-05 11:58:58.636 | INFO     | app.services.part2_extraction.ocr_extractor:run_ocr:174 — [OCR] Complete — raw_lines=71, dimensions=47, vessel_type=unknown
2026-10-05 11:58:58.665 | INFO     | app.services.part2_extraction.extraction_service:extract_vessel_geometry:143 — [Part 2] Step 2b — PDF embedded text extraction (pdfplumber)…
2026-10-05 11:58:58.730 | DEBUG    | app.utils.pdf_text_extractor:extract_pdf_text:59 — [PDF-Text] Page 1: 0 words extracted
2026-10-05 11:58:58.731 | INFO     | app.utils.pdf_text_extractor:extract_pdf_text:84 — [PDF-Text] Extracted 0 unique text items from PDF
2026-10-05 11:58:58.731 | INFO     | app.services.part2_extraction.extraction_service:extract_vessel_geometry:164 — [Part 2] pdfplumber found no text (rasterised PDF)
2026-10-05 11:58:58.731 | INFO     | app.services.part2_extraction.extraction_service:extract_vessel_geometry:168 — [Part 2] Step 2c — PDF positioned dimension extraction…
2026-10-05 11:58:58.773 | INFO     | app.utils.pdf_text_extractor:extract_segment_dimensions:180 — [PDF-Segments] Extracted 0 positioned dimensions
2026-10-05 11:58:58.774 | INFO     | app.services.part2_extraction.extraction_service:extract_vessel_geometry:171 — [Part 2] Positioned dims: 0
2026-10-05 11:58:58.775 | INFO     | app.services.part2_extraction.extraction_service:extract_vessel_geometry:178 — [Part 2] Step 3 — OpenCV geometry analysis…
2026-10-05 11:58:59.151 | DEBUG    | app.services.part2_extraction.opencv_processor:process_geometry:117 — [OpenCV] Detected 286 line segments
2026-10-05 11:59:36.395 | DEBUG    | app.services.part2_extraction.opencv_processor:process_geometry:121 — [OpenCV] Detected 340 circles
2026-10-05 11:59:36.539 | DEBUG    | app.services.part2_extraction.opencv_processor:process_geometry:125 — [OpenCV] Detected 2 significant contours
2026-10-05 11:59:36.539 | INFO     | app.services.part2_extraction.opencv_processor:process_geometry:141 — [OpenCV] Scale estimated from bounding rect: 0.0747 px/mm
2026-10-05 11:59:36.566 | DEBUG    | app.services.part2_extraction.opencv_processor:_detect_vessel_zones:383 — [OpenCV-Zones] Found 2 breakpoints at rows: [53, 735]
2026-10-05 11:59:36.568 | INFO     | app.services.part2_extraction.opencv_processor:_detect_vessel_zones:427 — [OpenCV-Zones] Assembled 3 zones from 2 breakpoints
2026-10-05 11:59:36.568 | INFO     | app.services.part2_extraction.opencv_processor:process_geometry:150 — [OpenCV] Detected 3 vessel zones from profile contour
2026-10-05 11:59:36.569 | INFO     | app.services.part2_extraction.opencv_processor:process_geometry:155 — [OpenCV] Geometry processing complete.
2026-10-05 11:59:36.574 | INFO     | app.services.part2_extraction.geometry_assembler:assemble_vessel_geometry:61 — [Assembler] Assembling VesselGeometry from extraction results…
2026-10-05 11:59:36.590 | DEBUG    | app.services.part2_extraction.geometry_assembler:_assemble_shell:149 — [Assembler] Outer dia: 4884.35mm ('4884.35')
2026-10-05 11:59:36.590 | DEBUG    | app.services.part2_extraction.geometry_assembler:_assemble_shell:163 — [Assembler] Total length: 10000.0mm ('1OQQO')
2026-10-05 11:59:36.590 | DEBUG    | app.services.part2_extraction.geometry_assembler:_assemble_shell:169 — [Assembler] OpenCV circle dia estimate: 58420.0mm
2026-10-05 11:59:36.595 | INFO     | app.services.part2_extraction.geometry_assembler:_assemble_profile:261 — [Assembler] Profile from PDF paths: 8 segments
2026-10-05 11:59:36.596 | DEBUG    | app.services.part2_extraction.geometry_assembler:_assemble_nozzles:756 — [Assembler] Nozzles: 2
2026-10-05 11:59:36.598 | INFO     | app.services.part2_extraction.geometry_assembler:assemble_vessel_geometry:89 — [Assembler] Done — type=VesselType.UNKNOWN, conf=0.62, segments=8, method=pdf_paths
2026-10-05 11:59:36.617 | INFO     | app.services.part2_extraction.extraction_service:_save_output:248 — [Part 2] Output saved: data\outputs\225cc673-93df-49ea-bc22-5ac076de6c6c\vessel_geometry.json
2026-10-05 11:59:37.102 | INFO     | app.services.part2_extraction.extraction_service:_save_output:294 — [Part 2] Excel output saved: data\outputs\225cc673-93df-49ea-bc22-5ac076de6c6c\vessel_geometry.xlsx
2026-10-05 11:59:37.102 | INFO     | app.services.part2_extraction.extraction_service:extract_vessel_geometry:209 — [Part 2] Extraction complete — job_id=225cc673-93df-49ea-bc22-5ac076de6c6c, elapsed=104.54s, confidence=0.62, segments=8, method=pdf_paths
2026-10-05 12:03:57.798 | INFO     | app.main:lifespan:43 — RefractoryAI API shutting down.
2026-10-05 12:04:01.927 | INFO     | app.core.logging_config:setup_logging:43 — Logging initialised — level=INFO, env=development
2026-10-05 12:04:01.927 | INFO     | app.main:lifespan:36 — ============================================================
2026-10-05 12:04:01.927 | INFO     | app.main:lifespan:37 —   RefractoryAI API  v0.1.0
2026-10-05 12:04:01.927 | INFO     | app.main:lifespan:38 —   Environment: development
2026-10-05 12:04:01.927 | INFO     | app.main:lifespan:39 —   Device: cpu
2026-10-05 12:04:01.927 | INFO     | app.main:lifespan:40 — ============================================================
2026-10-05 12:04:01.927 | INFO     | app.main:lifespan:41 — Warming up Grounding DINO model on first request (lazy load)...
2026-10-05 12:04:01.931 | INFO     | app.api.v1.routes_extraction:process_drawing:60 — [API] Full process request — file=input drawing _ naked shell.pdf
2026-10-05 12:04:01.931 | INFO     | app.services.part1_ingestion.ingestion_service:ingest_drawing:82 — [Part 1] Starting ingestion — job_id=b7e9c025-a17f-483d-a986-5aca5ce1bcd4, file=input drawing _ naked shell.pdf
2026-10-05 12:04:01.933 | DEBUG    | app.services.part1_ingestion.ingestion_service:ingest_drawing:93 — [Part 1] Saved to data\outputs\b7e9c025-a17f-483d-a986-5aca5ce1bcd4\input drawing _ naked shell.pdf (6078 bytes)
2026-10-05 12:04:01.935 | INFO     | app.services.part1_ingestion.drawing_validator:validate_upload:49 — Validation passed for 'input drawing _ naked shell.pdf'
2026-10-05 12:04:01.935 | INFO     | app.services.part1_ingestion.file_handler:detect_format:49 — Detected format: DrawingFormat.PDF for file: input drawing _ naked shell.pdf
2026-10-05 12:04:02.103 | DEBUG    | app.services.part1_ingestion.file_handler:_load_pdf:101 — Loading PDF via PyMuPDF: data\outputs\b7e9c025-a17f-483d-a986-5aca5ce1bcd4\input drawing _ naked shell.pdf
2026-10-05 12:04:02.337 | DEBUG    | app.services.part1_ingestion.file_handler:_load_pdf:122 —   Page 1: shape=(9262, 6551, 3)
2026-10-05 12:04:02.367 | INFO     | app.services.part1_ingestion.file_handler:load_drawing:86 — Loaded drawing 'input drawing _ naked shell.pdf' — format=DrawingFormat.PDF, pages=1
2026-10-05 12:04:02.368 | INFO     | app.services.part1_ingestion.ingestion_service:ingest_drawing:117 — [Part 1] Ingestion complete — job_id=b7e9c025-a17f-483d-a986-5aca5ce1bcd4, format=DrawingFormat.PDF, pages=1
2026-10-05 12:04:02.368 | INFO     | app.services.part2_extraction.extraction_service:extract_vessel_geometry:54 — [Part 2] Starting extraction — job_id=b7e9c025-a17f-483d-a986-5aca5ce1bcd4, format=DrawingFormat.PDF, pages=1
2026-10-05 12:04:02.368 | INFO     | app.services.part2_extraction.extraction_service:extract_vessel_geometry:104 — [Part 2] Step 0b — PDF vector path extraction…
2026-10-05 12:04:02.639 | INFO     | app.utils.pdf_path_extractor:extract_pdf_path_profile:120 — [PDF-Paths] Found 816 path segments
2026-10-05 12:04:02.665 | INFO     | app.utils.pdf_path_extractor:extract_pdf_path_profile:147 — [PDF-Paths] Profile extracted: 197 pts, height=316.3mm, max_r=146.0mm
2026-10-05 12:04:02.666 | INFO     | app.services.part2_extraction.extraction_service:extract_vessel_geometry:111 — [Part 2] PDF path profile: 197 pts, h=316mm
2026-10-05 12:04:02.666 | INFO     | app.services.part2_extraction.extraction_service:extract_vessel_geometry:124 — [Part 2] Step 1 — Grounding DINO detection…
2026-10-05 12:04:02.666 | INFO     | app.services.part2_extraction.dino_detector:_get_model_and_processor:66 — [DINO] Loading model: IDEA-Research/grounding-dino-base on device=cpu
2026-10-05 12:04:14.049 | INFO     | app.services.part2_extraction.dino_detector:_get_model_and_processor:86 — [DINO] Model loaded and ready.
2026-10-05 12:04:14.359 | DEBUG    | app.services.part2_extraction.dino_detector:detect_drawing_elements:113 — [DINO] Running detection on image 6551x9262
2026-10-05 12:04:42.316 | DEBUG    | app.services.part2_extraction.dino_detector:detect_drawing_elements:151 — [DINO] Detected 'oxygen lance port' — conf=0.328 at [1437,2396,5810,6289]
2026-10-05 12:04:42.324 | DEBUG    | app.services.part2_extraction.dino_detector:detect_drawing_elements:151 — [DINO] Detected 'oxygen lance port' — conf=0.382 at [1057,2330,5844,6334]
2026-10-05 12:04:42.324 | DEBUG    | app.services.part2_extraction.dino_detector:detect_drawing_elements:151 — [DINO] Detected 'port' — conf=0.262 at [1436,2385,5823,6292]
2026-10-05 12:04:42.324 | DEBUG    | app.services.part2_extraction.dino_detector:detect_drawing_elements:151 — [DINO] Detected 'title block' — conf=0.294 at [1621,2386,2431,2552]
2026-10-05 12:04:42.324 | DEBUG    | app.services.part2_extraction.dino_detector:detect_drawing_elements:151 — [DINO] Detected 'front elevation view' — conf=0.284 at [43,48,6505,9199]
2026-10-05 12:04:42.324 | DEBUG    | app.services.part2_extraction.dino_detector:detect_drawing_elements:151 — [DINO] Detected 'title block' — conf=0.263 at [3546,2401,3849,2539]
2026-10-05 12:04:42.324 | DEBUG    | app.services.part2_extraction.dino_detector:detect_drawing_elements:151 — [DINO] Detected 'arrow annotation' — conf=0.307 at [4318,4939,4778,5133]
2026-10-05 12:04:42.324 | DEBUG    | app.services.part2_extraction.dino_detector:detect_drawing_elements:151 — [DINO] Detected 'front elevation' — conf=0.266 at [1051,2320,5849,6348]
2026-10-05 12:04:42.324 | INFO     | app.services.part2_extraction.dino_detector:detect_drawing_elements:156 — [DINO] Detection complete — 8 elements found (threshold=0.25)
2026-10-05 12:04:42.337 | INFO     | app.services.part2_extraction.extraction_service:extract_vessel_geometry:133 — [Part 2] Step 2 — Tesseract OCR extraction…
2026-10-05 12:04:42.340 | DEBUG    | app.services.part2_extraction.ocr_extractor:run_ocr:114 — [OCR] Base image 6551x9262, scaling by 1.0x for OCR
2026-10-05 12:04:43.116 | DEBUG    | app.services.part2_extraction.ocr_extractor:run_ocr:119 — [OCR] Running Tesseract on full image...
2026-10-05 12:04:59.507 | DEBUG    | app.services.part2_extraction.ocr_extractor:run_ocr:149 — [OCR] Full image — 20 unique text lines extracted
2026-10-05 12:05:02.167 | DEBUG    | app.services.part2_extraction.ocr_extractor:run_ocr:167 — [OCR] Region 'oxygen lance port' — 8 lines extracted
2026-10-05 12:05:05.125 | DEBUG    | app.services.part2_extraction.ocr_extractor:run_ocr:167 — [OCR] Region 'oxygen lance port' — 10 lines extracted
2026-10-05 12:05:07.719 | DEBUG    | app.services.part2_extraction.ocr_extractor:run_ocr:167 — [OCR] Region 'port' — 8 lines extracted
2026-10-05 12:05:07.880 | DEBUG    | app.services.part2_extraction.ocr_extractor:run_ocr:167 — [OCR] Region 'title block' — 1 lines extracted
2026-10-05 12:05:20.258 | DEBUG    | app.services.part2_extraction.ocr_extractor:run_ocr:167 — [OCR] Region 'front elevation view' — 11 lines extracted
2026-10-05 12:05:20.503 | DEBUG    | app.services.part2_extraction.ocr_extractor:run_ocr:167 — [OCR] Region 'title block' — 1 lines extracted
2026-10-05 12:05:20.637 | DEBUG    | app.services.part2_extraction.ocr_extractor:run_ocr:167 — [OCR] Region 'arrow annotation' — 1 lines extracted
2026-10-05 12:05:23.498 | DEBUG    | app.services.part2_extraction.ocr_extractor:run_ocr:167 — [OCR] Region 'front elevation' — 11 lines extracted
2026-10-05 12:05:23.498 | WARNING  | app.utils.unit_parser:parse_dimension:77 — Could not parse dimension from: '1Q000'
2026-10-05 12:05:23.500 | DEBUG    | app.utils.unit_parser:parse_dimension:72 — Parsed plain number (assumed mm): '929.8' → (929.8, 'mm')
2026-10-05 12:05:23.500 | DEBUG    | app.utils.unit_parser:parse_dimension:72 — Parsed plain number (assumed mm): '1965.2' → (1965.2, 'mm')
2026-10-05 12:05:23.500 | DEBUG    | app.utils.unit_parser:parse_dimension:72 — Parsed plain number (assumed mm): '4884.35' → (4884.35, 'mm')
2026-10-05 12:05:23.500 | DEBUG    | app.utils.unit_parser:parse_dimension:72 — Parsed plain number (assumed mm): '2415.7' → (2415.7, 'mm')
2026-10-05 12:05:23.500 | DEBUG    | app.utils.unit_parser:parse_dimension:72 — Parsed plain number (assumed mm): '150' → (150.0, 'mm')
2026-10-05 12:05:23.500 | WARNING  | app.utils.unit_parser:parse_dimension:77 — Could not parse dimension from: '|'
2026-10-05 12:05:23.500 | WARNING  | app.utils.unit_parser:parse_dimension:77 — Could not parse dimension from: 'Key'
2026-10-05 12:05:23.500 | DEBUG    | app.utils.unit_parser:parse_dimension:72 — Parsed plain number (assumed mm): '100' → (100.0, 'mm')
2026-10-05 12:05:23.500 | DEBUG    | app.utils.unit_parser:parse_dimension:72 — Parsed plain number (assumed mm): '229.8' → (229.8, 'mm')
2026-10-05 12:05:23.500 | DEBUG    | app.utils.unit_parser:parse_dimension:72 — Parsed plain number (assumed mm): '1969.2' → (1969.2, 'mm')
2026-10-05 12:05:23.500 | DEBUG    | app.utils.unit_parser:parse_dimension:72 — Parsed plain number (assumed mm): '4384.5' → (4384.5, 'mm')
2026-10-05 12:05:23.500 | DEBUG    | app.utils.unit_parser:parse_dimension:72 — Parsed plain number (assumed mm): '2415.7' → (2415.7, 'mm')
2026-10-05 12:05:23.500 | WARNING  | app.utils.unit_parser:parse_dimension:77 — Could not parse dimension from: '\'
2026-10-05 12:05:23.500 | WARNING  | app.utils.unit_parser:parse_dimension:77 — Could not parse dimension from: 'a'
2026-10-05 12:05:23.500 | WARNING  | app.utils.unit_parser:parse_dimension:77 — Could not parse dimension from: '8f'
2026-10-05 12:05:23.500 | DEBUG    | app.utils.unit_parser:parse_dimension:72 — Parsed plain number (assumed mm): '0' → (0.0, 'mm')
2026-10-05 12:05:23.500 | DEBUG    | app.utils.unit_parser:parse_dimension:72 — Parsed plain number (assumed mm): '1' → (1.0, 'mm')
2026-10-05 12:05:23.500 | DEBUG    | app.utils.unit_parser:parse_dimension:72 — Parsed plain number (assumed mm): '7' → (7.0, 'mm')
2026-10-05 12:05:23.500 | DEBUG    | app.utils.unit_parser:parse_dimension:72 — Parsed plain number (assumed mm): '01' → (1.0, 'mm')
2026-10-05 12:05:23.500 | WARNING  | app.utils.unit_parser:parse_dimension:77 — Could not parse dimension from: '929.8 1965.7 4384.35 2415.7'
2026-10-05 12:05:23.500 | DEBUG    | app.utils.unit_parser:parse_dimension:72 — Parsed plain number (assumed mm): '929.8' → (929.8, 'mm')
2026-10-05 12:05:23.500 | DEBUG    | app.utils.unit_parser:parse_dimension:72 — Parsed plain number (assumed mm): '1965.7' → (1965.7, 'mm')
2026-10-05 12:05:23.500 | DEBUG    | app.utils.unit_parser:parse_dimension:72 — Parsed plain number (assumed mm): '4384.35' → (4384.35, 'mm')
2026-10-05 12:05:23.500 | DEBUG    | app.utils.unit_parser:parse_dimension:72 — Parsed plain number (assumed mm): '2415.7' → (2415.7, 'mm')
2026-10-05 12:05:23.500 | WARNING  | app.utils.unit_parser:parse_dimension:77 — Could not parse dimension from: '|'
2026-10-05 12:05:23.500 | WARNING  | app.utils.unit_parser:parse_dimension:77 — Could not parse dimension from: 'Key'
2026-10-05 12:05:23.507 | WARNING  | app.utils.unit_parser:parse_dimension:77 — Could not parse dimension from: '| .'
2026-10-05 12:05:23.507 | WARNING  | app.utils.unit_parser:parse_dimension:77 — Could not parse dimension from: '|'
2026-10-05 12:05:23.508 | WARNING  | app.utils.unit_parser:parse_dimension:77 — Could not parse dimension from: '.'
2026-10-05 12:05:23.508 | WARNING  | app.utils.unit_parser:parse_dimension:77 — Could not parse dimension from: '=)'
2026-10-05 12:05:23.509 | WARNING  | app.utils.unit_parser:parse_dimension:77 — Could not parse dimension from: '\ } y'
2026-10-05 12:05:23.509 | WARNING  | app.utils.unit_parser:parse_dimension:77 — Could not parse dimension from: '\'
2026-10-05 12:05:23.509 | WARNING  | app.utils.unit_parser:parse_dimension:77 — Could not parse dimension from: '}'
2026-10-05 12:05:23.509 | WARNING  | app.utils.unit_parser:parse_dimension:77 — Could not parse dimension from: 'y'
2026-10-05 12:05:23.509 | WARNING  | app.utils.unit_parser:parse_dimension:77 — Could not parse dimension from: 'Le'
2026-10-05 12:05:23.509 | WARNING  | app.utils.unit_parser:parse_dimension:77 — Could not parse dimension from: 'Ma'
2026-10-05 12:05:23.509 | WARNING  | app.utils.unit_parser:parse_dimension:77 — Could not parse dimension from: '529.8 1969.2 4804.5 2419.7'
2026-10-05 12:05:23.509 | DEBUG    | app.utils.unit_parser:parse_dimension:72 — Parsed plain number (assumed mm): '529.8' → (529.8, 'mm')
2026-10-05 12:05:23.511 | DEBUG    | app.utils.unit_parser:parse_dimension:72 — Parsed plain number (assumed mm): '1969.2' → (1969.2, 'mm')
2026-10-05 12:05:23.511 | DEBUG    | app.utils.unit_parser:parse_dimension:72 — Parsed plain number (assumed mm): '4804.5' → (4804.5, 'mm')
2026-10-05 12:05:23.511 | DEBUG    | app.utils.unit_parser:parse_dimension:72 — Parsed plain number (assumed mm): '2419.7' → (2419.7, 'mm')
2026-10-05 12:05:23.511 | WARNING  | app.utils.unit_parser:parse_dimension:77 — Could not parse dimension from: '|'
2026-10-05 12:05:23.511 | WARNING  | app.utils.unit_parser:parse_dimension:77 — Could not parse dimension from: '1 8 |'
2026-10-05 12:05:23.512 | DEBUG    | app.utils.unit_parser:parse_dimension:72 — Parsed plain number (assumed mm): '1' → (1.0, 'mm')
2026-10-05 12:05:23.512 | DEBUG    | app.utils.unit_parser:parse_dimension:72 — Parsed plain number (assumed mm): '8' → (8.0, 'mm')
2026-10-05 12:05:23.512 | WARNING  | app.utils.unit_parser:parse_dimension:77 — Could not parse dimension from: '|'
2026-10-05 12:05:23.512 | WARNING  | app.utils.unit_parser:parse_dimension:77 — Could not parse dimension from: 'SO'
2026-10-05 12:05:23.512 | WARNING  | app.utils.unit_parser:parse_dimension:77 — Could not parse dimension from: '4 C0 Key'
2026-10-05 12:05:23.512 | DEBUG    | app.utils.unit_parser:parse_dimension:72 — Parsed plain number (assumed mm): '4' → (4.0, 'mm')
2026-10-05 12:05:23.512 | WARNING  | app.utils.unit_parser:parse_dimension:77 — Could not parse dimension from: 'CO'
2026-10-05 12:05:23.512 | WARNING  | app.utils.unit_parser:parse_dimension:77 — Could not parse dimension from: 'Key'
2026-10-05 12:05:23.512 | WARNING  | app.utils.unit_parser:parse_dimension:77 — Could not parse dimension from: 'iN'
2026-10-05 12:05:23.512 | WARNING  | app.utils.unit_parser:parse_dimension:77 — Could not parse dimension from: 'CO'
2026-10-05 12:05:23.512 | WARNING  | app.utils.unit_parser:parse_dimension:77 — Could not parse dimension from: '\ -O |'
2026-10-05 12:05:23.512 | WARNING  | app.utils.unit_parser:parse_dimension:77 — Could not parse dimension from: '\'
2026-10-05 12:05:23.515 | WARNING  | app.utils.unit_parser:parse_dimension:77 — Could not parse dimension from: '-O'
2026-10-05 12:05:23.516 | WARNING  | app.utils.unit_parser:parse_dimension:77 — Could not parse dimension from: '|'
2026-10-05 12:05:23.516 | WARNING  | app.utils.unit_parser:parse_dimension:77 — Could not parse dimension from: '_'
2026-10-05 12:05:23.516 | WARNING  | app.utils.unit_parser:parse_dimension:77 — Could not parse dimension from: '_\'
2026-10-05 12:05:23.516 | WARNING  | app.utils.unit_parser:parse_dimension:77 — Could not parse dimension from: '929.8 1965.7 4384.35 2415.7'
2026-10-05 12:05:23.516 | DEBUG    | app.utils.unit_parser:parse_dimension:72 — Parsed plain number (assumed mm): '929.8' → (929.8, 'mm')
2026-10-05 12:05:23.516 | DEBUG    | app.utils.unit_parser:parse_dimension:72 — Parsed plain number (assumed mm): '1965.7' → (1965.7, 'mm')
2026-10-05 12:05:23.516 | DEBUG    | app.utils.unit_parser:parse_dimension:72 — Parsed plain number (assumed mm): '4384.35' → (4384.35, 'mm')
2026-10-05 12:05:23.516 | DEBUG    | app.utils.unit_parser:parse_dimension:72 — Parsed plain number (assumed mm): '2415.7' → (2415.7, 'mm')
2026-10-05 12:05:23.516 | WARNING  | app.utils.unit_parser:parse_dimension:77 — Could not parse dimension from: '|'
2026-10-05 12:05:23.516 | WARNING  | app.utils.unit_parser:parse_dimension:77 — Could not parse dimension from: 'Key'
2026-10-05 12:05:23.516 | WARNING  | app.utils.unit_parser:parse_dimension:77 — Could not parse dimension from: '| .'
2026-10-05 12:05:23.516 | WARNING  | app.utils.unit_parser:parse_dimension:77 — Could not parse dimension from: '|'
2026-10-05 12:05:23.516 | WARNING  | app.utils.unit_parser:parse_dimension:77 — Could not parse dimension from: '.'
2026-10-05 12:05:23.516 | WARNING  | app.utils.unit_parser:parse_dimension:77 — Could not parse dimension from: '=)'
2026-10-05 12:05:23.516 | WARNING  | app.utils.unit_parser:parse_dimension:77 — Could not parse dimension from: '\ } y'
2026-10-05 12:05:23.516 | WARNING  | app.utils.unit_parser:parse_dimension:77 — Could not parse dimension from: '\'
2026-10-05 12:05:23.521 | WARNING  | app.utils.unit_parser:parse_dimension:77 — Could not parse dimension from: '}'
2026-10-05 12:05:23.521 | WARNING  | app.utils.unit_parser:parse_dimension:77 — Could not parse dimension from: 'y'
2026-10-05 12:05:23.521 | WARNING  | app.utils.unit_parser:parse_dimension:77 — Could not parse dimension from: 'Le'
2026-10-05 12:05:23.521 | WARNING  | app.utils.unit_parser:parse_dimension:77 — Could not parse dimension from: 'Ma'
2026-10-05 12:05:23.521 | WARNING  | app.utils.unit_parser:parse_dimension:77 — Could not parse dimension from: '929.8 1969.2'
2026-10-05 12:05:23.521 | DEBUG    | app.utils.unit_parser:parse_dimension:72 — Parsed plain number (assumed mm): '929.8' → (929.8, 'mm')
2026-10-05 12:05:23.521 | DEBUG    | app.utils.unit_parser:parse_dimension:72 — Parsed plain number (assumed mm): '1969.2' → (1969.2, 'mm')
2026-10-05 12:05:23.521 | DEBUG    | app.utils.unit_parser:parse_dimension:72 — Parsed plain number (assumed mm): '10000' → (10000.0, 'mm')
2026-10-05 12:05:23.521 | WARNING  | app.utils.unit_parser:parse_dimension:77 — Could not parse dimension from: '929.0 1969.2 4334.35 2415./ 190'
2026-10-05 12:05:23.524 | DEBUG    | app.utils.unit_parser:parse_dimension:72 — Parsed plain number (assumed mm): '929.0' → (929.0, 'mm')
2026-10-05 12:05:23.524 | DEBUG    | app.utils.unit_parser:parse_dimension:72 — Parsed plain number (assumed mm): '1969.2' → (1969.2, 'mm')
2026-10-05 12:05:23.524 | DEBUG    | app.utils.unit_parser:parse_dimension:72 — Parsed plain number (assumed mm): '4334.35' → (4334.35, 'mm')
2026-10-05 12:05:23.524 | DEBUG    | app.utils.unit_parser:parse_dimension:72 — Parsed plain number (assumed mm): '2415.7' → (2415.7, 'mm')
2026-10-05 12:05:23.524 | DEBUG    | app.utils.unit_parser:parse_dimension:72 — Parsed plain number (assumed mm): '190' → (190.0, 'mm')
2026-10-05 12:05:23.524 | WARNING  | app.utils.unit_parser:parse_dimension:77 — Could not parse dimension from: '|'
2026-10-05 12:05:23.525 | WARNING  | app.utils.unit_parser:parse_dimension:77 — Could not parse dimension from: '2 8'
2026-10-05 12:05:23.525 | DEBUG    | app.utils.unit_parser:parse_dimension:72 — Parsed plain number (assumed mm): '2' → (2.0, 'mm')
2026-10-05 12:05:23.525 | DEBUG    | app.utils.unit_parser:parse_dimension:72 — Parsed plain number (assumed mm): '8' → (8.0, 'mm')
2026-10-05 12:05:23.525 | WARNING  | app.utils.unit_parser:parse_dimension:77 — Could not parse dimension from: 'Ol'
2026-10-05 12:05:23.525 | WARNING  | app.utils.unit_parser:parse_dimension:77 — Could not parse dimension from: 'wd CO Key'
2026-10-05 12:05:23.525 | WARNING  | app.utils.unit_parser:parse_dimension:77 — Could not parse dimension from: 'wd'
2026-10-05 12:05:23.525 | WARNING  | app.utils.unit_parser:parse_dimension:77 — Could not parse dimension from: 'CO'
2026-10-05 12:05:23.525 | WARNING  | app.utils.unit_parser:parse_dimension:77 — Could not parse dimension from: 'Key'
2026-10-05 12:05:23.525 | WARNING  | app.utils.unit_parser:parse_dimension:77 — Could not parse dimension from: 'iN'
2026-10-05 12:05:23.525 | WARNING  | app.utils.unit_parser:parse_dimension:77 — Could not parse dimension from: 'CO'
2026-10-05 12:05:23.525 | WARNING  | app.utils.unit_parser:parse_dimension:77 — Could not parse dimension from: '\ -O |'
2026-10-05 12:05:23.525 | WARNING  | app.utils.unit_parser:parse_dimension:77 — Could not parse dimension from: '\'
2026-10-05 12:05:23.530 | WARNING  | app.utils.unit_parser:parse_dimension:77 — Could not parse dimension from: '-O'
2026-10-05 12:05:23.530 | WARNING  | app.utils.unit_parser:parse_dimension:77 — Could not parse dimension from: '|'
2026-10-05 12:05:23.530 | WARNING  | app.utils.unit_parser:parse_dimension:77 — Could not parse dimension from: '_'
2026-10-05 12:05:23.530 | WARNING  | app.utils.unit_parser:parse_dimension:77 — Could not parse dimension from: 'i'
2026-10-05 12:05:23.530 | DEBUG    | app.utils.unit_parser:parse_dimension:72 — Parsed plain number (assumed mm): '4384.5' → (4384.5, 'mm')
2026-10-05 12:05:23.531 | WARNING  | app.utils.unit_parser:parse_dimension:77 — Could not parse dimension from: '0 |'
2026-10-05 12:05:23.531 | DEBUG    | app.utils.unit_parser:parse_dimension:72 — Parsed plain number (assumed mm): '0' → (0.0, 'mm')
2026-10-05 12:05:23.531 | WARNING  | app.utils.unit_parser:parse_dimension:77 — Could not parse dimension from: '|'
2026-10-05 12:05:23.531 | WARNING  | app.utils.unit_parser:parse_dimension:77 — Could not parse dimension from: 'LUUUY'
2026-10-05 12:05:23.532 | WARNING  | app.utils.unit_parser:parse_dimension:77 — Could not parse dimension from: '529.8 1965.2 4884.35 2415.7'
2026-10-05 12:05:23.532 | DEBUG    | app.utils.unit_parser:parse_dimension:72 — Parsed plain number (assumed mm): '529.8' → (529.8, 'mm')
2026-10-05 12:05:23.532 | DEBUG    | app.utils.unit_parser:parse_dimension:72 — Parsed plain number (assumed mm): '1965.2' → (1965.2, 'mm')
2026-10-05 12:05:23.533 | DEBUG    | app.utils.unit_parser:parse_dimension:72 — Parsed plain number (assumed mm): '4884.35' → (4884.35, 'mm')
2026-10-05 12:05:23.533 | DEBUG    | app.utils.unit_parser:parse_dimension:72 — Parsed plain number (assumed mm): '2415.7' → (2415.7, 'mm')
2026-10-05 12:05:23.533 | WARNING  | app.utils.unit_parser:parse_dimension:77 — Could not parse dimension from: '|'
2026-10-05 12:05:23.533 | WARNING  | app.utils.unit_parser:parse_dimension:77 — Could not parse dimension from: '3 8'
2026-10-05 12:05:23.534 | DEBUG    | app.utils.unit_parser:parse_dimension:72 — Parsed plain number (assumed mm): '3' → (3.0, 'mm')
2026-10-05 12:05:23.534 | DEBUG    | app.utils.unit_parser:parse_dimension:72 — Parsed plain number (assumed mm): '8' → (8.0, 'mm')
2026-10-05 12:05:23.534 | WARNING  | app.utils.unit_parser:parse_dimension:77 — Could not parse dimension from: 'Ol'
2026-10-05 12:05:23.534 | WARNING  | app.utils.unit_parser:parse_dimension:77 — Could not parse dimension from: 'J © Key'
2026-10-05 12:05:23.534 | WARNING  | app.utils.unit_parser:parse_dimension:77 — Could not parse dimension from: 'J'
2026-10-05 12:05:23.534 | WARNING  | app.utils.unit_parser:parse_dimension:77 — Could not parse dimension from: '©'
2026-10-05 12:05:23.536 | WARNING  | app.utils.unit_parser:parse_dimension:77 — Could not parse dimension from: 'Key'
2026-10-05 12:05:23.536 | WARNING  | app.utils.unit_parser:parse_dimension:77 — Could not parse dimension from: 'IN'
2026-10-05 12:05:23.536 | WARNING  | app.utils.unit_parser:parse_dimension:77 — Could not parse dimension from: 'CO'
2026-10-05 12:05:23.536 | WARNING  | app.utils.unit_parser:parse_dimension:77 — Could not parse dimension from: '\ -O |'
2026-10-05 12:05:23.536 | WARNING  | app.utils.unit_parser:parse_dimension:77 — Could not parse dimension from: '\'
2026-10-05 12:05:23.536 | WARNING  | app.utils.unit_parser:parse_dimension:77 — Could not parse dimension from: '-O'
2026-10-05 12:05:23.536 | WARNING  | app.utils.unit_parser:parse_dimension:77 — Could not parse dimension from: '|'
2026-10-05 12:05:23.536 | WARNING  | app.utils.unit_parser:parse_dimension:77 — Could not parse dimension from: '__'
2026-10-05 12:05:23.536 | WARNING  | app.utils.unit_parser:parse_dimension:77 — Could not parse dimension from: 'a'
2026-10-05 12:05:23.536 | INFO     | app.services.part2_extraction.ocr_extractor:run_ocr:174 — [OCR] Complete — raw_lines=71, dimensions=47, vessel_type=unknown
2026-10-05 12:05:23.574 | INFO     | app.services.part2_extraction.extraction_service:extract_vessel_geometry:143 — [Part 2] Step 2b — PDF embedded text extraction (pdfplumber)…
2026-10-05 12:05:23.662 | DEBUG    | app.utils.pdf_text_extractor:extract_pdf_text:59 — [PDF-Text] Page 1: 0 words extracted
2026-10-05 12:05:23.665 | INFO     | app.utils.pdf_text_extractor:extract_pdf_text:84 — [PDF-Text] Extracted 0 unique text items from PDF
2026-10-05 12:05:23.666 | INFO     | app.services.part2_extraction.extraction_service:extract_vessel_geometry:164 — [Part 2] pdfplumber found no text (rasterised PDF)
2026-10-05 12:05:23.667 | INFO     | app.services.part2_extraction.extraction_service:extract_vessel_geometry:168 — [Part 2] Step 2c — PDF positioned dimension extraction…
2026-10-05 12:05:23.734 | INFO     | app.utils.pdf_text_extractor:extract_segment_dimensions:180 — [PDF-Segments] Extracted 0 positioned dimensions
2026-10-05 12:05:23.734 | INFO     | app.services.part2_extraction.extraction_service:extract_vessel_geometry:171 — [Part 2] Positioned dims: 0
2026-10-05 12:05:23.734 | INFO     | app.services.part2_extraction.extraction_service:extract_vessel_geometry:178 — [Part 2] Step 3 — OpenCV geometry analysis…
2026-10-05 12:05:24.342 | DEBUG    | app.services.part2_extraction.opencv_processor:process_geometry:117 — [OpenCV] Detected 286 line segments
2026-10-05 12:06:04.358 | DEBUG    | app.services.part2_extraction.opencv_processor:process_geometry:121 — [OpenCV] Detected 340 circles
2026-10-05 12:06:04.448 | DEBUG    | app.services.part2_extraction.opencv_processor:process_geometry:125 — [OpenCV] Detected 2 significant contours
2026-10-05 12:06:04.448 | INFO     | app.services.part2_extraction.opencv_processor:process_geometry:141 — [OpenCV] Scale estimated from bounding rect: 0.0747 px/mm
2026-10-05 12:06:04.459 | DEBUG    | app.services.part2_extraction.opencv_processor:_detect_vessel_zones:383 — [OpenCV-Zones] Found 2 breakpoints at rows: [53, 735]
2026-10-05 12:06:04.459 | INFO     | app.services.part2_extraction.opencv_processor:_detect_vessel_zones:427 — [OpenCV-Zones] Assembled 3 zones from 2 breakpoints
2026-10-05 12:06:04.474 | INFO     | app.services.part2_extraction.opencv_processor:process_geometry:150 — [OpenCV] Detected 3 vessel zones from profile contour
2026-10-05 12:06:04.474 | INFO     | app.services.part2_extraction.opencv_processor:process_geometry:155 — [OpenCV] Geometry processing complete.
2026-10-05 12:06:04.479 | INFO     | app.services.part2_extraction.geometry_assembler:assemble_vessel_geometry:61 — [Assembler] Assembling VesselGeometry from extraction results…
2026-10-05 12:06:04.490 | DEBUG    | app.services.part2_extraction.geometry_assembler:_assemble_shell:149 — [Assembler] Outer dia: 4884.35mm ('4884.35')
2026-10-05 12:06:04.490 | DEBUG    | app.services.part2_extraction.geometry_assembler:_assemble_shell:163 — [Assembler] Total length: 10000.0mm ('1OQQO')
2026-10-05 12:06:04.491 | DEBUG    | app.services.part2_extraction.geometry_assembler:_assemble_shell:169 — [Assembler] OpenCV circle dia estimate: 58420.0mm
2026-10-05 12:06:04.493 | INFO     | app.services.part2_extraction.geometry_assembler:_assemble_profile:261 — [Assembler] Profile from PDF paths: 8 segments
2026-10-05 12:06:04.495 | DEBUG    | app.services.part2_extraction.geometry_assembler:_assemble_nozzles:804 — [Assembler] Nozzles: 2
2026-10-05 12:06:04.496 | INFO     | app.services.part2_extraction.geometry_assembler:assemble_vessel_geometry:89 — [Assembler] Done — type=VesselType.UNKNOWN, conf=0.62, segments=8, method=pdf_paths
2026-10-05 12:06:04.511 | INFO     | app.services.part2_extraction.extraction_service:_save_output:248 — [Part 2] Output saved: data\outputs\b7e9c025-a17f-483d-a986-5aca5ce1bcd4\vessel_geometry.json
2026-10-05 12:06:04.903 | INFO     | app.services.part2_extraction.extraction_service:_save_output:294 — [Part 2] Excel output saved: data\outputs\b7e9c025-a17f-483d-a986-5aca5ce1bcd4\vessel_geometry.xlsx
2026-10-05 12:06:04.903 | INFO     | app.services.part2_extraction.extraction_service:extract_vessel_geometry:209 — [Part 2] Extraction complete — job_id=b7e9c025-a17f-483d-a986-5aca5ce1bcd4, elapsed=122.54s, confidence=0.62, segments=8, method=pdf_paths
2026-10-05 12:09:00.701 | INFO     | app.main:lifespan:43 — RefractoryAI API shutting down.
2026-10-05 12:09:03.798 | INFO     | app.core.logging_config:setup_logging:43 — Logging initialised — level=INFO, env=development
2026-10-05 12:09:03.800 | INFO     | app.main:lifespan:36 — ============================================================
2026-10-05 12:09:03.800 | INFO     | app.main:lifespan:37 —   RefractoryAI API  v0.1.0
2026-10-05 12:09:03.800 | INFO     | app.main:lifespan:38 —   Environment: development
2026-10-05 12:09:03.800 | INFO     | app.main:lifespan:39 —   Device: cpu
2026-10-05 12:09:03.800 | INFO     | app.main:lifespan:40 — ============================================================
2026-10-05 12:09:03.800 | INFO     | app.main:lifespan:41 — Warming up Grounding DINO model on first request (lazy load)...
2026-10-05 12:11:12.976 | INFO     | app.api.v1.routes_extraction:process_drawing:60 — [API] Full process request — file=input drawing _ naked shell.pdf
2026-10-05 12:11:12.978 | INFO     | app.services.part1_ingestion.ingestion_service:ingest_drawing:82 — [Part 1] Starting ingestion — job_id=0a8168ab-f159-4605-8e96-d49be612f5d6, file=input drawing _ naked shell.pdf
2026-10-05 12:11:12.984 | DEBUG    | app.services.part1_ingestion.ingestion_service:ingest_drawing:93 — [Part 1] Saved to data\outputs\0a8168ab-f159-4605-8e96-d49be612f5d6\input drawing _ naked shell.pdf (6078 bytes)
2026-10-05 12:11:12.987 | INFO     | app.services.part1_ingestion.drawing_validator:validate_upload:49 — Validation passed for 'input drawing _ naked shell.pdf'
2026-10-05 12:11:12.988 | INFO     | app.services.part1_ingestion.file_handler:detect_format:49 — Detected format: DrawingFormat.PDF for file: input drawing _ naked shell.pdf
2026-10-05 12:11:13.187 | DEBUG    | app.services.part1_ingestion.file_handler:_load_pdf:101 — Loading PDF via PyMuPDF: data\outputs\0a8168ab-f159-4605-8e96-d49be612f5d6\input drawing _ naked shell.pdf
2026-10-05 12:11:13.564 | DEBUG    | app.services.part1_ingestion.file_handler:_load_pdf:122 —   Page 1: shape=(9262, 6551, 3)
2026-10-05 12:11:13.606 | INFO     | app.services.part1_ingestion.file_handler:load_drawing:86 — Loaded drawing 'input drawing _ naked shell.pdf' — format=DrawingFormat.PDF, pages=1
2026-10-05 12:11:13.607 | INFO     | app.services.part1_ingestion.ingestion_service:ingest_drawing:117 — [Part 1] Ingestion complete — job_id=0a8168ab-f159-4605-8e96-d49be612f5d6, format=DrawingFormat.PDF, pages=1
2026-10-05 12:11:13.608 | INFO     | app.services.part2_extraction.extraction_service:extract_vessel_geometry:54 — [Part 2] Starting extraction — job_id=0a8168ab-f159-4605-8e96-d49be612f5d6, format=DrawingFormat.PDF, pages=1
2026-10-05 12:11:13.608 | INFO     | app.services.part2_extraction.extraction_service:extract_vessel_geometry:104 — [Part 2] Step 0b — PDF vector path extraction…
2026-10-05 12:11:14.019 | INFO     | app.utils.pdf_path_extractor:extract_pdf_path_profile:120 — [PDF-Paths] Found 816 path segments
2026-10-05 12:11:14.073 | INFO     | app.utils.pdf_path_extractor:extract_pdf_path_profile:147 — [PDF-Paths] Profile extracted: 197 pts, height=316.3mm, max_r=146.0mm
2026-10-05 12:11:14.078 | INFO     | app.services.part2_extraction.extraction_service:extract_vessel_geometry:111 — [Part 2] PDF path profile: 197 pts, h=316mm
2026-10-05 12:11:14.078 | INFO     | app.services.part2_extraction.extraction_service:extract_vessel_geometry:124 — [Part 2] Step 1 — Grounding DINO detection…
2026-10-05 12:11:14.080 | INFO     | app.services.part2_extraction.dino_detector:_get_model_and_processor:66 — [DINO] Loading model: IDEA-Research/grounding-dino-base on device=cpu
2026-10-05 12:11:25.693 | INFO     | app.services.part2_extraction.dino_detector:_get_model_and_processor:86 — [DINO] Model loaded and ready.
2026-10-05 12:11:25.978 | DEBUG    | app.services.part2_extraction.dino_detector:detect_drawing_elements:113 — [DINO] Running detection on image 6551x9262
2026-10-05 12:11:50.659 | DEBUG    | app.services.part2_extraction.dino_detector:detect_drawing_elements:151 — [DINO] Detected 'oxygen lance port' — conf=0.328 at [1437,2396,5810,6289]
2026-10-05 12:11:50.669 | DEBUG    | app.services.part2_extraction.dino_detector:detect_drawing_elements:151 — [DINO] Detected 'oxygen lance port' — conf=0.382 at [1057,2330,5844,6334]
2026-10-05 12:11:50.669 | DEBUG    | app.services.part2_extraction.dino_detector:detect_drawing_elements:151 — [DINO] Detected 'port' — conf=0.262 at [1436,2385,5823,6292]
2026-10-05 12:11:50.669 | DEBUG    | app.services.part2_extraction.dino_detector:detect_drawing_elements:151 — [DINO] Detected 'title block' — conf=0.294 at [1621,2386,2431,2552]
2026-10-05 12:11:50.669 | DEBUG    | app.services.part2_extraction.dino_detector:detect_drawing_elements:151 — [DINO] Detected 'front elevation view' — conf=0.284 at [43,48,6505,9199]
2026-10-05 12:11:50.669 | DEBUG    | app.services.part2_extraction.dino_detector:detect_drawing_elements:151 — [DINO] Detected 'title block' — conf=0.263 at [3546,2401,3849,2539]
2026-10-05 12:11:50.669 | DEBUG    | app.services.part2_extraction.dino_detector:detect_drawing_elements:151 — [DINO] Detected 'arrow annotation' — conf=0.307 at [4318,4939,4778,5133]
2026-10-05 12:11:50.669 | DEBUG    | app.services.part2_extraction.dino_detector:detect_drawing_elements:151 — [DINO] Detected 'front elevation' — conf=0.266 at [1051,2320,5849,6348]
2026-10-05 12:11:50.669 | INFO     | app.services.part2_extraction.dino_detector:detect_drawing_elements:156 — [DINO] Detection complete — 8 elements found (threshold=0.25)
2026-10-05 12:11:50.678 | INFO     | app.services.part2_extraction.extraction_service:extract_vessel_geometry:133 — [Part 2] Step 2 — Tesseract OCR extraction…
2026-10-05 12:11:50.678 | DEBUG    | app.services.part2_extraction.ocr_extractor:run_ocr:114 — [OCR] Base image 6551x9262, scaling by 1.0x for OCR
2026-10-05 12:11:51.409 | DEBUG    | app.services.part2_extraction.ocr_extractor:run_ocr:119 — [OCR] Running Tesseract on full image...
2026-10-05 12:12:06.772 | DEBUG    | app.services.part2_extraction.ocr_extractor:run_ocr:149 — [OCR] Full image — 20 unique text lines extracted
2026-10-05 12:12:09.202 | DEBUG    | app.services.part2_extraction.ocr_extractor:run_ocr:167 — [OCR] Region 'oxygen lance port' — 8 lines extracted
2026-10-05 12:12:11.927 | DEBUG    | app.services.part2_extraction.ocr_extractor:run_ocr:167 — [OCR] Region 'oxygen lance port' — 10 lines extracted
2026-10-05 12:12:14.279 | DEBUG    | app.services.part2_extraction.ocr_extractor:run_ocr:167 — [OCR] Region 'port' — 8 lines extracted
2026-10-05 12:12:14.429 | DEBUG    | app.services.part2_extraction.ocr_extractor:run_ocr:167 — [OCR] Region 'title block' — 1 lines extracted
2026-10-05 12:12:25.452 | DEBUG    | app.services.part2_extraction.ocr_extractor:run_ocr:167 — [OCR] Region 'front elevation view' — 11 lines extracted
2026-10-05 12:12:25.639 | DEBUG    | app.services.part2_extraction.ocr_extractor:run_ocr:167 — [OCR] Region 'title block' — 1 lines extracted
2026-10-05 12:12:25.758 | DEBUG    | app.services.part2_extraction.ocr_extractor:run_ocr:167 — [OCR] Region 'arrow annotation' — 1 lines extracted
2026-10-05 12:12:28.408 | DEBUG    | app.services.part2_extraction.ocr_extractor:run_ocr:167 — [OCR] Region 'front elevation' — 11 lines extracted
2026-10-05 12:12:28.408 | WARNING  | app.utils.unit_parser:parse_dimension:77 — Could not parse dimension from: '1Q000'
2026-10-05 12:12:28.408 | DEBUG    | app.utils.unit_parser:parse_dimension:72 — Parsed plain number (assumed mm): '929.8' → (929.8, 'mm')
2026-10-05 12:12:28.408 | DEBUG    | app.utils.unit_parser:parse_dimension:72 — Parsed plain number (assumed mm): '1965.2' → (1965.2, 'mm')
2026-10-05 12:12:28.408 | DEBUG    | app.utils.unit_parser:parse_dimension:72 — Parsed plain number (assumed mm): '4884.35' → (4884.35, 'mm')
2026-10-05 12:12:28.408 | DEBUG    | app.utils.unit_parser:parse_dimension:72 — Parsed plain number (assumed mm): '2415.7' → (2415.7, 'mm')
2026-10-05 12:12:28.408 | DEBUG    | app.utils.unit_parser:parse_dimension:72 — Parsed plain number (assumed mm): '150' → (150.0, 'mm')
2026-10-05 12:12:28.408 | WARNING  | app.utils.unit_parser:parse_dimension:77 — Could not parse dimension from: '|'
2026-10-05 12:12:28.408 | WARNING  | app.utils.unit_parser:parse_dimension:77 — Could not parse dimension from: 'Key'
2026-10-05 12:12:28.408 | DEBUG    | app.utils.unit_parser:parse_dimension:72 — Parsed plain number (assumed mm): '100' → (100.0, 'mm')
2026-10-05 12:12:28.408 | DEBUG    | app.utils.unit_parser:parse_dimension:72 — Parsed plain number (assumed mm): '229.8' → (229.8, 'mm')
2026-10-05 12:12:28.408 | DEBUG    | app.utils.unit_parser:parse_dimension:72 — Parsed plain number (assumed mm): '1969.2' → (1969.2, 'mm')
2026-10-05 12:12:28.408 | DEBUG    | app.utils.unit_parser:parse_dimension:72 — Parsed plain number (assumed mm): '4384.5' → (4384.5, 'mm')
2026-10-05 12:12:28.408 | DEBUG    | app.utils.unit_parser:parse_dimension:72 — Parsed plain number (assumed mm): '2415.7' → (2415.7, 'mm')
2026-10-05 12:12:28.408 | WARNING  | app.utils.unit_parser:parse_dimension:77 — Could not parse dimension from: '\'
2026-10-05 12:12:28.408 | WARNING  | app.utils.unit_parser:parse_dimension:77 — Could not parse dimension from: 'a'
2026-10-05 12:12:28.408 | WARNING  | app.utils.unit_parser:parse_dimension:77 — Could not parse dimension from: '8f'
2026-10-05 12:12:28.408 | DEBUG    | app.utils.unit_parser:parse_dimension:72 — Parsed plain number (assumed mm): '0' → (0.0, 'mm')
2026-10-05 12:12:28.408 | DEBUG    | app.utils.unit_parser:parse_dimension:72 — Parsed plain number (assumed mm): '1' → (1.0, 'mm')
2026-10-05 12:12:28.408 | DEBUG    | app.utils.unit_parser:parse_dimension:72 — Parsed plain number (assumed mm): '7' → (7.0, 'mm')
2026-10-05 12:12:28.408 | DEBUG    | app.utils.unit_parser:parse_dimension:72 — Parsed plain number (assumed mm): '01' → (1.0, 'mm')
2026-10-05 12:12:28.408 | WARNING  | app.utils.unit_parser:parse_dimension:77 — Could not parse dimension from: '929.8 1965.7 4384.35 2415.7'
2026-10-05 12:12:28.408 | DEBUG    | app.utils.unit_parser:parse_dimension:72 — Parsed plain number (assumed mm): '929.8' → (929.8, 'mm')
2026-10-05 12:12:28.408 | DEBUG    | app.utils.unit_parser:parse_dimension:72 — Parsed plain number (assumed mm): '1965.7' → (1965.7, 'mm')
2026-10-05 12:12:28.408 | DEBUG    | app.utils.unit_parser:parse_dimension:72 — Parsed plain number (assumed mm): '4384.35' → (4384.35, 'mm')
2026-10-05 12:12:28.408 | DEBUG    | app.utils.unit_parser:parse_dimension:72 — Parsed plain number (assumed mm): '2415.7' → (2415.7, 'mm')
2026-10-05 12:12:28.408 | WARNING  | app.utils.unit_parser:parse_dimension:77 — Could not parse dimension from: '|'
2026-10-05 12:12:28.408 | WARNING  | app.utils.unit_parser:parse_dimension:77 — Could not parse dimension from: 'Key'
2026-10-05 12:12:28.408 | WARNING  | app.utils.unit_parser:parse_dimension:77 — Could not parse dimension from: '| .'
2026-10-05 12:12:28.408 | WARNING  | app.utils.unit_parser:parse_dimension:77 — Could not parse dimension from: '|'
2026-10-05 12:12:28.408 | WARNING  | app.utils.unit_parser:parse_dimension:77 — Could not parse dimension from: '.'
2026-10-05 12:12:28.408 | WARNING  | app.utils.unit_parser:parse_dimension:77 — Could not parse dimension from: '=)'
2026-10-05 12:12:28.408 | WARNING  | app.utils.unit_parser:parse_dimension:77 — Could not parse dimension from: '\ } y'
2026-10-05 12:12:28.408 | WARNING  | app.utils.unit_parser:parse_dimension:77 — Could not parse dimension from: '\'
2026-10-05 12:12:28.408 | WARNING  | app.utils.unit_parser:parse_dimension:77 — Could not parse dimension from: '}'
2026-10-05 12:12:28.408 | WARNING  | app.utils.unit_parser:parse_dimension:77 — Could not parse dimension from: 'y'
2026-10-05 12:12:28.408 | WARNING  | app.utils.unit_parser:parse_dimension:77 — Could not parse dimension from: 'Le'
2026-10-05 12:12:28.408 | WARNING  | app.utils.unit_parser:parse_dimension:77 — Could not parse dimension from: 'Ma'
2026-10-05 12:12:28.408 | WARNING  | app.utils.unit_parser:parse_dimension:77 — Could not parse dimension from: '529.8 1969.2 4804.5 2419.7'
2026-10-05 12:12:28.408 | DEBUG    | app.utils.unit_parser:parse_dimension:72 — Parsed plain number (assumed mm): '529.8' → (529.8, 'mm')
2026-10-05 12:12:28.408 | DEBUG    | app.utils.unit_parser:parse_dimension:72 — Parsed plain number (assumed mm): '1969.2' → (1969.2, 'mm')
2026-10-05 12:12:28.408 | DEBUG    | app.utils.unit_parser:parse_dimension:72 — Parsed plain number (assumed mm): '4804.5' → (4804.5, 'mm')
2026-10-05 12:12:28.408 | DEBUG    | app.utils.unit_parser:parse_dimension:72 — Parsed plain number (assumed mm): '2419.7' → (2419.7, 'mm')
2026-10-05 12:12:28.408 | WARNING  | app.utils.unit_parser:parse_dimension:77 — Could not parse dimension from: '|'
2026-10-05 12:12:28.423 | WARNING  | app.utils.unit_parser:parse_dimension:77 — Could not parse dimension from: '1 8 |'
2026-10-05 12:12:28.423 | DEBUG    | app.utils.unit_parser:parse_dimension:72 — Parsed plain number (assumed mm): '1' → (1.0, 'mm')
2026-10-05 12:12:28.423 | DEBUG    | app.utils.unit_parser:parse_dimension:72 — Parsed plain number (assumed mm): '8' → (8.0, 'mm')
2026-10-05 12:12:28.423 | WARNING  | app.utils.unit_parser:parse_dimension:77 — Could not parse dimension from: '|'
2026-10-05 12:12:28.423 | WARNING  | app.utils.unit_parser:parse_dimension:77 — Could not parse dimension from: 'SO'
2026-10-05 12:12:28.423 | WARNING  | app.utils.unit_parser:parse_dimension:77 — Could not parse dimension from: '4 C0 Key'
2026-10-05 12:12:28.423 | DEBUG    | app.utils.unit_parser:parse_dimension:72 — Parsed plain number (assumed mm): '4' → (4.0, 'mm')
2026-10-05 12:12:28.423 | WARNING  | app.utils.unit_parser:parse_dimension:77 — Could not parse dimension from: 'CO'
2026-10-05 12:12:28.423 | WARNING  | app.utils.unit_parser:parse_dimension:77 — Could not parse dimension from: 'Key'
2026-10-05 12:12:28.423 | WARNING  | app.utils.unit_parser:parse_dimension:77 — Could not parse dimension from: 'iN'
2026-10-05 12:12:28.423 | WARNING  | app.utils.unit_parser:parse_dimension:77 — Could not parse dimension from: 'CO'
2026-10-05 12:12:28.423 | WARNING  | app.utils.unit_parser:parse_dimension:77 — Could not parse dimension from: '\ -O |'
2026-10-05 12:12:28.423 | WARNING  | app.utils.unit_parser:parse_dimension:77 — Could not parse dimension from: '\'
2026-10-05 12:12:28.423 | WARNING  | app.utils.unit_parser:parse_dimension:77 — Could not parse dimension from: '-O'
2026-10-05 12:12:28.423 | WARNING  | app.utils.unit_parser:parse_dimension:77 — Could not parse dimension from: '|'
2026-10-05 12:12:28.423 | WARNING  | app.utils.unit_parser:parse_dimension:77 — Could not parse dimension from: '_'
2026-10-05 12:12:28.423 | WARNING  | app.utils.unit_parser:parse_dimension:77 — Could not parse dimension from: '_\'
2026-10-05 12:12:28.423 | WARNING  | app.utils.unit_parser:parse_dimension:77 — Could not parse dimension from: '929.8 1965.7 4384.35 2415.7'
2026-10-05 12:12:28.423 | DEBUG    | app.utils.unit_parser:parse_dimension:72 — Parsed plain number (assumed mm): '929.8' → (929.8, 'mm')
2026-10-05 12:12:28.423 | DEBUG    | app.utils.unit_parser:parse_dimension:72 — Parsed plain number (assumed mm): '1965.7' → (1965.7, 'mm')
2026-10-05 12:12:28.423 | DEBUG    | app.utils.unit_parser:parse_dimension:72 — Parsed plain number (assumed mm): '4384.35' → (4384.35, 'mm')
2026-10-05 12:12:28.423 | DEBUG    | app.utils.unit_parser:parse_dimension:72 — Parsed plain number (assumed mm): '2415.7' → (2415.7, 'mm')
2026-10-05 12:12:28.423 | WARNING  | app.utils.unit_parser:parse_dimension:77 — Could not parse dimension from: '|'
2026-10-05 12:12:28.423 | WARNING  | app.utils.unit_parser:parse_dimension:77 — Could not parse dimension from: 'Key'
2026-10-05 12:12:28.423 | WARNING  | app.utils.unit_parser:parse_dimension:77 — Could not parse dimension from: '| .'
2026-10-05 12:12:28.423 | WARNING  | app.utils.unit_parser:parse_dimension:77 — Could not parse dimension from: '|'
2026-10-05 12:12:28.423 | WARNING  | app.utils.unit_parser:parse_dimension:77 — Could not parse dimension from: '.'
2026-10-05 12:12:28.423 | WARNING  | app.utils.unit_parser:parse_dimension:77 — Could not parse dimension from: '=)'
2026-10-05 12:12:28.423 | WARNING  | app.utils.unit_parser:parse_dimension:77 — Could not parse dimension from: '\ } y'
2026-10-05 12:12:28.423 | WARNING  | app.utils.unit_parser:parse_dimension:77 — Could not parse dimension from: '\'
2026-10-05 12:12:28.423 | WARNING  | app.utils.unit_parser:parse_dimension:77 — Could not parse dimension from: '}'
2026-10-05 12:12:28.423 | WARNING  | app.utils.unit_parser:parse_dimension:77 — Could not parse dimension from: 'y'
2026-10-05 12:12:28.423 | WARNING  | app.utils.unit_parser:parse_dimension:77 — Could not parse dimension from: 'Le'
2026-10-05 12:12:28.423 | WARNING  | app.utils.unit_parser:parse_dimension:77 — Could not parse dimension from: 'Ma'
2026-10-05 12:12:28.423 | WARNING  | app.utils.unit_parser:parse_dimension:77 — Could not parse dimension from: '929.8 1969.2'
2026-10-05 12:12:28.423 | DEBUG    | app.utils.unit_parser:parse_dimension:72 — Parsed plain number (assumed mm): '929.8' → (929.8, 'mm')
2026-10-05 12:12:28.423 | DEBUG    | app.utils.unit_parser:parse_dimension:72 — Parsed plain number (assumed mm): '1969.2' → (1969.2, 'mm')
2026-10-05 12:12:28.423 | DEBUG    | app.utils.unit_parser:parse_dimension:72 — Parsed plain number (assumed mm): '10000' → (10000.0, 'mm')
2026-10-05 12:12:28.423 | WARNING  | app.utils.unit_parser:parse_dimension:77 — Could not parse dimension from: '929.0 1969.2 4334.35 2415./ 190'
2026-10-05 12:12:28.423 | DEBUG    | app.utils.unit_parser:parse_dimension:72 — Parsed plain number (assumed mm): '929.0' → (929.0, 'mm')
2026-10-05 12:12:28.423 | DEBUG    | app.utils.unit_parser:parse_dimension:72 — Parsed plain number (assumed mm): '1969.2' → (1969.2, 'mm')
2026-10-05 12:12:28.423 | DEBUG    | app.utils.unit_parser:parse_dimension:72 — Parsed plain number (assumed mm): '4334.35' → (4334.35, 'mm')
2026-10-05 12:12:28.423 | DEBUG    | app.utils.unit_parser:parse_dimension:72 — Parsed plain number (assumed mm): '2415.7' → (2415.7, 'mm')
2026-10-05 12:12:28.423 | DEBUG    | app.utils.unit_parser:parse_dimension:72 — Parsed plain number (assumed mm): '190' → (190.0, 'mm')
2026-10-05 12:12:28.423 | WARNING  | app.utils.unit_parser:parse_dimension:77 — Could not parse dimension from: '|'
2026-10-05 12:12:28.423 | WARNING  | app.utils.unit_parser:parse_dimension:77 — Could not parse dimension from: '2 8'
2026-10-05 12:12:28.423 | DEBUG    | app.utils.unit_parser:parse_dimension:72 — Parsed plain number (assumed mm): '2' → (2.0, 'mm')
2026-10-05 12:12:28.423 | DEBUG    | app.utils.unit_parser:parse_dimension:72 — Parsed plain number (assumed mm): '8' → (8.0, 'mm')
2026-10-05 12:12:28.423 | WARNING  | app.utils.unit_parser:parse_dimension:77 — Could not parse dimension from: 'Ol'
2026-10-05 12:12:28.436 | WARNING  | app.utils.unit_parser:parse_dimension:77 — Could not parse dimension from: 'wd CO Key'
2026-10-05 12:12:28.436 | WARNING  | app.utils.unit_parser:parse_dimension:77 — Could not parse dimension from: 'wd'
2026-10-05 12:12:28.436 | WARNING  | app.utils.unit_parser:parse_dimension:77 — Could not parse dimension from: 'CO'
2026-10-05 12:12:28.436 | WARNING  | app.utils.unit_parser:parse_dimension:77 — Could not parse dimension from: 'Key'
2026-10-05 12:12:28.436 | WARNING  | app.utils.unit_parser:parse_dimension:77 — Could not parse dimension from: 'iN'
2026-10-05 12:12:28.436 | WARNING  | app.utils.unit_parser:parse_dimension:77 — Could not parse dimension from: 'CO'
2026-10-05 12:12:28.438 | WARNING  | app.utils.unit_parser:parse_dimension:77 — Could not parse dimension from: '\ -O |'
2026-10-05 12:12:28.438 | WARNING  | app.utils.unit_parser:parse_dimension:77 — Could not parse dimension from: '\'
2026-10-05 12:12:28.438 | WARNING  | app.utils.unit_parser:parse_dimension:77 — Could not parse dimension from: '-O'
2026-10-05 12:12:28.438 | WARNING  | app.utils.unit_parser:parse_dimension:77 — Could not parse dimension from: '|'
2026-10-05 12:12:28.438 | WARNING  | app.utils.unit_parser:parse_dimension:77 — Could not parse dimension from: '_'
2026-10-05 12:12:28.440 | WARNING  | app.utils.unit_parser:parse_dimension:77 — Could not parse dimension from: 'i'
2026-10-05 12:12:28.440 | DEBUG    | app.utils.unit_parser:parse_dimension:72 — Parsed plain number (assumed mm): '4384.5' → (4384.5, 'mm')
2026-10-05 12:12:28.440 | WARNING  | app.utils.unit_parser:parse_dimension:77 — Could not parse dimension from: '0 |'
2026-10-05 12:12:28.440 | DEBUG    | app.utils.unit_parser:parse_dimension:72 — Parsed plain number (assumed mm): '0' → (0.0, 'mm')
2026-10-05 12:12:28.440 | WARNING  | app.utils.unit_parser:parse_dimension:77 — Could not parse dimension from: '|'
2026-10-05 12:12:28.440 | WARNING  | app.utils.unit_parser:parse_dimension:77 — Could not parse dimension from: 'LUUUY'
2026-10-05 12:12:28.440 | WARNING  | app.utils.unit_parser:parse_dimension:77 — Could not parse dimension from: '529.8 1965.2 4884.35 2415.7'
2026-10-05 12:12:28.440 | DEBUG    | app.utils.unit_parser:parse_dimension:72 — Parsed plain number (assumed mm): '529.8' → (529.8, 'mm')
2026-10-05 12:12:28.442 | DEBUG    | app.utils.unit_parser:parse_dimension:72 — Parsed plain number (assumed mm): '1965.2' → (1965.2, 'mm')
2026-10-05 12:12:28.442 | DEBUG    | app.utils.unit_parser:parse_dimension:72 — Parsed plain number (assumed mm): '4884.35' → (4884.35, 'mm')
2026-10-05 12:12:28.442 | DEBUG    | app.utils.unit_parser:parse_dimension:72 — Parsed plain number (assumed mm): '2415.7' → (2415.7, 'mm')
2026-10-05 12:12:28.442 | WARNING  | app.utils.unit_parser:parse_dimension:77 — Could not parse dimension from: '|'
2026-10-05 12:12:28.442 | WARNING  | app.utils.unit_parser:parse_dimension:77 — Could not parse dimension from: '3 8'
2026-10-05 12:12:28.442 | DEBUG    | app.utils.unit_parser:parse_dimension:72 — Parsed plain number (assumed mm): '3' → (3.0, 'mm')
2026-10-05 12:12:28.442 | DEBUG    | app.utils.unit_parser:parse_dimension:72 — Parsed plain number (assumed mm): '8' → (8.0, 'mm')
2026-10-05 12:12:28.442 | WARNING  | app.utils.unit_parser:parse_dimension:77 — Could not parse dimension from: 'Ol'
2026-10-05 12:12:28.442 | WARNING  | app.utils.unit_parser:parse_dimension:77 — Could not parse dimension from: 'J © Key'
2026-10-05 12:12:28.442 | WARNING  | app.utils.unit_parser:parse_dimension:77 — Could not parse dimension from: 'J'
2026-10-05 12:12:28.442 | WARNING  | app.utils.unit_parser:parse_dimension:77 — Could not parse dimension from: '©'
2026-10-05 12:12:28.442 | WARNING  | app.utils.unit_parser:parse_dimension:77 — Could not parse dimension from: 'Key'
2026-10-05 12:12:28.442 | WARNING  | app.utils.unit_parser:parse_dimension:77 — Could not parse dimension from: 'IN'
2026-10-05 12:12:28.447 | WARNING  | app.utils.unit_parser:parse_dimension:77 — Could not parse dimension from: 'CO'
2026-10-05 12:12:28.447 | WARNING  | app.utils.unit_parser:parse_dimension:77 — Could not parse dimension from: '\ -O |'
2026-10-05 12:12:28.447 | WARNING  | app.utils.unit_parser:parse_dimension:77 — Could not parse dimension from: '\'
2026-10-05 12:12:28.448 | WARNING  | app.utils.unit_parser:parse_dimension:77 — Could not parse dimension from: '-O'
2026-10-05 12:12:28.448 | WARNING  | app.utils.unit_parser:parse_dimension:77 — Could not parse dimension from: '|'
2026-10-05 12:12:28.448 | WARNING  | app.utils.unit_parser:parse_dimension:77 — Could not parse dimension from: '__'
2026-10-05 12:12:28.448 | WARNING  | app.utils.unit_parser:parse_dimension:77 — Could not parse dimension from: 'a'
2026-10-05 12:12:28.450 | INFO     | app.services.part2_extraction.ocr_extractor:run_ocr:174 — [OCR] Complete — raw_lines=71, dimensions=47, vessel_type=unknown
2026-10-05 12:12:28.494 | INFO     | app.services.part2_extraction.extraction_service:extract_vessel_geometry:143 — [Part 2] Step 2b — PDF embedded text extraction (pdfplumber)…
2026-10-05 12:12:28.601 | DEBUG    | app.utils.pdf_text_extractor:extract_pdf_text:59 — [PDF-Text] Page 1: 0 words extracted
2026-10-05 12:12:28.603 | INFO     | app.utils.pdf_text_extractor:extract_pdf_text:84 — [PDF-Text] Extracted 0 unique text items from PDF
2026-10-05 12:12:28.604 | INFO     | app.services.part2_extraction.extraction_service:extract_vessel_geometry:164 — [Part 2] pdfplumber found no text (rasterised PDF)
2026-10-05 12:12:28.604 | INFO     | app.services.part2_extraction.extraction_service:extract_vessel_geometry:168 — [Part 2] Step 2c — PDF positioned dimension extraction…
2026-10-05 12:12:28.668 | INFO     | app.utils.pdf_text_extractor:extract_segment_dimensions:180 — [PDF-Segments] Extracted 0 positioned dimensions
2026-10-05 12:12:28.668 | INFO     | app.services.part2_extraction.extraction_service:extract_vessel_geometry:171 — [Part 2] Positioned dims: 0
2026-10-05 12:12:28.671 | INFO     | app.services.part2_extraction.extraction_service:extract_vessel_geometry:178 — [Part 2] Step 3 — OpenCV geometry analysis…
2026-10-05 12:12:29.126 | DEBUG    | app.services.part2_extraction.opencv_processor:process_geometry:117 — [OpenCV] Detected 286 line segments
2026-10-05 12:13:08.089 | DEBUG    | app.services.part2_extraction.opencv_processor:process_geometry:121 — [OpenCV] Detected 340 circles
2026-10-05 12:13:08.202 | DEBUG    | app.services.part2_extraction.opencv_processor:process_geometry:125 — [OpenCV] Detected 2 significant contours
2026-10-05 12:13:08.203 | INFO     | app.services.part2_extraction.opencv_processor:process_geometry:141 — [OpenCV] Scale estimated from bounding rect: 0.0747 px/mm
2026-10-05 12:13:08.226 | DEBUG    | app.services.part2_extraction.opencv_processor:_detect_vessel_zones:383 — [OpenCV-Zones] Found 2 breakpoints at rows: [53, 735]
2026-10-05 12:13:08.226 | INFO     | app.services.part2_extraction.opencv_processor:_detect_vessel_zones:427 — [OpenCV-Zones] Assembled 3 zones from 2 breakpoints
2026-10-05 12:13:08.226 | INFO     | app.services.part2_extraction.opencv_processor:process_geometry:150 — [OpenCV] Detected 3 vessel zones from profile contour
2026-10-05 12:13:08.226 | INFO     | app.services.part2_extraction.opencv_processor:process_geometry:155 — [OpenCV] Geometry processing complete.
2026-10-05 12:13:08.240 | INFO     | app.services.part2_extraction.geometry_assembler:assemble_vessel_geometry:61 — [Assembler] Assembling VesselGeometry from extraction results…
2026-10-05 12:13:08.258 | DEBUG    | app.services.part2_extraction.geometry_assembler:_assemble_shell:165 — [Assembler] Total length: 10000.0mm ('1OQQO')
2026-10-05 12:13:08.258 | DEBUG    | app.services.part2_extraction.geometry_assembler:_assemble_shell:171 — [Assembler] OpenCV circle dia estimate: 58420.0mm
2026-10-05 12:13:08.264 | INFO     | app.services.part2_extraction.geometry_assembler:_assemble_profile:263 — [Assembler] Profile from PDF paths: 8 segments
2026-10-05 12:13:08.266 | DEBUG    | app.services.part2_extraction.geometry_assembler:_assemble_nozzles:806 — [Assembler] Nozzles: 2
2026-10-05 12:13:08.271 | INFO     | app.services.part2_extraction.geometry_assembler:assemble_vessel_geometry:89 — [Assembler] Done — type=VesselType.UNKNOWN, conf=0.52, segments=8, method=pdf_paths
2026-10-05 12:13:08.291 | INFO     | app.services.part2_extraction.extraction_service:_save_output:248 — [Part 2] Output saved: data\outputs\0a8168ab-f159-4605-8e96-d49be612f5d6\vessel_geometry.json
2026-10-05 12:13:09.071 | INFO     | app.services.part2_extraction.extraction_service:_save_output:294 — [Part 2] Excel output saved: data\outputs\0a8168ab-f159-4605-8e96-d49be612f5d6\vessel_geometry.xlsx
2026-10-05 12:13:09.071 | INFO     | app.services.part2_extraction.extraction_service:extract_vessel_geometry:209 — [Part 2] Extraction complete — job_id=0a8168ab-f159-4605-8e96-d49be612f5d6, elapsed=115.47s, confidence=0.52, segments=8, method=pdf_paths
2026-10-05 12:13:09.201 | INFO     | app.main:lifespan:43 — RefractoryAI API shutting down.
2026-10-05 12:13:12.504 | INFO     | app.core.logging_config:setup_logging:43 — Logging initialised — level=INFO, env=development
2026-10-05 12:13:12.504 | INFO     | app.main:lifespan:36 — ============================================================
2026-10-05 12:13:12.504 | INFO     | app.main:lifespan:37 —   RefractoryAI API  v0.1.0
2026-10-05 12:13:12.508 | INFO     | app.main:lifespan:38 —   Environment: development
2026-10-05 12:13:12.508 | INFO     | app.main:lifespan:39 —   Device: cpu
2026-10-05 12:13:12.508 | INFO     | app.main:lifespan:40 — ============================================================
2026-10-05 12:13:12.508 | INFO     | app.main:lifespan:41 — Warming up Grounding DINO model on first request (lazy load)...
2026-10-05 12:18:11.421 | INFO     | app.main:lifespan:43 — RefractoryAI API shutting down.
2026-10-05 12:18:12.782 | INFO     | app.core.logging_config:setup_logging:43 — Logging initialised — level=INFO, env=development
2026-10-05 12:18:12.782 | INFO     | app.main:lifespan:36 — ============================================================
2026-10-05 12:18:12.783 | INFO     | app.main:lifespan:37 —   RefractoryAI API  v0.1.0
2026-10-05 12:18:12.783 | INFO     | app.main:lifespan:38 —   Environment: development
2026-10-05 12:18:12.783 | INFO     | app.main:lifespan:39 —   Device: cpu
2026-10-05 12:18:12.784 | INFO     | app.main:lifespan:40 — ============================================================
2026-10-05 12:18:12.784 | INFO     | app.main:lifespan:41 — Warming up Grounding DINO model on first request (lazy load)...
2026-10-05 12:22:36.406 | INFO     | app.main:lifespan:43 — RefractoryAI API shutting down.
2026-10-05 12:22:38.129 | INFO     | app.core.logging_config:setup_logging:43 — Logging initialised — level=INFO, env=development
2026-10-05 12:22:38.129 | INFO     | app.main:lifespan:36 — ============================================================
2026-10-05 12:22:38.129 | INFO     | app.main:lifespan:37 —   RefractoryAI API  v0.1.0
2026-10-05 12:22:38.129 | INFO     | app.main:lifespan:38 —   Environment: development
2026-10-05 12:22:38.129 | INFO     | app.main:lifespan:39 —   Device: cpu
2026-10-05 12:22:38.129 | INFO     | app.main:lifespan:40 — ============================================================
2026-10-05 12:22:38.129 | INFO     | app.main:lifespan:41 — Warming up Grounding DINO model on first request (lazy load)...
2026-10-05 12:32:02.343 | INFO     | app.main:lifespan:43 — RefractoryAI API shutting down.
2026-10-05 12:32:06.973 | INFO     | app.core.logging_config:setup_logging:43 — Logging initialised — level=INFO, env=development
2026-10-05 12:32:06.974 | INFO     | app.main:lifespan:36 — ============================================================
2026-10-05 12:32:06.974 | INFO     | app.main:lifespan:37 —   RefractoryAI API  v0.1.0
2026-10-05 12:32:06.974 | INFO     | app.main:lifespan:38 —   Environment: development
2026-10-05 12:32:06.974 | INFO     | app.main:lifespan:39 —   Device: cpu
2026-10-05 12:32:06.974 | INFO     | app.main:lifespan:40 — ============================================================
2026-10-05 12:32:06.977 | INFO     | app.main:lifespan:41 — Warming up Grounding DINO model on first request (lazy load)...
2026-10-05 12:32:44.225 | INFO     | app.main:lifespan:43 — RefractoryAI API shutting down.
2026-10-05 12:53:48.049 | INFO     | app.core.logging_config:setup_logging:43 — Logging initialised — level=INFO, env=development
2026-10-05 12:53:48.050 | INFO     | app.main:lifespan:36 — ============================================================
2026-10-05 12:53:48.050 | INFO     | app.main:lifespan:37 —   RefractoryAI API  v0.1.0
2026-10-05 12:53:48.050 | INFO     | app.main:lifespan:38 —   Environment: development
2026-10-05 12:53:48.050 | INFO     | app.main:lifespan:39 —   Device: cpu
2026-10-05 12:53:48.050 | INFO     | app.main:lifespan:40 — ============================================================
2026-10-05 12:53:48.051 | INFO     | app.main:lifespan:41 — Warming up Grounding DINO model on first request (lazy load)...
2026-10-05 12:54:30.047 | INFO     | app.api.v1.routes_extraction:process_drawing:60 — [API] Full process request — file=input drawing _ naked shell.pdf
2026-10-05 12:54:30.050 | INFO     | app.services.part1_ingestion.ingestion_service:ingest_drawing:82 — [Part 1] Starting ingestion — job_id=c7a9469b-eb8b-47fb-bd25-73785991d7bf, file=input drawing _ naked shell.pdf
2026-10-05 12:54:30.053 | DEBUG    | app.services.part1_ingestion.ingestion_service:ingest_drawing:93 — [Part 1] Saved to data\outputs\c7a9469b-eb8b-47fb-bd25-73785991d7bf\input drawing _ naked shell.pdf (6078 bytes)
2026-10-05 12:54:30.055 | INFO     | app.services.part1_ingestion.drawing_validator:validate_upload:49 — Validation passed for 'input drawing _ naked shell.pdf'
2026-10-05 12:54:30.056 | INFO     | app.services.part1_ingestion.file_handler:detect_format:49 — Detected format: DrawingFormat.PDF for file: input drawing _ naked shell.pdf
2026-10-05 12:54:30.289 | DEBUG    | app.services.part1_ingestion.file_handler:_load_pdf:101 — Loading PDF via PyMuPDF: data\outputs\c7a9469b-eb8b-47fb-bd25-73785991d7bf\input drawing _ naked shell.pdf
2026-10-05 12:54:30.633 | DEBUG    | app.services.part1_ingestion.file_handler:_load_pdf:122 —   Page 1: shape=(9262, 6551, 3)
2026-10-05 12:54:30.658 | INFO     | app.services.part1_ingestion.file_handler:load_drawing:86 — Loaded drawing 'input drawing _ naked shell.pdf' — format=DrawingFormat.PDF, pages=1
2026-10-05 12:54:30.660 | INFO     | app.services.part1_ingestion.ingestion_service:ingest_drawing:117 — [Part 1] Ingestion complete — job_id=c7a9469b-eb8b-47fb-bd25-73785991d7bf, format=DrawingFormat.PDF, pages=1
2026-10-05 12:54:30.661 | INFO     | app.services.part2_extraction.extraction_service:extract_vessel_geometry:54 — [Part 2] Starting extraction — job_id=c7a9469b-eb8b-47fb-bd25-73785991d7bf, format=DrawingFormat.PDF, pages=1
2026-10-05 12:54:30.661 | INFO     | app.services.part2_extraction.extraction_service:extract_vessel_geometry:62 — [Part 2] Step 1 — Grounding DINO detection…
2026-10-05 12:54:30.661 | INFO     | app.services.part2_extraction.dino_detector:_get_model_and_processor:66 — [DINO] Loading model: IDEA-Research/grounding-dino-base on device=cpu
2026-10-05 12:54:43.352 | INFO     | app.services.part2_extraction.dino_detector:_get_model_and_processor:86 — [DINO] Model loaded and ready.
2026-10-05 12:54:43.699 | DEBUG    | app.services.part2_extraction.dino_detector:detect_drawing_elements:113 — [DINO] Running detection on image 6551x9262
2026-10-05 12:55:05.957 | DEBUG    | app.services.part2_extraction.dino_detector:detect_drawing_elements:151 — [DINO] Detected 'oxygen lance port' — conf=0.328 at [1437,2396,5810,6289]
2026-10-05 12:55:05.964 | DEBUG    | app.services.part2_extraction.dino_detector:detect_drawing_elements:151 — [DINO] Detected 'oxygen lance port' — conf=0.382 at [1057,2330,5844,6334]
2026-10-05 12:55:05.964 | DEBUG    | app.services.part2_extraction.dino_detector:detect_drawing_elements:151 — [DINO] Detected 'port' — conf=0.262 at [1436,2385,5823,6292]
2026-10-05 12:55:05.964 | DEBUG    | app.services.part2_extraction.dino_detector:detect_drawing_elements:151 — [DINO] Detected 'title block' — conf=0.294 at [1621,2386,2431,2552]
2026-10-05 12:55:05.964 | DEBUG    | app.services.part2_extraction.dino_detector:detect_drawing_elements:151 — [DINO] Detected 'front elevation view' — conf=0.284 at [43,48,6505,9199]
2026-10-05 12:55:05.964 | DEBUG    | app.services.part2_extraction.dino_detector:detect_drawing_elements:151 — [DINO] Detected 'title block' — conf=0.263 at [3546,2401,3849,2539]
2026-10-05 12:55:05.964 | DEBUG    | app.services.part2_extraction.dino_detector:detect_drawing_elements:151 — [DINO] Detected 'arrow annotation' — conf=0.307 at [4318,4939,4778,5133]
2026-10-05 12:55:05.964 | DEBUG    | app.services.part2_extraction.dino_detector:detect_drawing_elements:151 — [DINO] Detected 'front elevation' — conf=0.266 at [1051,2320,5849,6348]
2026-10-05 12:55:05.966 | INFO     | app.services.part2_extraction.dino_detector:detect_drawing_elements:156 — [DINO] Detection complete — 8 elements found (threshold=0.25)
2026-10-05 12:55:05.974 | INFO     | app.services.part2_extraction.extraction_service:extract_vessel_geometry:71 — [Part 2] Step 2 — DocTR OCR extraction…
2026-10-05 12:55:06.092 | DEBUG    | app.services.part2_extraction.ocr_extractor:run_ocr:105 — [OCR] Running DocTR on full image...
2026-10-05 12:55:09.334 | DEBUG    | app.services.part2_extraction.ocr_extractor:run_ocr:129 — [OCR] Full image — 9 unique text blocks extracted via DocTR
2026-10-05 12:55:09.334 | DEBUG    | app.services.part2_extraction.ocr_extractor:run_ocr:134 — [OCR] Skipping regional DINO OCR, DocTR handles full image.
2026-10-05 12:55:09.334 | DEBUG    | app.utils.unit_parser:parse_dimension:72 — Parsed plain number (assumed mm): '10000' → (10000.0, 'mm')
2026-10-05 12:55:09.334 | DEBUG    | app.utils.unit_parser:parse_dimension:72 — Parsed plain number (assumed mm): '529.' → (529.0, 'mm')
2026-10-05 12:55:09.334 | DEBUG    | app.utils.unit_parser:parse_dimension:72 — Parsed plain number (assumed mm): '1965.2' → (1965.2, 'mm')
2026-10-05 12:55:09.334 | DEBUG    | app.utils.unit_parser:parse_dimension:72 — Parsed plain number (assumed mm): '4884.3' → (4884.3, 'mm')
2026-10-05 12:55:09.334 | DEBUG    | app.utils.unit_parser:parse_dimension:72 — Parsed plain number (assumed mm): '2415.' → (2415.0, 'mm')
2026-10-05 12:55:09.336 | DEBUG    | app.utils.unit_parser:parse_dimension:72 — Parsed plain number (assumed mm): '150' → (150.0, 'mm')
2026-10-05 12:55:09.336 | WARNING  | app.utils.unit_parser:parse_dimension:77 — Could not parse dimension from: 'U'
2026-10-05 12:55:09.336 | WARNING  | app.utils.unit_parser:parse_dimension:77 — Could not parse dimension from: '-'
2026-10-05 12:55:09.336 | WARNING  | app.utils.unit_parser:parse_dimension:77 — Could not parse dimension from: 'OT'
2026-10-05 12:55:09.336 | INFO     | app.services.part2_extraction.ocr_extractor:run_ocr:139 — [OCR] Complete — raw_lines=9, dimensions=6, vessel_type=unknown
2026-10-05 12:55:09.340 | INFO     | app.services.part2_extraction.extraction_service:extract_vessel_geometry:122 — [Part 2] Step 0b — PDF vector path extraction…
2026-10-05 12:55:09.857 | DEBUG    | app.services.part2_extraction.graph_engine.cad_graph:filter_by_masks:59 — [Graph] Removed 370 edges overlapping with masks.
2026-10-05 12:55:09.859 | INFO     | app.utils.pdf_path_extractor:extract_pdf_path_profile:128 — [PDF-Paths] Filtered with DocTR: 302 segments remaining
2026-10-05 12:55:09.861 | INFO     | app.utils.pdf_path_extractor:extract_pdf_path_profile:150 — [PDF-Paths] Found 302 path segments
2026-10-05 12:55:09.875 | INFO     | app.utils.pdf_path_extractor:extract_pdf_path_profile:177 — [PDF-Paths] Profile extracted: 194 pts, height=309.9mm, max_r=147.3mm
2026-10-05 12:55:09.879 | INFO     | app.services.part2_extraction.extraction_service:extract_vessel_geometry:129 — [Part 2] PDF path profile: 194 pts, h=310mm
2026-10-05 12:55:09.879 | INFO     | app.services.part2_extraction.extraction_service:extract_vessel_geometry:143 — [Part 2] Step 2b — PDF embedded text extraction (pdfplumber)…
2026-10-05 12:55:09.905 | DEBUG    | app.utils.pdf_text_extractor:extract_pdf_text:59 — [PDF-Text] Page 1: 0 words extracted
2026-10-05 12:55:09.905 | INFO     | app.utils.pdf_text_extractor:extract_pdf_text:84 — [PDF-Text] Extracted 0 unique text items from PDF
2026-10-05 12:55:09.905 | INFO     | app.services.part2_extraction.extraction_service:extract_vessel_geometry:164 — [Part 2] pdfplumber found no text (rasterised PDF)
2026-10-05 12:55:09.905 | INFO     | app.services.part2_extraction.extraction_service:extract_vessel_geometry:168 — [Part 2] Step 2c — PDF positioned dimension extraction…
2026-10-05 12:55:09.955 | INFO     | app.utils.pdf_text_extractor:extract_segment_dimensions:180 — [PDF-Segments] Extracted 0 positioned dimensions
2026-10-05 12:55:09.956 | INFO     | app.services.part2_extraction.extraction_service:extract_vessel_geometry:171 — [Part 2] Positioned dims: 0
2026-10-05 12:55:09.956 | INFO     | app.services.part2_extraction.extraction_service:extract_vessel_geometry:178 — [Part 2] Step 3 — OpenCV geometry analysis…
2026-10-05 12:55:10.327 | DEBUG    | app.services.part2_extraction.opencv_processor:process_geometry:117 — [OpenCV] Detected 286 line segments
2026-10-05 12:55:48.114 | DEBUG    | app.services.part2_extraction.opencv_processor:process_geometry:121 — [OpenCV] Detected 340 circles
2026-10-05 12:55:48.206 | DEBUG    | app.services.part2_extraction.opencv_processor:process_geometry:125 — [OpenCV] Detected 2 significant contours
2026-10-05 12:55:48.206 | INFO     | app.services.part2_extraction.opencv_processor:process_geometry:141 — [OpenCV] Scale estimated from bounding rect: 0.0747 px/mm
2026-10-05 12:55:48.228 | DEBUG    | app.services.part2_extraction.opencv_processor:_detect_vessel_zones:383 — [OpenCV-Zones] Found 2 breakpoints at rows: [53, 735]
2026-10-05 12:55:48.229 | INFO     | app.services.part2_extraction.opencv_processor:_detect_vessel_zones:427 — [OpenCV-Zones] Assembled 3 zones from 2 breakpoints
2026-10-05 12:55:48.229 | INFO     | app.services.part2_extraction.opencv_processor:process_geometry:150 — [OpenCV] Detected 3 vessel zones from profile contour
2026-10-05 12:55:48.229 | INFO     | app.services.part2_extraction.opencv_processor:process_geometry:155 — [OpenCV] Geometry processing complete.
2026-10-05 12:55:48.235 | INFO     | app.services.part2_extraction.geometry_assembler:assemble_vessel_geometry:61 — [Assembler] Assembling VesselGeometry from extraction results…
2026-10-05 12:55:48.244 | DEBUG    | app.services.part2_extraction.geometry_assembler:_assemble_shell:165 — [Assembler] Total length: 10000.0mm ('10000')
2026-10-05 12:55:48.244 | DEBUG    | app.services.part2_extraction.geometry_assembler:_assemble_shell:171 — [Assembler] OpenCV circle dia estimate: 58420.0mm
2026-10-05 12:55:48.247 | INFO     | app.services.part2_extraction.geometry_assembler:_segments_from_profile_points:455 — [Assembler] Fallback: Replaced 7 CAD segments with 5 exact OCR segments (err=0.006).
2026-10-05 12:55:48.247 | INFO     | app.services.part2_extraction.geometry_assembler:_assemble_profile:267 — [Assembler] Profile from PDF paths: 5 segments
2026-10-05 12:55:48.247 | DEBUG    | app.services.part2_extraction.geometry_assembler:_assemble_nozzles:829 — [Assembler] Nozzles: 2
2026-10-05 12:55:48.251 | INFO     | app.services.part2_extraction.geometry_assembler:assemble_vessel_geometry:89 — [Assembler] Done — type=VesselType.UNKNOWN, conf=0.52, segments=5, method=pdf_paths
2026-10-05 12:55:48.265 | INFO     | app.services.part2_extraction.extraction_service:_save_output:248 — [Part 2] Output saved: data\outputs\c7a9469b-eb8b-47fb-bd25-73785991d7bf\vessel_geometry.json
2026-10-05 12:55:48.641 | INFO     | app.services.part2_extraction.extraction_service:_save_output:294 — [Part 2] Excel output saved: data\outputs\c7a9469b-eb8b-47fb-bd25-73785991d7bf\vessel_geometry.xlsx
2026-10-05 12:55:48.644 | INFO     | app.services.part2_extraction.extraction_service:extract_vessel_geometry:209 — [Part 2] Extraction complete — job_id=c7a9469b-eb8b-47fb-bd25-73785991d7bf, elapsed=77.98s, confidence=0.52, segments=5, method=pdf_paths
2026-10-05 16:31:39.667 | INFO     | app.core.logging_config:setup_logging:43 — Logging initialised — level=INFO, env=development
2026-10-05 16:31:39.670 | INFO     | app.main:lifespan:36 — ============================================================
2026-10-05 16:31:39.672 | INFO     | app.main:lifespan:37 —   RefractoryAI API  v0.1.0
2026-10-05 16:31:39.672 | INFO     | app.main:lifespan:38 —   Environment: development
2026-10-05 16:31:39.672 | INFO     | app.main:lifespan:39 —   Device: cpu
2026-10-05 16:31:39.672 | INFO     | app.main:lifespan:40 — ============================================================
2026-10-05 16:31:39.672 | INFO     | app.main:lifespan:41 — Warming up Grounding DINO model on first request (lazy load)...
2026-10-05 16:33:46.841 | INFO     | app.api.v1.routes_extraction:process_drawing:60 — [API] Full process request — file=input drawing _ naked shell.pdf
2026-10-05 16:33:46.844 | INFO     | app.services.part1_ingestion.ingestion_service:ingest_drawing:82 — [Part 1] Starting ingestion — job_id=480b5d10-490a-4a2b-8d08-dc533cc7c254, file=input drawing _ naked shell.pdf
2026-10-05 16:33:46.847 | DEBUG    | app.services.part1_ingestion.ingestion_service:ingest_drawing:93 — [Part 1] Saved to data\outputs\480b5d10-490a-4a2b-8d08-dc533cc7c254\input drawing _ naked shell.pdf (6078 bytes)
2026-10-05 16:33:46.849 | INFO     | app.services.part1_ingestion.drawing_validator:validate_upload:49 — Validation passed for 'input drawing _ naked shell.pdf'
2026-10-05 16:33:46.850 | INFO     | app.services.part1_ingestion.file_handler:detect_format:49 — Detected format: DrawingFormat.PDF for file: input drawing _ naked shell.pdf
2026-10-05 16:33:47.305 | DEBUG    | app.services.part1_ingestion.file_handler:_load_pdf:101 — Loading PDF via PyMuPDF: data\outputs\480b5d10-490a-4a2b-8d08-dc533cc7c254\input drawing _ naked shell.pdf
2026-10-05 16:33:47.576 | DEBUG    | app.services.part1_ingestion.file_handler:_load_pdf:122 —   Page 1: shape=(9262, 6551, 3)
2026-10-05 16:33:47.604 | INFO     | app.services.part1_ingestion.file_handler:load_drawing:86 — Loaded drawing 'input drawing _ naked shell.pdf' — format=DrawingFormat.PDF, pages=1
2026-10-05 16:33:47.605 | INFO     | app.services.part1_ingestion.ingestion_service:ingest_drawing:117 — [Part 1] Ingestion complete — job_id=480b5d10-490a-4a2b-8d08-dc533cc7c254, format=DrawingFormat.PDF, pages=1
2026-10-05 16:33:47.605 | INFO     | app.services.part2_extraction.extraction_service:extract_vessel_geometry:54 — [Part 2] Starting extraction — job_id=480b5d10-490a-4a2b-8d08-dc533cc7c254, format=DrawingFormat.PDF, pages=1
2026-10-05 16:33:47.606 | INFO     | app.services.part2_extraction.extraction_service:extract_vessel_geometry:62 — [Part 2] Step 1 — Grounding DINO detection…
2026-10-05 16:33:47.606 | INFO     | app.services.part2_extraction.dino_detector:_get_model_and_processor:66 — [DINO] Loading model: IDEA-Research/grounding-dino-base on device=cpu
2026-10-05 16:34:06.151 | INFO     | app.services.part2_extraction.dino_detector:_get_model_and_processor:86 — [DINO] Model loaded and ready.
2026-10-05 16:34:06.539 | DEBUG    | app.services.part2_extraction.dino_detector:detect_drawing_elements:113 — [DINO] Running detection on image 6551x9262
2026-10-05 16:34:29.891 | DEBUG    | app.services.part2_extraction.dino_detector:detect_drawing_elements:151 — [DINO] Detected 'oxygen lance port' — conf=0.328 at [1437,2396,5810,6289]
2026-10-05 16:34:29.891 | DEBUG    | app.services.part2_extraction.dino_detector:detect_drawing_elements:151 — [DINO] Detected 'oxygen lance port' — conf=0.382 at [1057,2330,5844,6334]
2026-10-05 16:34:29.891 | DEBUG    | app.services.part2_extraction.dino_detector:detect_drawing_elements:151 — [DINO] Detected 'port' — conf=0.262 at [1436,2385,5823,6292]
2026-10-05 16:34:29.891 | DEBUG    | app.services.part2_extraction.dino_detector:detect_drawing_elements:151 — [DINO] Detected 'title block' — conf=0.294 at [1621,2386,2431,2552]
2026-10-05 16:34:29.891 | DEBUG    | app.services.part2_extraction.dino_detector:detect_drawing_elements:151 — [DINO] Detected 'front elevation view' — conf=0.284 at [43,48,6505,9199]
2026-10-05 16:34:29.891 | DEBUG    | app.services.part2_extraction.dino_detector:detect_drawing_elements:151 — [DINO] Detected 'title block' — conf=0.263 at [3546,2401,3849,2539]
2026-10-05 16:34:29.891 | DEBUG    | app.services.part2_extraction.dino_detector:detect_drawing_elements:151 — [DINO] Detected 'arrow annotation' — conf=0.307 at [4318,4939,4778,5133]
2026-10-05 16:34:29.891 | DEBUG    | app.services.part2_extraction.dino_detector:detect_drawing_elements:151 — [DINO] Detected 'front elevation' — conf=0.266 at [1051,2320,5849,6348]
2026-10-05 16:34:29.891 | INFO     | app.services.part2_extraction.dino_detector:detect_drawing_elements:156 — [DINO] Detection complete — 8 elements found (threshold=0.25)
2026-10-05 16:34:29.904 | INFO     | app.services.part2_extraction.extraction_service:extract_vessel_geometry:71 — [Part 2] Step 2 — DocTR OCR extraction…
2026-10-05 16:34:30.471 | DEBUG    | app.services.part2_extraction.ocr_extractor:run_ocr:105 — [OCR] Running DocTR on full image...
2026-10-05 16:34:37.363 | WARNING  | app.services.part2_extraction.extraction_service:extract_vessel_geometry:75 — [Part 2] OCR failed: name 'Polygon' is not defined
2026-10-05 16:34:37.370 | INFO     | app.services.part2_extraction.extraction_service:extract_vessel_geometry:122 — [Part 2] Step 0b — PDF vector path extraction…
2026-10-05 16:34:37.819 | INFO     | app.utils.pdf_path_extractor:extract_pdf_path_profile:150 — [PDF-Paths] Found 816 path segments
2026-10-05 16:34:37.843 | INFO     | app.utils.pdf_path_extractor:extract_pdf_path_profile:177 — [PDF-Paths] Profile extracted: 197 pts, height=316.3mm, max_r=146.0mm
2026-10-05 16:34:37.845 | INFO     | app.services.part2_extraction.extraction_service:extract_vessel_geometry:129 — [Part 2] PDF path profile: 197 pts, h=316mm
2026-10-05 16:34:37.845 | INFO     | app.services.part2_extraction.extraction_service:extract_vessel_geometry:143 — [Part 2] Step 2b — PDF embedded text extraction (pdfplumber)…
2026-10-05 16:34:37.882 | DEBUG    | app.utils.pdf_text_extractor:extract_pdf_text:59 — [PDF-Text] Page 1: 0 words extracted
2026-10-05 16:34:37.883 | INFO     | app.utils.pdf_text_extractor:extract_pdf_text:84 — [PDF-Text] Extracted 0 unique text items from PDF
2026-10-05 16:34:37.883 | INFO     | app.services.part2_extraction.extraction_service:extract_vessel_geometry:164 — [Part 2] pdfplumber found no text (rasterised PDF)
2026-10-05 16:34:37.883 | INFO     | app.services.part2_extraction.extraction_service:extract_vessel_geometry:168 — [Part 2] Step 2c — PDF positioned dimension extraction…
2026-10-05 16:34:37.922 | INFO     | app.utils.pdf_text_extractor:extract_segment_dimensions:180 — [PDF-Segments] Extracted 0 positioned dimensions
2026-10-05 16:34:37.922 | INFO     | app.services.part2_extraction.extraction_service:extract_vessel_geometry:171 — [Part 2] Positioned dims: 0
2026-10-05 16:34:37.922 | INFO     | app.services.part2_extraction.extraction_service:extract_vessel_geometry:178 — [Part 2] Step 3 — OpenCV geometry analysis…
2026-10-05 16:34:38.392 | DEBUG    | app.services.part2_extraction.opencv_processor:process_geometry:117 — [OpenCV] Detected 286 line segments
2026-10-05 16:35:18.983 | DEBUG    | app.services.part2_extraction.opencv_processor:process_geometry:121 — [OpenCV] Detected 340 circles
2026-10-05 16:35:19.081 | DEBUG    | app.services.part2_extraction.opencv_processor:process_geometry:125 — [OpenCV] Detected 2 significant contours
2026-10-05 16:35:19.089 | DEBUG    | app.services.part2_extraction.opencv_processor:_detect_vessel_zones:383 — [OpenCV-Zones] Found 2 breakpoints at rows: [53, 735]
2026-10-05 16:35:19.100 | INFO     | app.services.part2_extraction.opencv_processor:_detect_vessel_zones:427 — [OpenCV-Zones] Assembled 3 zones from 2 breakpoints
2026-10-05 16:35:19.101 | INFO     | app.services.part2_extraction.opencv_processor:process_geometry:150 — [OpenCV] Detected 3 vessel zones from profile contour
2026-10-05 16:35:19.101 | INFO     | app.services.part2_extraction.opencv_processor:process_geometry:155 — [OpenCV] Geometry processing complete.
2026-10-05 16:35:19.106 | INFO     | app.services.part2_extraction.geometry_assembler:assemble_vessel_geometry:61 — [Assembler] Assembling VesselGeometry from extraction results…
2026-10-05 16:35:19.120 | INFO     | app.services.part2_extraction.geometry_assembler:_assemble_profile:267 — [Assembler] Profile from PDF paths: 8 segments
2026-10-05 16:35:19.123 | DEBUG    | app.services.part2_extraction.geometry_assembler:_assemble_nozzles:829 — [Assembler] Nozzles: 2
2026-10-05 16:35:19.126 | INFO     | app.services.part2_extraction.geometry_assembler:assemble_vessel_geometry:89 — [Assembler] Done — type=VesselType.UNKNOWN, conf=0.31, segments=8, method=pdf_paths
2026-10-05 16:35:19.139 | INFO     | app.services.part2_extraction.extraction_service:_save_output:248 — [Part 2] Output saved: data\outputs\480b5d10-490a-4a2b-8d08-dc533cc7c254\vessel_geometry.json
2026-10-05 16:35:19.679 | INFO     | app.services.part2_extraction.extraction_service:_save_output:294 — [Part 2] Excel output saved: data\outputs\480b5d10-490a-4a2b-8d08-dc533cc7c254\vessel_geometry.xlsx
2026-10-05 16:35:19.679 | INFO     | app.services.part2_extraction.extraction_service:extract_vessel_geometry:209 — [Part 2] Extraction complete — job_id=480b5d10-490a-4a2b-8d08-dc533cc7c254, elapsed=92.07s, confidence=0.31, segments=8, method=pdf_paths
2026-10-05 16:36:10.899 | INFO     | app.core.logging_config:setup_logging:43 — Logging initialised — level=INFO, env=development
2026-10-05 16:36:10.899 | INFO     | app.main:lifespan:36 — ============================================================
2026-10-05 16:36:10.900 | INFO     | app.main:lifespan:37 —   RefractoryAI API  v0.1.0
2026-10-05 16:36:10.900 | INFO     | app.main:lifespan:38 —   Environment: development
2026-10-05 16:36:10.900 | INFO     | app.main:lifespan:39 —   Device: cpu
2026-10-05 16:36:10.900 | INFO     | app.main:lifespan:40 — ============================================================
2026-10-05 16:36:10.900 | INFO     | app.main:lifespan:41 — Warming up Grounding DINO model on first request (lazy load)...
2026-10-05 16:37:09.233 | INFO     | app.api.v1.routes_extraction:process_drawing:60 — [API] Full process request — file=input drawing _ naked shell.pdf
2026-10-05 16:37:09.234 | INFO     | app.services.part1_ingestion.ingestion_service:ingest_drawing:82 — [Part 1] Starting ingestion — job_id=0d134784-ebe0-4dfd-adba-d787cf34a38c, file=input drawing _ naked shell.pdf
2026-10-05 16:37:09.235 | DEBUG    | app.services.part1_ingestion.ingestion_service:ingest_drawing:93 — [Part 1] Saved to data\outputs\0d134784-ebe0-4dfd-adba-d787cf34a38c\input drawing _ naked shell.pdf (6078 bytes)
2026-10-05 16:37:09.237 | INFO     | app.services.part1_ingestion.drawing_validator:validate_upload:49 — Validation passed for 'input drawing _ naked shell.pdf'
2026-10-05 16:37:09.237 | INFO     | app.services.part1_ingestion.file_handler:detect_format:49 — Detected format: DrawingFormat.PDF for file: input drawing _ naked shell.pdf
2026-10-05 16:37:09.408 | DEBUG    | app.services.part1_ingestion.file_handler:_load_pdf:101 — Loading PDF via PyMuPDF: data\outputs\0d134784-ebe0-4dfd-adba-d787cf34a38c\input drawing _ naked shell.pdf
2026-10-05 16:37:09.654 | DEBUG    | app.services.part1_ingestion.file_handler:_load_pdf:122 —   Page 1: shape=(9262, 6551, 3)
2026-10-05 16:37:09.678 | INFO     | app.services.part1_ingestion.file_handler:load_drawing:86 — Loaded drawing 'input drawing _ naked shell.pdf' — format=DrawingFormat.PDF, pages=1
2026-10-05 16:37:09.678 | INFO     | app.services.part1_ingestion.ingestion_service:ingest_drawing:117 — [Part 1] Ingestion complete — job_id=0d134784-ebe0-4dfd-adba-d787cf34a38c, format=DrawingFormat.PDF, pages=1
2026-10-05 16:37:09.678 | INFO     | app.services.part2_extraction.extraction_service:extract_vessel_geometry:54 — [Part 2] Starting extraction — job_id=0d134784-ebe0-4dfd-adba-d787cf34a38c, format=DrawingFormat.PDF, pages=1
2026-10-05 16:37:09.678 | INFO     | app.services.part2_extraction.extraction_service:extract_vessel_geometry:62 — [Part 2] Step 1 — Grounding DINO detection…
2026-10-05 16:37:09.678 | INFO     | app.services.part2_extraction.dino_detector:_get_model_and_processor:66 — [DINO] Loading model: IDEA-Research/grounding-dino-base on device=cpu
2026-10-05 16:37:22.245 | INFO     | app.services.part2_extraction.dino_detector:_get_model_and_processor:86 — [DINO] Model loaded and ready.
2026-10-05 16:37:22.511 | DEBUG    | app.services.part2_extraction.dino_detector:detect_drawing_elements:113 — [DINO] Running detection on image 6551x9262
2026-10-05 16:37:49.768 | DEBUG    | app.services.part2_extraction.dino_detector:detect_drawing_elements:151 — [DINO] Detected 'oxygen lance port' — conf=0.328 at [1437,2396,5810,6289]
2026-10-05 16:37:49.772 | DEBUG    | app.services.part2_extraction.dino_detector:detect_drawing_elements:151 — [DINO] Detected 'oxygen lance port' — conf=0.382 at [1057,2330,5844,6334]
2026-10-05 16:37:49.773 | DEBUG    | app.services.part2_extraction.dino_detector:detect_drawing_elements:151 — [DINO] Detected 'port' — conf=0.262 at [1436,2385,5823,6292]
2026-10-05 16:37:49.773 | DEBUG    | app.services.part2_extraction.dino_detector:detect_drawing_elements:151 — [DINO] Detected 'title block' — conf=0.294 at [1621,2386,2431,2552]
2026-10-05 16:37:49.773 | DEBUG    | app.services.part2_extraction.dino_detector:detect_drawing_elements:151 — [DINO] Detected 'front elevation view' — conf=0.284 at [43,48,6505,9199]
2026-10-05 16:37:49.773 | DEBUG    | app.services.part2_extraction.dino_detector:detect_drawing_elements:151 — [DINO] Detected 'title block' — conf=0.263 at [3546,2401,3849,2539]
2026-10-05 16:37:49.773 | DEBUG    | app.services.part2_extraction.dino_detector:detect_drawing_elements:151 — [DINO] Detected 'arrow annotation' — conf=0.307 at [4318,4939,4778,5133]
2026-10-05 16:37:49.773 | DEBUG    | app.services.part2_extraction.dino_detector:detect_drawing_elements:151 — [DINO] Detected 'front elevation' — conf=0.266 at [1051,2320,5849,6348]
2026-10-05 16:37:49.774 | INFO     | app.services.part2_extraction.dino_detector:detect_drawing_elements:156 — [DINO] Detection complete — 8 elements found (threshold=0.25)
2026-10-05 16:37:49.782 | INFO     | app.services.part2_extraction.extraction_service:extract_vessel_geometry:71 — [Part 2] Step 2 — DocTR OCR extraction…
2026-10-05 16:37:49.922 | DEBUG    | app.services.part2_extraction.ocr_extractor:run_ocr:105 — [OCR] Running DocTR on full image...
2026-10-05 16:37:55.526 | DEBUG    | app.services.part2_extraction.ocr_extractor:run_ocr:154 — [OCR] Full image — 19 unique text blocks extracted via DocTR (including CCW rotated)
2026-10-05 16:37:55.526 | DEBUG    | app.services.part2_extraction.ocr_extractor:run_ocr:159 — [OCR] Skipping regional DINO OCR, DocTR handles full image.
2026-10-05 16:37:55.528 | DEBUG    | app.utils.unit_parser:parse_dimension:72 — Parsed plain number (assumed mm): '10000' → (10000.0, 'mm')
2026-10-05 16:37:55.528 | DEBUG    | app.utils.unit_parser:parse_dimension:72 — Parsed plain number (assumed mm): '529.' → (529.0, 'mm')
2026-10-05 16:37:55.528 | DEBUG    | app.utils.unit_parser:parse_dimension:72 — Parsed plain number (assumed mm): '1965.2' → (1965.2, 'mm')
2026-10-05 16:37:55.528 | DEBUG    | app.utils.unit_parser:parse_dimension:72 — Parsed plain number (assumed mm): '4884.3' → (4884.3, 'mm')
2026-10-05 16:37:55.528 | DEBUG    | app.utils.unit_parser:parse_dimension:72 — Parsed plain number (assumed mm): '2415.' → (2415.0, 'mm')
2026-10-05 16:37:55.528 | DEBUG    | app.utils.unit_parser:parse_dimension:72 — Parsed plain number (assumed mm): '150' → (150.0, 'mm')
2026-10-05 16:37:55.528 | WARNING  | app.utils.unit_parser:parse_dimension:77 — Could not parse dimension from: 'U'
2026-10-05 16:37:55.529 | WARNING  | app.utils.unit_parser:parse_dimension:77 — Could not parse dimension from: '-'
2026-10-05 16:37:55.529 | WARNING  | app.utils.unit_parser:parse_dimension:77 — Could not parse dimension from: 'OT'
2026-10-05 16:37:55.529 | WARNING  | app.utils.unit_parser:parse_dimension:77 — Could not parse dimension from: '2E'
2026-10-05 16:37:55.529 | DEBUG    | app.utils.unit_parser:parse_dimension:72 — Parsed plain number (assumed mm): '6' → (6.0, 'mm')
2026-10-05 16:37:55.529 | WARNING  | app.utils.unit_parser:parse_dimension:77 — Could not parse dimension from: '@'
2026-10-05 16:37:55.529 | WARNING  | app.utils.unit_parser:parse_dimension:77 — Could not parse dimension from: 'B'
2026-10-05 16:37:55.530 | DEBUG    | app.utils.unit_parser:parse_dimension:72 — Parsed plain number (assumed mm): '140' → (140.0, 'mm')
2026-10-05 16:37:55.530 | WARNING  | app.utils.unit_parser:parse_dimension:77 — Could not parse dimension from: 'E'
2026-10-05 16:37:55.530 | WARNING  | app.utils.unit_parser:parse_dimension:77 — Could not parse dimension from: 'ool'
2026-10-05 16:37:55.530 | WARNING  | app.utils.unit_parser:parse_dimension:77 — Could not parse dimension from: 'a'
2026-10-05 16:37:55.530 | DEBUG    | app.utils.unit_parser:parse_dimension:72 — Parsed plain number (assumed mm): '05942' → (5942.0, 'mm')
2026-10-05 16:37:55.530 | DEBUG    | app.utils.unit_parser:parse_dimension:72 — Parsed plain number (assumed mm): '07570' → (7570.0, 'mm')
2026-10-05 16:37:55.530 | INFO     | app.services.part2_extraction.ocr_extractor:run_ocr:164 — [OCR] Complete — raw_lines=19, dimensions=10, vessel_type=unknown
2026-10-05 16:37:55.537 | INFO     | app.services.part2_extraction.extraction_service:extract_vessel_geometry:122 — [Part 2] Step 0b — PDF vector path extraction…
2026-10-05 16:37:56.185 | DEBUG    | app.services.part2_extraction.graph_engine.cad_graph:filter_by_masks:59 — [Graph] Removed 439 edges overlapping with masks.
2026-10-05 16:37:56.186 | INFO     | app.utils.pdf_path_extractor:extract_pdf_path_profile:128 — [PDF-Paths] Filtered with DocTR: 233 segments remaining
2026-10-05 16:37:56.186 | INFO     | app.utils.pdf_path_extractor:extract_pdf_path_profile:150 — [PDF-Paths] Found 233 path segments
2026-10-05 16:37:56.202 | INFO     | app.utils.pdf_path_extractor:extract_pdf_path_profile:177 — [PDF-Paths] Profile extracted: 194 pts, height=309.9mm, max_r=147.3mm
2026-10-05 16:37:56.207 | INFO     | app.services.part2_extraction.extraction_service:extract_vessel_geometry:129 — [Part 2] PDF path profile: 194 pts, h=310mm
2026-10-05 16:37:56.207 | INFO     | app.services.part2_extraction.extraction_service:extract_vessel_geometry:143 — [Part 2] Step 2b — PDF embedded text extraction (pdfplumber)…
2026-10-05 16:37:56.245 | DEBUG    | app.utils.pdf_text_extractor:extract_pdf_text:59 — [PDF-Text] Page 1: 0 words extracted
2026-10-05 16:37:56.246 | INFO     | app.utils.pdf_text_extractor:extract_pdf_text:84 — [PDF-Text] Extracted 0 unique text items from PDF
2026-10-05 16:37:56.246 | INFO     | app.services.part2_extraction.extraction_service:extract_vessel_geometry:164 — [Part 2] pdfplumber found no text (rasterised PDF)
2026-10-05 16:37:56.246 | INFO     | app.services.part2_extraction.extraction_service:extract_vessel_geometry:168 — [Part 2] Step 2c — PDF positioned dimension extraction…
2026-10-05 16:37:56.286 | INFO     | app.utils.pdf_text_extractor:extract_segment_dimensions:180 — [PDF-Segments] Extracted 0 positioned dimensions
2026-10-05 16:37:56.287 | INFO     | app.services.part2_extraction.extraction_service:extract_vessel_geometry:171 — [Part 2] Positioned dims: 0
2026-10-05 16:37:56.287 | INFO     | app.services.part2_extraction.extraction_service:extract_vessel_geometry:178 — [Part 2] Step 3 — OpenCV geometry analysis…
2026-10-05 16:37:56.723 | DEBUG    | app.services.part2_extraction.opencv_processor:process_geometry:117 — [OpenCV] Detected 286 line segments
2026-10-05 16:38:39.701 | DEBUG    | app.services.part2_extraction.opencv_processor:process_geometry:121 — [OpenCV] Detected 340 circles
2026-10-05 16:38:39.801 | DEBUG    | app.services.part2_extraction.opencv_processor:process_geometry:125 — [OpenCV] Detected 2 significant contours
2026-10-05 16:38:39.801 | INFO     | app.services.part2_extraction.opencv_processor:process_geometry:141 — [OpenCV] Scale estimated from bounding rect: 0.0747 px/mm
2026-10-05 16:38:39.822 | DEBUG    | app.services.part2_extraction.opencv_processor:_detect_vessel_zones:383 — [OpenCV-Zones] Found 2 breakpoints at rows: [53, 735]
2026-10-05 16:38:39.822 | INFO     | app.services.part2_extraction.opencv_processor:_detect_vessel_zones:427 — [OpenCV-Zones] Assembled 3 zones from 2 breakpoints
2026-10-05 16:38:39.825 | INFO     | app.services.part2_extraction.opencv_processor:process_geometry:150 — [OpenCV] Detected 3 vessel zones from profile contour
2026-10-05 16:38:39.825 | INFO     | app.services.part2_extraction.opencv_processor:process_geometry:155 — [OpenCV] Geometry processing complete.
2026-10-05 16:38:39.831 | INFO     | app.services.part2_extraction.geometry_assembler:assemble_vessel_geometry:61 — [Assembler] Assembling VesselGeometry from extraction results…
2026-10-05 16:38:39.841 | DEBUG    | app.services.part2_extraction.geometry_assembler:_assemble_shell:151 — [Assembler] Outer dia: 7570.0mm ('07570')
2026-10-05 16:38:39.841 | DEBUG    | app.services.part2_extraction.geometry_assembler:_assemble_shell:159 — [Assembler] Inner dia: 5942.0mm ('05942')
2026-10-05 16:38:39.841 | DEBUG    | app.services.part2_extraction.geometry_assembler:_assemble_shell:165 — [Assembler] Total length: 10000.0mm ('10000')
2026-10-05 16:38:39.843 | INFO     | app.services.part2_extraction.geometry_assembler:_segments_from_profile_points:455 — [Assembler] Fallback: Replaced 7 CAD segments with 6 exact OCR segments (err=0.005).
2026-10-05 16:38:39.844 | INFO     | app.services.part2_extraction.geometry_assembler:_assemble_profile:267 — [Assembler] Profile from PDF paths: 6 segments
2026-10-05 16:38:39.845 | DEBUG    | app.services.part2_extraction.geometry_assembler:_assemble_nozzles:829 — [Assembler] Nozzles: 2
2026-10-05 16:38:39.846 | INFO     | app.services.part2_extraction.geometry_assembler:assemble_vessel_geometry:89 — [Assembler] Done — type=VesselType.UNKNOWN, conf=0.64, segments=6, method=pdf_paths
2026-10-05 16:38:39.862 | INFO     | app.services.part2_extraction.extraction_service:_save_output:248 — [Part 2] Output saved: data\outputs\0d134784-ebe0-4dfd-adba-d787cf34a38c\vessel_geometry.json
2026-10-05 16:38:40.381 | INFO     | app.services.part2_extraction.extraction_service:_save_output:294 — [Part 2] Excel output saved: data\outputs\0d134784-ebe0-4dfd-adba-d787cf34a38c\vessel_geometry.xlsx
2026-10-05 16:38:40.383 | INFO     | app.services.part2_extraction.extraction_service:extract_vessel_geometry:209 — [Part 2] Extraction complete — job_id=0d134784-ebe0-4dfd-adba-d787cf34a38c, elapsed=90.70s, confidence=0.64, segments=6, method=pdf_paths
2026-10-05 16:42:58.569 | INFO     | app.core.logging_config:setup_logging:43 — Logging initialised — level=INFO, env=development
2026-10-05 16:42:58.571 | INFO     | app.main:lifespan:36 — ============================================================
2026-10-05 16:42:58.571 | INFO     | app.main:lifespan:37 —   RefractoryAI API  v0.1.0
2026-10-05 16:42:58.571 | INFO     | app.main:lifespan:38 —   Environment: development
2026-10-05 16:42:58.571 | INFO     | app.main:lifespan:39 —   Device: cpu
2026-10-05 16:42:58.571 | INFO     | app.main:lifespan:40 — ============================================================
2026-10-05 16:42:58.571 | INFO     | app.main:lifespan:41 — Warming up Grounding DINO model on first request (lazy load)...
2026-10-05 16:43:32.992 | INFO     | app.api.v1.routes_extraction:process_drawing:60 — [API] Full process request — file=input drawing _ naked shell.pdf
2026-10-05 16:43:32.992 | INFO     | app.services.part1_ingestion.ingestion_service:ingest_drawing:82 — [Part 1] Starting ingestion — job_id=b13afeaf-c848-437f-a5eb-1101ea3a1aaa, file=input drawing _ naked shell.pdf
2026-10-05 16:43:32.996 | DEBUG    | app.services.part1_ingestion.ingestion_service:ingest_drawing:93 — [Part 1] Saved to data\outputs\b13afeaf-c848-437f-a5eb-1101ea3a1aaa\input drawing _ naked shell.pdf (6078 bytes)
2026-10-05 16:43:32.996 | INFO     | app.services.part1_ingestion.drawing_validator:validate_upload:49 — Validation passed for 'input drawing _ naked shell.pdf'
2026-10-05 16:43:32.996 | INFO     | app.services.part1_ingestion.file_handler:detect_format:49 — Detected format: DrawingFormat.PDF for file: input drawing _ naked shell.pdf
2026-10-05 16:43:33.164 | DEBUG    | app.services.part1_ingestion.file_handler:_load_pdf:101 — Loading PDF via PyMuPDF: data\outputs\b13afeaf-c848-437f-a5eb-1101ea3a1aaa\input drawing _ naked shell.pdf
2026-10-05 16:43:33.406 | DEBUG    | app.services.part1_ingestion.file_handler:_load_pdf:122 —   Page 1: shape=(9262, 6551, 3)
2026-10-05 16:43:33.425 | INFO     | app.services.part1_ingestion.file_handler:load_drawing:86 — Loaded drawing 'input drawing _ naked shell.pdf' — format=DrawingFormat.PDF, pages=1
2026-10-05 16:43:33.425 | INFO     | app.services.part1_ingestion.ingestion_service:ingest_drawing:117 — [Part 1] Ingestion complete — job_id=b13afeaf-c848-437f-a5eb-1101ea3a1aaa, format=DrawingFormat.PDF, pages=1
2026-10-05 16:43:33.425 | INFO     | app.services.part2_extraction.extraction_service:extract_vessel_geometry:54 — [Part 2] Starting extraction — job_id=b13afeaf-c848-437f-a5eb-1101ea3a1aaa, format=DrawingFormat.PDF, pages=1
2026-10-05 16:43:33.425 | INFO     | app.services.part2_extraction.extraction_service:extract_vessel_geometry:62 — [Part 2] Step 1 — Grounding DINO detection…
2026-10-05 16:43:33.425 | INFO     | app.services.part2_extraction.dino_detector:_get_model_and_processor:66 — [DINO] Loading model: IDEA-Research/grounding-dino-base on device=cpu
2026-10-05 16:43:44.819 | INFO     | app.services.part2_extraction.dino_detector:_get_model_and_processor:86 — [DINO] Model loaded and ready.
2026-10-05 16:43:45.136 | DEBUG    | app.services.part2_extraction.dino_detector:detect_drawing_elements:113 — [DINO] Running detection on image 6551x9262
2026-10-05 16:44:14.170 | DEBUG    | app.services.part2_extraction.dino_detector:detect_drawing_elements:151 — [DINO] Detected 'oxygen lance port' — conf=0.328 at [1437,2396,5810,6289]
2026-10-05 16:44:14.185 | DEBUG    | app.services.part2_extraction.dino_detector:detect_drawing_elements:151 — [DINO] Detected 'oxygen lance port' — conf=0.382 at [1057,2330,5844,6334]
2026-10-05 16:44:14.185 | DEBUG    | app.services.part2_extraction.dino_detector:detect_drawing_elements:151 — [DINO] Detected 'port' — conf=0.262 at [1436,2385,5823,6292]
2026-10-05 16:44:14.185 | DEBUG    | app.services.part2_extraction.dino_detector:detect_drawing_elements:151 — [DINO] Detected 'title block' — conf=0.294 at [1621,2386,2431,2552]
2026-10-05 16:44:14.185 | DEBUG    | app.services.part2_extraction.dino_detector:detect_drawing_elements:151 — [DINO] Detected 'front elevation view' — conf=0.284 at [43,48,6505,9199]
2026-10-05 16:44:14.185 | DEBUG    | app.services.part2_extraction.dino_detector:detect_drawing_elements:151 — [DINO] Detected 'title block' — conf=0.263 at [3546,2401,3849,2539]
2026-10-05 16:44:14.185 | DEBUG    | app.services.part2_extraction.dino_detector:detect_drawing_elements:151 — [DINO] Detected 'arrow annotation' — conf=0.307 at [4318,4939,4778,5133]
2026-10-05 16:44:14.185 | DEBUG    | app.services.part2_extraction.dino_detector:detect_drawing_elements:151 — [DINO] Detected 'front elevation' — conf=0.266 at [1051,2320,5849,6348]
2026-10-05 16:44:14.185 | INFO     | app.services.part2_extraction.dino_detector:detect_drawing_elements:156 — [DINO] Detection complete — 8 elements found (threshold=0.25)
2026-10-05 16:44:14.197 | INFO     | app.services.part2_extraction.extraction_service:extract_vessel_geometry:71 — [Part 2] Step 2 — DocTR OCR extraction…
2026-10-05 16:44:14.309 | DEBUG    | app.services.part2_extraction.ocr_extractor:run_ocr:105 — [OCR] Running DocTR on full image...
2026-10-05 16:44:18.899 | DEBUG    | app.services.part2_extraction.ocr_extractor:run_ocr:154 — [OCR] Full image — 19 unique text blocks extracted via DocTR (including CCW rotated)
2026-10-05 16:44:18.899 | DEBUG    | app.services.part2_extraction.ocr_extractor:run_ocr:159 — [OCR] Skipping regional DINO OCR, DocTR handles full image.
2026-10-05 16:44:18.899 | DEBUG    | app.utils.unit_parser:parse_dimension:72 — Parsed plain number (assumed mm): '10000' → (10000.0, 'mm')
2026-10-05 16:44:18.899 | DEBUG    | app.utils.unit_parser:parse_dimension:72 — Parsed plain number (assumed mm): '529.' → (529.0, 'mm')
2026-10-05 16:44:18.899 | DEBUG    | app.utils.unit_parser:parse_dimension:72 — Parsed plain number (assumed mm): '1965.2' → (1965.2, 'mm')
2026-10-05 16:44:18.899 | DEBUG    | app.utils.unit_parser:parse_dimension:72 — Parsed plain number (assumed mm): '4884.3' → (4884.3, 'mm')
2026-10-05 16:44:18.899 | DEBUG    | app.utils.unit_parser:parse_dimension:72 — Parsed plain number (assumed mm): '2415.' → (2415.0, 'mm')
2026-10-05 16:44:18.899 | DEBUG    | app.utils.unit_parser:parse_dimension:72 — Parsed plain number (assumed mm): '150' → (150.0, 'mm')
2026-10-05 16:44:18.899 | WARNING  | app.utils.unit_parser:parse_dimension:77 — Could not parse dimension from: 'U'
2026-10-05 16:44:18.901 | WARNING  | app.utils.unit_parser:parse_dimension:77 — Could not parse dimension from: '-'
2026-10-05 16:44:18.901 | WARNING  | app.utils.unit_parser:parse_dimension:77 — Could not parse dimension from: 'OT'
2026-10-05 16:44:18.901 | WARNING  | app.utils.unit_parser:parse_dimension:77 — Could not parse dimension from: '2E'
2026-10-05 16:44:18.901 | DEBUG    | app.utils.unit_parser:parse_dimension:72 — Parsed plain number (assumed mm): '6' → (6.0, 'mm')
2026-10-05 16:44:18.901 | WARNING  | app.utils.unit_parser:parse_dimension:77 — Could not parse dimension from: '@'
2026-10-05 16:44:18.901 | WARNING  | app.utils.unit_parser:parse_dimension:77 — Could not parse dimension from: 'B'
2026-10-05 16:44:18.901 | DEBUG    | app.utils.unit_parser:parse_dimension:72 — Parsed plain number (assumed mm): '140' → (140.0, 'mm')
2026-10-05 16:44:18.901 | WARNING  | app.utils.unit_parser:parse_dimension:77 — Could not parse dimension from: 'E'
2026-10-05 16:44:18.903 | WARNING  | app.utils.unit_parser:parse_dimension:77 — Could not parse dimension from: 'ool'
2026-10-05 16:44:18.903 | WARNING  | app.utils.unit_parser:parse_dimension:77 — Could not parse dimension from: 'a'
2026-10-05 16:44:18.903 | DEBUG    | app.utils.unit_parser:parse_dimension:72 — Parsed plain number (assumed mm): '05942' → (5942.0, 'mm')
2026-10-05 16:44:18.903 | DEBUG    | app.utils.unit_parser:parse_dimension:72 — Parsed plain number (assumed mm): '07570' → (7570.0, 'mm')
2026-10-05 16:44:18.903 | INFO     | app.services.part2_extraction.ocr_extractor:run_ocr:164 — [OCR] Complete — raw_lines=19, dimensions=10, vessel_type=unknown
2026-10-05 16:44:18.909 | INFO     | app.services.part2_extraction.extraction_service:extract_vessel_geometry:122 — [Part 2] Step 0b — PDF vector path extraction…
2026-10-05 16:44:19.471 | DEBUG    | app.services.part2_extraction.graph_engine.cad_graph:filter_by_masks:59 — [Graph] Removed 439 edges overlapping with masks.
2026-10-05 16:44:19.473 | INFO     | app.utils.pdf_path_extractor:extract_pdf_path_profile:128 — [PDF-Paths] Filtered with DocTR: 233 segments remaining
2026-10-05 16:44:19.473 | INFO     | app.utils.pdf_path_extractor:extract_pdf_path_profile:150 — [PDF-Paths] Found 233 path segments
2026-10-05 16:44:19.490 | INFO     | app.utils.pdf_path_extractor:extract_pdf_path_profile:177 — [PDF-Paths] Profile extracted: 194 pts, height=309.9mm, max_r=147.3mm
2026-10-05 16:44:19.490 | INFO     | app.services.part2_extraction.extraction_service:extract_vessel_geometry:129 — [Part 2] PDF path profile: 194 pts, h=310mm
2026-10-05 16:44:19.490 | INFO     | app.services.part2_extraction.extraction_service:extract_vessel_geometry:143 — [Part 2] Step 2b — PDF embedded text extraction (pdfplumber)…
2026-10-05 16:44:19.528 | DEBUG    | app.utils.pdf_text_extractor:extract_pdf_text:59 — [PDF-Text] Page 1: 0 words extracted
2026-10-05 16:44:19.528 | INFO     | app.utils.pdf_text_extractor:extract_pdf_text:84 — [PDF-Text] Extracted 0 unique text items from PDF
2026-10-05 16:44:19.528 | INFO     | app.services.part2_extraction.extraction_service:extract_vessel_geometry:164 — [Part 2] pdfplumber found no text (rasterised PDF)
2026-10-05 16:44:19.528 | INFO     | app.services.part2_extraction.extraction_service:extract_vessel_geometry:168 — [Part 2] Step 2c — PDF positioned dimension extraction…
2026-10-05 16:44:19.569 | INFO     | app.utils.pdf_text_extractor:extract_segment_dimensions:180 — [PDF-Segments] Extracted 0 positioned dimensions
2026-10-05 16:44:19.569 | INFO     | app.services.part2_extraction.extraction_service:extract_vessel_geometry:171 — [Part 2] Positioned dims: 0
2026-10-05 16:44:19.569 | INFO     | app.services.part2_extraction.extraction_service:extract_vessel_geometry:178 — [Part 2] Step 3 — OpenCV geometry analysis…
2026-10-05 16:44:19.961 | DEBUG    | app.services.part2_extraction.opencv_processor:process_geometry:117 — [OpenCV] Detected 286 line segments
2026-10-05 16:44:57.856 | DEBUG    | app.services.part2_extraction.opencv_processor:process_geometry:121 — [OpenCV] Detected 340 circles
2026-10-05 16:44:57.950 | DEBUG    | app.services.part2_extraction.opencv_processor:process_geometry:125 — [OpenCV] Detected 2 significant contours
2026-10-05 16:44:57.950 | INFO     | app.services.part2_extraction.opencv_processor:process_geometry:141 — [OpenCV] Scale estimated from bounding rect: 0.0747 px/mm
2026-10-05 16:44:57.968 | DEBUG    | app.services.part2_extraction.opencv_processor:_detect_vessel_zones:383 — [OpenCV-Zones] Found 2 breakpoints at rows: [53, 735]
2026-10-05 16:44:57.968 | INFO     | app.services.part2_extraction.opencv_processor:_detect_vessel_zones:427 — [OpenCV-Zones] Assembled 3 zones from 2 breakpoints
2026-10-05 16:44:57.968 | INFO     | app.services.part2_extraction.opencv_processor:process_geometry:150 — [OpenCV] Detected 3 vessel zones from profile contour
2026-10-05 16:44:57.968 | INFO     | app.services.part2_extraction.opencv_processor:process_geometry:155 — [OpenCV] Geometry processing complete.
2026-10-05 16:44:57.977 | INFO     | app.services.part2_extraction.geometry_assembler:assemble_vessel_geometry:61 — [Assembler] Assembling VesselGeometry from extraction results…
2026-10-05 16:44:57.985 | DEBUG    | app.services.part2_extraction.geometry_assembler:_assemble_shell:151 — [Assembler] Outer dia: 7570.0mm ('07570')
2026-10-05 16:44:57.986 | DEBUG    | app.services.part2_extraction.geometry_assembler:_assemble_shell:159 — [Assembler] Inner dia: 5942.0mm ('05942')
2026-10-05 16:44:57.986 | DEBUG    | app.services.part2_extraction.geometry_assembler:_assemble_shell:165 — [Assembler] Total length: 10000.0mm ('10000')
2026-10-05 16:44:57.988 | INFO     | app.services.part2_extraction.geometry_assembler:_segments_from_profile_points:455 — [Assembler] Fallback: Replaced 7 CAD segments with 6 exact OCR segments (err=0.005).
2026-10-05 16:44:57.988 | INFO     | app.services.part2_extraction.geometry_assembler:_assemble_profile:267 — [Assembler] Profile from PDF paths: 6 segments
2026-10-05 16:44:57.989 | DEBUG    | app.services.part2_extraction.geometry_assembler:_assemble_nozzles:829 — [Assembler] Nozzles: 2
2026-10-05 16:44:57.990 | INFO     | app.services.part2_extraction.geometry_assembler:assemble_vessel_geometry:89 — [Assembler] Done — type=VesselType.UNKNOWN, conf=0.64, segments=6, method=pdf_paths
2026-10-05 16:44:58.003 | INFO     | app.services.part2_extraction.extraction_service:_save_output:248 — [Part 2] Output saved: data\outputs\b13afeaf-c848-437f-a5eb-1101ea3a1aaa\vessel_geometry.json
2026-10-05 16:44:58.314 | INFO     | app.services.part2_extraction.extraction_service:_save_output:294 — [Part 2] Excel output saved: data\outputs\b13afeaf-c848-437f-a5eb-1101ea3a1aaa\vessel_geometry.xlsx
2026-10-05 16:44:58.326 | INFO     | app.services.part2_extraction.extraction_service:extract_vessel_geometry:209 — [Part 2] Extraction complete — job_id=b13afeaf-c848-437f-a5eb-1101ea3a1aaa, elapsed=84.89s, confidence=0.64, segments=6, method=pdf_paths
2026-10-05 16:55:55.393 | INFO     | app.main:lifespan:43 — RefractoryAI API shutting down.
2026-10-05 16:59:00.093 | INFO     | app.core.logging_config:setup_logging:43 — Logging initialised — level=INFO, env=development
2026-10-05 16:59:00.095 | INFO     | app.main:lifespan:36 — ============================================================
2026-10-05 16:59:00.095 | INFO     | app.main:lifespan:37 —   RefractoryAI API  v0.1.0
2026-10-05 16:59:00.096 | INFO     | app.main:lifespan:38 —   Environment: development
2026-10-05 16:59:00.096 | INFO     | app.main:lifespan:39 —   Device: cpu
2026-10-05 16:59:00.096 | INFO     | app.main:lifespan:40 — ============================================================
2026-10-05 16:59:00.096 | INFO     | app.main:lifespan:41 — Warming up Grounding DINO model on first request (lazy load)...
2026-10-05 16:59:56.036 | INFO     | app.api.v1.routes_extraction:process_drawing:60 — [API] Full process request — file=input drawing _ naked shell.pdf
2026-10-05 16:59:56.037 | INFO     | app.services.part1_ingestion.ingestion_service:ingest_drawing:82 — [Part 1] Starting ingestion — job_id=f829c39d-8284-40d0-a9e0-c360fdfe6523, file=input drawing _ naked shell.pdf
2026-10-05 16:59:56.040 | DEBUG    | app.services.part1_ingestion.ingestion_service:ingest_drawing:93 — [Part 1] Saved to data\outputs\f829c39d-8284-40d0-a9e0-c360fdfe6523\input drawing _ naked shell.pdf (6078 bytes)
2026-10-05 16:59:56.041 | INFO     | app.services.part1_ingestion.drawing_validator:validate_upload:49 — Validation passed for 'input drawing _ naked shell.pdf'
2026-10-05 16:59:56.041 | INFO     | app.services.part1_ingestion.file_handler:detect_format:49 — Detected format: DrawingFormat.PDF for file: input drawing _ naked shell.pdf
2026-10-05 16:59:56.257 | DEBUG    | app.services.part1_ingestion.file_handler:_load_pdf:101 — Loading PDF via PyMuPDF: data\outputs\f829c39d-8284-40d0-a9e0-c360fdfe6523\input drawing _ naked shell.pdf
2026-10-05 16:59:56.565 | DEBUG    | app.services.part1_ingestion.file_handler:_load_pdf:122 —   Page 1: shape=(9262, 6551, 3)
2026-10-05 16:59:56.591 | INFO     | app.services.part1_ingestion.file_handler:load_drawing:86 — Loaded drawing 'input drawing _ naked shell.pdf' — format=DrawingFormat.PDF, pages=1
2026-10-05 16:59:56.591 | INFO     | app.services.part1_ingestion.ingestion_service:ingest_drawing:117 — [Part 1] Ingestion complete — job_id=f829c39d-8284-40d0-a9e0-c360fdfe6523, format=DrawingFormat.PDF, pages=1
2026-10-05 16:59:56.591 | INFO     | app.services.part2_extraction.extraction_service:extract_vessel_geometry:54 — [Part 2] Starting extraction — job_id=f829c39d-8284-40d0-a9e0-c360fdfe6523, format=DrawingFormat.PDF, pages=1
2026-10-05 16:59:56.591 | INFO     | app.services.part2_extraction.extraction_service:extract_vessel_geometry:62 — [Part 2] Step 1 — Grounding DINO detection…
2026-10-05 16:59:56.591 | INFO     | app.services.part2_extraction.dino_detector:_get_model_and_processor:66 — [DINO] Loading model: IDEA-Research/grounding-dino-base on device=cpu
2026-10-05 17:00:10.311 | INFO     | app.services.part2_extraction.dino_detector:_get_model_and_processor:86 — [DINO] Model loaded and ready.
2026-10-05 17:00:10.552 | DEBUG    | app.services.part2_extraction.dino_detector:detect_drawing_elements:113 — [DINO] Running detection on image 6551x9262
2026-10-05 17:00:31.065 | DEBUG    | app.services.part2_extraction.dino_detector:detect_drawing_elements:151 — [DINO] Detected 'oxygen lance port' — conf=0.328 at [1437,2396,5810,6289]
2026-10-05 17:00:31.071 | DEBUG    | app.services.part2_extraction.dino_detector:detect_drawing_elements:151 — [DINO] Detected 'oxygen lance port' — conf=0.382 at [1057,2330,5844,6334]
2026-10-05 17:00:31.071 | DEBUG    | app.services.part2_extraction.dino_detector:detect_drawing_elements:151 — [DINO] Detected 'port' — conf=0.262 at [1436,2385,5823,6292]
2026-10-05 17:00:31.071 | DEBUG    | app.services.part2_extraction.dino_detector:detect_drawing_elements:151 — [DINO] Detected 'title block' — conf=0.294 at [1621,2386,2431,2552]
2026-10-05 17:00:31.073 | DEBUG    | app.services.part2_extraction.dino_detector:detect_drawing_elements:151 — [DINO] Detected 'front elevation view' — conf=0.284 at [43,48,6505,9199]
2026-10-05 17:00:31.073 | DEBUG    | app.services.part2_extraction.dino_detector:detect_drawing_elements:151 — [DINO] Detected 'title block' — conf=0.263 at [3546,2401,3849,2539]
2026-10-05 17:00:31.073 | DEBUG    | app.services.part2_extraction.dino_detector:detect_drawing_elements:151 — [DINO] Detected 'arrow annotation' — conf=0.307 at [4318,4939,4778,5133]
2026-10-05 17:00:31.073 | DEBUG    | app.services.part2_extraction.dino_detector:detect_drawing_elements:151 — [DINO] Detected 'front elevation' — conf=0.266 at [1051,2320,5849,6348]
2026-10-05 17:00:31.073 | INFO     | app.services.part2_extraction.dino_detector:detect_drawing_elements:156 — [DINO] Detection complete — 8 elements found (threshold=0.25)
2026-10-05 17:00:31.082 | INFO     | app.services.part2_extraction.extraction_service:extract_vessel_geometry:71 — [Part 2] Step 2 — DocTR OCR extraction…
2026-10-05 17:00:31.195 | DEBUG    | app.services.part2_extraction.ocr_extractor:run_ocr:105 — [OCR] Running DocTR on full image...
2026-10-05 17:00:35.927 | DEBUG    | app.services.part2_extraction.ocr_extractor:run_ocr:154 — [OCR] Full image — 19 unique text blocks extracted via DocTR (including CCW rotated)
2026-10-05 17:00:35.927 | DEBUG    | app.services.part2_extraction.ocr_extractor:run_ocr:159 — [OCR] Skipping regional DINO OCR, DocTR handles full image.
2026-10-05 17:00:35.927 | DEBUG    | app.utils.unit_parser:parse_dimension:72 — Parsed plain number (assumed mm): '10000' → (10000.0, 'mm')
2026-10-05 17:00:35.927 | DEBUG    | app.utils.unit_parser:parse_dimension:72 — Parsed plain number (assumed mm): '529.' → (529.0, 'mm')
2026-10-05 17:00:35.927 | DEBUG    | app.utils.unit_parser:parse_dimension:72 — Parsed plain number (assumed mm): '1965.2' → (1965.2, 'mm')
2026-10-05 17:00:35.929 | DEBUG    | app.utils.unit_parser:parse_dimension:72 — Parsed plain number (assumed mm): '4884.3' → (4884.3, 'mm')
2026-10-05 17:00:35.929 | DEBUG    | app.utils.unit_parser:parse_dimension:72 — Parsed plain number (assumed mm): '2415.' → (2415.0, 'mm')
2026-10-05 17:00:35.929 | DEBUG    | app.utils.unit_parser:parse_dimension:72 — Parsed plain number (assumed mm): '150' → (150.0, 'mm')
2026-10-05 17:00:35.929 | WARNING  | app.utils.unit_parser:parse_dimension:77 — Could not parse dimension from: 'U'
2026-10-05 17:00:35.929 | WARNING  | app.utils.unit_parser:parse_dimension:77 — Could not parse dimension from: '-'
2026-10-05 17:00:35.929 | WARNING  | app.utils.unit_parser:parse_dimension:77 — Could not parse dimension from: 'OT'
2026-10-05 17:00:35.929 | WARNING  | app.utils.unit_parser:parse_dimension:77 — Could not parse dimension from: '2E'
2026-10-05 17:00:35.931 | DEBUG    | app.utils.unit_parser:parse_dimension:72 — Parsed plain number (assumed mm): '6' → (6.0, 'mm')
2026-10-05 17:00:35.931 | WARNING  | app.utils.unit_parser:parse_dimension:77 — Could not parse dimension from: '@'
2026-10-05 17:00:35.931 | WARNING  | app.utils.unit_parser:parse_dimension:77 — Could not parse dimension from: 'B'
2026-10-05 17:00:35.931 | DEBUG    | app.utils.unit_parser:parse_dimension:72 — Parsed plain number (assumed mm): '140' → (140.0, 'mm')
2026-10-05 17:00:35.931 | WARNING  | app.utils.unit_parser:parse_dimension:77 — Could not parse dimension from: 'E'
2026-10-05 17:00:35.931 | WARNING  | app.utils.unit_parser:parse_dimension:77 — Could not parse dimension from: 'ool'
2026-10-05 17:00:35.931 | WARNING  | app.utils.unit_parser:parse_dimension:77 — Could not parse dimension from: 'a'
2026-10-05 17:00:35.933 | DEBUG    | app.utils.unit_parser:parse_dimension:72 — Parsed plain number (assumed mm): '05942' → (5942.0, 'mm')
2026-10-05 17:00:35.933 | DEBUG    | app.utils.unit_parser:parse_dimension:72 — Parsed plain number (assumed mm): '07570' → (7570.0, 'mm')
2026-10-05 17:00:35.933 | INFO     | app.services.part2_extraction.ocr_extractor:run_ocr:164 — [OCR] Complete — raw_lines=19, dimensions=10, vessel_type=unknown
2026-10-05 17:00:35.937 | INFO     | app.services.part2_extraction.extraction_service:extract_vessel_geometry:122 — [Part 2] Step 0b — PDF vector path extraction…
2026-10-05 17:00:36.517 | DEBUG    | app.services.part2_extraction.graph_engine.cad_graph:filter_by_masks:59 — [Graph] Removed 439 edges overlapping with masks.
2026-10-05 17:00:36.517 | INFO     | app.utils.pdf_path_extractor:extract_pdf_path_profile:128 — [PDF-Paths] Filtered with DocTR: 233 segments remaining
2026-10-05 17:00:36.517 | INFO     | app.utils.pdf_path_extractor:extract_pdf_path_profile:150 — [PDF-Paths] Found 233 path segments
2026-10-05 17:00:36.532 | INFO     | app.utils.pdf_path_extractor:extract_pdf_path_profile:177 — [PDF-Paths] Profile extracted: 194 pts, height=309.9mm, max_r=147.3mm
2026-10-05 17:00:36.532 | INFO     | app.services.part2_extraction.extraction_service:extract_vessel_geometry:129 — [Part 2] PDF path profile: 194 pts, h=310mm
2026-10-05 17:00:36.532 | INFO     | app.services.part2_extraction.extraction_service:extract_vessel_geometry:144 — [Part 2] Step 3 — OpenCV geometry analysis…
2026-10-05 17:00:36.931 | DEBUG    | app.services.part2_extraction.opencv_processor:process_geometry:117 — [OpenCV] Detected 286 line segments
2026-10-05 17:01:15.399 | DEBUG    | app.services.part2_extraction.opencv_processor:process_geometry:121 — [OpenCV] Detected 340 circles
2026-10-05 17:01:15.495 | DEBUG    | app.services.part2_extraction.opencv_processor:process_geometry:125 — [OpenCV] Detected 2 significant contours
2026-10-05 17:01:15.495 | INFO     | app.services.part2_extraction.opencv_processor:process_geometry:141 — [OpenCV] Scale estimated from bounding rect: 0.0747 px/mm
2026-10-05 17:01:15.523 | DEBUG    | app.services.part2_extraction.opencv_processor:_detect_vessel_zones:383 — [OpenCV-Zones] Found 2 breakpoints at rows: [53, 735]
2026-10-05 17:01:15.524 | INFO     | app.services.part2_extraction.opencv_processor:_detect_vessel_zones:427 — [OpenCV-Zones] Assembled 3 zones from 2 breakpoints
2026-10-05 17:01:15.525 | INFO     | app.services.part2_extraction.opencv_processor:process_geometry:150 — [OpenCV] Detected 3 vessel zones from profile contour
2026-10-05 17:01:15.525 | INFO     | app.services.part2_extraction.opencv_processor:process_geometry:155 — [OpenCV] Geometry processing complete.
2026-10-05 17:01:15.530 | INFO     | app.services.part2_extraction.geometry_assembler:assemble_vessel_geometry:60 — [Assembler] Assembling VesselGeometry from extraction results…
2026-10-05 17:01:15.541 | DEBUG    | app.services.part2_extraction.geometry_assembler:_assemble_shell:148 — [Assembler] Outer dia: 7570.0mm ('07570')
2026-10-05 17:01:15.543 | DEBUG    | app.services.part2_extraction.geometry_assembler:_assemble_shell:156 — [Assembler] Inner dia: 5942.0mm ('05942')
2026-10-05 17:01:15.543 | DEBUG    | app.services.part2_extraction.geometry_assembler:_assemble_shell:162 — [Assembler] Total length: 10000.0mm ('10000')
2026-10-05 17:01:15.546 | ERROR    | app.api.v1.routes_extraction:process_drawing:97 — Extraction error
Traceback (most recent call last):

  File "<string>", line 1, in <module>
  File "C:\Program Files\Python311\Lib\multiprocessing\spawn.py", line 122, in spawn_main
    exitcode = _main(fd, parent_sentinel)
               │     │   └ 380
               │     └ 3
               └ <function _main at 0x0000020FC03DE020>
  File "C:\Program Files\Python311\Lib\multiprocessing\spawn.py", line 135, in _main
    return self._bootstrap(parent_sentinel)
           │    │          └ 380
           │    └ <function BaseProcess._bootstrap at 0x0000020FC00B3920>
           └ <SpawnProcess name='SpawnProcess-4' parent=22348 started>
  File "C:\Program Files\Python311\Lib\multiprocessing\process.py", line 314, in _bootstrap
    self.run()
    │    └ <function BaseProcess.run at 0x0000020FC00B2E80>
    └ <SpawnProcess name='SpawnProcess-4' parent=22348 started>
  File "C:\Program Files\Python311\Lib\multiprocessing\process.py", line 108, in run
    self._target(*self._args, **self._kwargs)
    │    │        │    │        │    └ {'config': <uvicorn.config.Config object at 0x0000020FC03B2350>, 'target': <bound method Server.run of <uvicorn.server.Server...
    │    │        │    │        └ <SpawnProcess name='SpawnProcess-4' parent=22348 started>
    │    │        │    └ ()
    │    │        └ <SpawnProcess name='SpawnProcess-4' parent=22348 started>
    │    └ <function subprocess_started at 0x0000020FC2761D00>
    └ <SpawnProcess name='SpawnProcess-4' parent=22348 started>
  File "D:\ZeroZeta\refractoryAI\venv\Lib\site-packages\uvicorn\_subprocess.py", line 80, in subprocess_started
    target(sockets=sockets)
    │              └ [<socket.socket fd=564, family=2, type=1, proto=6, laddr=('127.0.0.1', 8000)>]
    └ <bound method Server.run of <uvicorn.server.Server object at 0x0000020FC27B6910>>
  File "D:\ZeroZeta\refractoryAI\venv\Lib\site-packages\uvicorn\server.py", line 65, in run
    return asyncio.run(self.serve(sockets=sockets))
           │       │   │    │             └ [<socket.socket fd=564, family=2, type=1, proto=6, laddr=('127.0.0.1', 8000)>]
           │       │   │    └ <function Server.serve at 0x0000020FC2760AE0>
           │       │   └ <uvicorn.server.Server object at 0x0000020FC27B6910>
           │       └ <function run at 0x0000020FC2000860>
           └ <module 'asyncio' from 'C:\\Program Files\\Python311\\Lib\\asyncio\\__init__.py'>
  File "C:\Program Files\Python311\Lib\asyncio\runners.py", line 190, in run
    return runner.run(main)
           │      │   └ <coroutine object Server.serve at 0x0000020FC27855D0>
           │      └ <function Runner.run at 0x0000020FC2004A40>
           └ <asyncio.runners.Runner object at 0x0000020FC27B6350>
  File "C:\Program Files\Python311\Lib\asyncio\runners.py", line 118, in run
    return self._loop.run_until_complete(task)
           │    │     │                  └ <Task pending name='Task-1' coro=<Server.serve() running at D:\ZeroZeta\refractoryAI\venv\Lib\site-packages\uvicorn\server.py...
           │    │     └ <function BaseEventLoop.run_until_complete at 0x0000020FC2002660>
           │    └ <_WindowsSelectorEventLoop running=True closed=False debug=False>
           └ <asyncio.runners.Runner object at 0x0000020FC27B6350>
  File "C:\Program Files\Python311\Lib\asyncio\base_events.py", line 641, in run_until_complete
    self.run_forever()
    │    └ <function BaseEventLoop.run_forever at 0x0000020FC20025C0>
    └ <_WindowsSelectorEventLoop running=True closed=False debug=False>
  File "C:\Program Files\Python311\Lib\asyncio\base_events.py", line 608, in run_forever
    self._run_once()
    │    └ <function BaseEventLoop._run_once at 0x0000020FC2004400>
    └ <_WindowsSelectorEventLoop running=True closed=False debug=False>
  File "C:\Program Files\Python311\Lib\asyncio\base_events.py", line 1936, in _run_once
    handle._run()
    │      └ <function Handle._run at 0x0000020FC1F46840>
    └ <Handle <TaskStepMethWrapper object at 0x0000020FE53AC850>()>
  File "C:\Program Files\Python311\Lib\asyncio\events.py", line 84, in _run
    self._context.run(self._callback, *self._args)
    │    │            │    │           │    └ <member '_args' of 'Handle' objects>
    │    │            │    │           └ <Handle <TaskStepMethWrapper object at 0x0000020FE53AC850>()>
    │    │            │    └ <member '_callback' of 'Handle' objects>
    │    │            └ <Handle <TaskStepMethWrapper object at 0x0000020FE53AC850>()>
    │    └ <member '_context' of 'Handle' objects>
    └ <Handle <TaskStepMethWrapper object at 0x0000020FE53AC850>()>
  File "D:\ZeroZeta\refractoryAI\venv\Lib\site-packages\uvicorn\protocols\http\httptools_impl.py", line 409, in run_asgi
    result = await app(  # type: ignore[func-returns-value]
                   └ <uvicorn.middleware.proxy_headers.ProxyHeadersMiddleware object at 0x0000020FC27DB090>
  File "D:\ZeroZeta\refractoryAI\venv\Lib\site-packages\uvicorn\middleware\proxy_headers.py", line 60, in __call__
    return await self.app(scope, receive, send)
                 │    │   │      │        └ <bound method RequestResponseCycle.send of <uvicorn.protocols.http.httptools_impl.RequestResponseCycle object at 0x0000020FE5...
                 │    │   │      └ <bound method RequestResponseCycle.receive of <uvicorn.protocols.http.httptools_impl.RequestResponseCycle object at 0x0000020...
                 │    │   └ {'type': 'http', 'asgi': {'version': '3.0', 'spec_version': '2.3'}, 'http_version': '1.1', 'server': ('127.0.0.1', 8000), 'cl...
                 │    └ <fastapi.applications.FastAPI object at 0x0000020FE3510210>
                 └ <uvicorn.middleware.proxy_headers.ProxyHeadersMiddleware object at 0x0000020FC27DB090>
  File "D:\ZeroZeta\refractoryAI\venv\Lib\site-packages\fastapi\applications.py", line 1054, in __call__
    await super().__call__(scope, receive, send)
                           │      │        └ <bound method RequestResponseCycle.send of <uvicorn.protocols.http.httptools_impl.RequestResponseCycle object at 0x0000020FE5...
                           │      └ <bound method RequestResponseCycle.receive of <uvicorn.protocols.http.httptools_impl.RequestResponseCycle object at 0x0000020...
                           └ {'type': 'http', 'asgi': {'version': '3.0', 'spec_version': '2.3'}, 'http_version': '1.1', 'server': ('127.0.0.1', 8000), 'cl...
  File "D:\ZeroZeta\refractoryAI\venv\Lib\site-packages\starlette\applications.py", line 113, in __call__
    await self.middleware_stack(scope, receive, send)
          │    │                │      │        └ <bound method RequestResponseCycle.send of <uvicorn.protocols.http.httptools_impl.RequestResponseCycle object at 0x0000020FE5...
          │    │                │      └ <bound method RequestResponseCycle.receive of <uvicorn.protocols.http.httptools_impl.RequestResponseCycle object at 0x0000020...
          │    │                └ {'type': 'http', 'asgi': {'version': '3.0', 'spec_version': '2.3'}, 'http_version': '1.1', 'server': ('127.0.0.1', 8000), 'cl...
          │    └ <starlette.middleware.errors.ServerErrorMiddleware object at 0x0000020FE379F950>
          └ <fastapi.applications.FastAPI object at 0x0000020FE3510210>
  File "D:\ZeroZeta\refractoryAI\venv\Lib\site-packages\starlette\middleware\errors.py", line 165, in __call__
    await self.app(scope, receive, _send)
          │    │   │      │        └ <function ServerErrorMiddleware.__call__.<locals>._send at 0x0000020FE530D760>
          │    │   │      └ <bound method RequestResponseCycle.receive of <uvicorn.protocols.http.httptools_impl.RequestResponseCycle object at 0x0000020...
          │    │   └ {'type': 'http', 'asgi': {'version': '3.0', 'spec_version': '2.3'}, 'http_version': '1.1', 'server': ('127.0.0.1', 8000), 'cl...
          │    └ <starlette.middleware.cors.CORSMiddleware object at 0x0000020FE5361D90>
          └ <starlette.middleware.errors.ServerErrorMiddleware object at 0x0000020FE379F950>
  File "D:\ZeroZeta\refractoryAI\venv\Lib\site-packages\starlette\middleware\cors.py", line 93, in __call__
    await self.simple_response(scope, receive, send, request_headers=headers)
          │    │               │      │        │                     └ Headers({'host': '127.0.0.1:8000', 'connection': 'keep-alive', 'content-length': '6288', 'sec-ch-ua-platform': '"Windows"', '...
          │    │               │      │        └ <function ServerErrorMiddleware.__call__.<locals>._send at 0x0000020FE530D760>
          │    │               │      └ <bound method RequestResponseCycle.receive of <uvicorn.protocols.http.httptools_impl.RequestResponseCycle object at 0x0000020...
          │    │               └ {'type': 'http', 'asgi': {'version': '3.0', 'spec_version': '2.3'}, 'http_version': '1.1', 'server': ('127.0.0.1', 8000), 'cl...
          │    └ <function CORSMiddleware.simple_response at 0x0000020FC49DDDA0>
          └ <starlette.middleware.cors.CORSMiddleware object at 0x0000020FE5361D90>
  File "D:\ZeroZeta\refractoryAI\venv\Lib\site-packages\starlette\middleware\cors.py", line 144, in simple_response
    await self.app(scope, receive, send)
          │    │   │      │        └ functools.partial(<bound method CORSMiddleware.send of <starlette.middleware.cors.CORSMiddleware object at 0x0000020FE5361D90...
          │    │   │      └ <bound method RequestResponseCycle.receive of <uvicorn.protocols.http.httptools_impl.RequestResponseCycle object at 0x0000020...
          │    │   └ {'type': 'http', 'asgi': {'version': '3.0', 'spec_version': '2.3'}, 'http_version': '1.1', 'server': ('127.0.0.1', 8000), 'cl...
          │    └ <starlette.middleware.exceptions.ExceptionMiddleware object at 0x0000020FC4B33F10>
          └ <starlette.middleware.cors.CORSMiddleware object at 0x0000020FE5361D90>
  File "D:\ZeroZeta\refractoryAI\venv\Lib\site-packages\starlette\middleware\exceptions.py", line 62, in __call__
    await wrap_app_handling_exceptions(self.app, conn)(scope, receive, send)
          │                            │    │    │     │      │        └ functools.partial(<bound method CORSMiddleware.send of <starlette.middleware.cors.CORSMiddleware object at 0x0000020FE5361D90...
          │                            │    │    │     │      └ <bound method RequestResponseCycle.receive of <uvicorn.protocols.http.httptools_impl.RequestResponseCycle object at 0x0000020...
          │                            │    │    │     └ {'type': 'http', 'asgi': {'version': '3.0', 'spec_version': '2.3'}, 'http_version': '1.1', 'server': ('127.0.0.1', 8000), 'cl...
          │                            │    │    └ <starlette.requests.Request object at 0x0000020FE53C0250>
          │                            │    └ <fastapi.routing.APIRouter object at 0x0000020FC4AE2B90>
          │                            └ <starlette.middleware.exceptions.ExceptionMiddleware object at 0x0000020FC4B33F10>
          └ <function wrap_app_handling_exceptions at 0x0000020FC491B100>
  File "D:\ZeroZeta\refractoryAI\venv\Lib\site-packages\starlette\_exception_handler.py", line 42, in wrapped_app
    await app(scope, receive, sender)
          │   │      │        └ <function wrap_app_handling_exceptions.<locals>.wrapped_app.<locals>.sender at 0x0000020FE5442DE0>
          │   │      └ <bound method RequestResponseCycle.receive of <uvicorn.protocols.http.httptools_impl.RequestResponseCycle object at 0x0000020...
          │   └ {'type': 'http', 'asgi': {'version': '3.0', 'spec_version': '2.3'}, 'http_version': '1.1', 'server': ('127.0.0.1', 8000), 'cl...
          └ <fastapi.routing.APIRouter object at 0x0000020FC4AE2B90>
  File "D:\ZeroZeta\refractoryAI\venv\Lib\site-packages\starlette\routing.py", line 715, in __call__
    await self.middleware_stack(scope, receive, send)
          │    │                │      │        └ <function wrap_app_handling_exceptions.<locals>.wrapped_app.<locals>.sender at 0x0000020FE5442DE0>
          │    │                │      └ <bound method RequestResponseCycle.receive of <uvicorn.protocols.http.httptools_impl.RequestResponseCycle object at 0x0000020...
          │    │                └ {'type': 'http', 'asgi': {'version': '3.0', 'spec_version': '2.3'}, 'http_version': '1.1', 'server': ('127.0.0.1', 8000), 'cl...
          │    └ <bound method Router.app of <fastapi.routing.APIRouter object at 0x0000020FC4AE2B90>>
          └ <fastapi.routing.APIRouter object at 0x0000020FC4AE2B90>
  File "D:\ZeroZeta\refractoryAI\venv\Lib\site-packages\starlette\routing.py", line 735, in app
    await route.handle(scope, receive, send)
          │     │      │      │        └ <function wrap_app_handling_exceptions.<locals>.wrapped_app.<locals>.sender at 0x0000020FE5442DE0>
          │     │      │      └ <bound method RequestResponseCycle.receive of <uvicorn.protocols.http.httptools_impl.RequestResponseCycle object at 0x0000020...
          │     │      └ {'type': 'http', 'asgi': {'version': '3.0', 'spec_version': '2.3'}, 'http_version': '1.1', 'server': ('127.0.0.1', 8000), 'cl...
          │     └ <function Route.handle at 0x0000020FC49407C0>
          └ APIRoute(path='/api/v1/extraction/process', name='process_drawing', methods=['POST'])
  File "D:\ZeroZeta\refractoryAI\venv\Lib\site-packages\starlette\routing.py", line 288, in handle
    await self.app(scope, receive, send)
          │    │   │      │        └ <function wrap_app_handling_exceptions.<locals>.wrapped_app.<locals>.sender at 0x0000020FE5442DE0>
          │    │   │      └ <bound method RequestResponseCycle.receive of <uvicorn.protocols.http.httptools_impl.RequestResponseCycle object at 0x0000020...
          │    │   └ {'type': 'http', 'asgi': {'version': '3.0', 'spec_version': '2.3'}, 'http_version': '1.1', 'server': ('127.0.0.1', 8000), 'cl...
          │    └ <function request_response.<locals>.app at 0x0000020FE530D4E0>
          └ APIRoute(path='/api/v1/extraction/process', name='process_drawing', methods=['POST'])
  File "D:\ZeroZeta\refractoryAI\venv\Lib\site-packages\starlette\routing.py", line 76, in app
    await wrap_app_handling_exceptions(app, request)(scope, receive, send)
          │                            │    │        │      │        └ <function wrap_app_handling_exceptions.<locals>.wrapped_app.<locals>.sender at 0x0000020FE5442DE0>
          │                            │    │        │      └ <bound method RequestResponseCycle.receive of <uvicorn.protocols.http.httptools_impl.RequestResponseCycle object at 0x0000020...
          │                            │    │        └ {'type': 'http', 'asgi': {'version': '3.0', 'spec_version': '2.3'}, 'http_version': '1.1', 'server': ('127.0.0.1', 8000), 'cl...
          │                            │    └ <starlette.requests.Request object at 0x0000020FC36561D0>
          │                            └ <function request_response.<locals>.app.<locals>.app at 0x0000020FE5442F20>
          └ <function wrap_app_handling_exceptions at 0x0000020FC491B100>
  File "D:\ZeroZeta\refractoryAI\venv\Lib\site-packages\starlette\_exception_handler.py", line 42, in wrapped_app
    await app(scope, receive, sender)
          │   │      │        └ <function wrap_app_handling_exceptions.<locals>.wrapped_app.<locals>.sender at 0x0000020FE53C80E0>
          │   │      └ <bound method RequestResponseCycle.receive of <uvicorn.protocols.http.httptools_impl.RequestResponseCycle object at 0x0000020...
          │   └ {'type': 'http', 'asgi': {'version': '3.0', 'spec_version': '2.3'}, 'http_version': '1.1', 'server': ('127.0.0.1', 8000), 'cl...
          └ <function request_response.<locals>.app.<locals>.app at 0x0000020FE5442F20>
  File "D:\ZeroZeta\refractoryAI\venv\Lib\site-packages\starlette\routing.py", line 73, in app
    response = await f(request)
                     │ └ <starlette.requests.Request object at 0x0000020FC36561D0>
                     └ <function get_request_handler.<locals>.app at 0x0000020FE530D300>
  File "D:\ZeroZeta\refractoryAI\venv\Lib\site-packages\fastapi\routing.py", line 301, in app
    raw_response = await run_endpoint_function(
                         └ <function run_endpoint_function at 0x0000020FC49402C0>
  File "D:\ZeroZeta\refractoryAI\venv\Lib\site-packages\fastapi\routing.py", line 212, in run_endpoint_function
    return await dependant.call(**values)
                 │         │      └ {'file': UploadFile(filename='input drawing _ naked shell.pdf', size=6078, headers=Headers({'content-disposition': 'form-data...
                 │         └ <function process_drawing at 0x0000020FE330AE80>
                 └ Dependant(path_params=[], query_params=[], header_params=[], cookie_params=[], body_params=[ModelField(field_info=File(Pydant...

> File "D:\ZeroZeta\refractoryAI\app\api\v1\routes_extraction.py", line 95, in process_drawing
    extraction_response = await extract_vessel_geometry(ingestion_result)
                                │                       └ IngestionResult(job_id='f829c39d-8284-40d0-a9e0-c360fdfe6523', file_path=WindowsPath('data/outputs/f829c39d-8284-40d0-a9e0-c3...
                                └ <function extract_vessel_geometry at 0x0000020FC4ACEC00>

  File "D:\ZeroZeta\refractoryAI\app\services\part2_extraction\extraction_service.py", line 161, in extract_vessel_geometry
    vessel_geometry = assemble_vessel_geometry(
                      └ <function assemble_vessel_geometry at 0x0000020FE52DADE0>

  File "D:\ZeroZeta\refractoryAI\app\services\part2_extraction\geometry_assembler.py", line 71, in assemble_vessel_geometry
    geometry.shell = _assemble_shell(
    │        │       └ <function _assemble_shell at 0x0000020FE530AB60>
    │        └ VesselShellGeometry(outer_diameter_mm=None, inner_diameter_mm=None, total_length_mm=None, shell_thickness_mm=None, trunnion_d...
    └ VesselGeometry(source_file='input drawing _ naked shell.pdf', source_format=<DrawingFormat.PDF: 'pdf'>, vessel_type=<VesselTy...

  File "D:\ZeroZeta\refractoryAI\app\services\part2_extraction\geometry_assembler.py", line 180, in _assemble_shell
    shell.profile = _assemble_profile(
    │     │         └ <function _assemble_profile at 0x0000020FE530BCE0>
    │     └ VesselProfile(segments=[], total_height_mm=0.0, max_outer_radius_mm=0.0, extraction_method='estimated')
    └ VesselShellGeometry(outer_diameter_mm=Dimension(value=7570.0, unit=<DimensionUnit.MM: 'mm'>, raw_text='07570', confidence=0.8...

  File "D:\ZeroZeta\refractoryAI\app\services\part2_extraction\geometry_assembler.py", line 245, in _assemble_profile
    segs = _segments_from_profile_points(
           └ <function _segments_from_profile_points at 0x0000020FE530BD80>

  File "D:\ZeroZeta\refractoryAI\app\services\part2_extraction\geometry_assembler.py", line 382, in _segments_from_profile_points
    if positioned_dims and segments and known_total_h:
                           │            └ 10000.0
                           └ [VesselSegment(index=0, segment_type=<SegmentType.CONE: 'cone'>, label='Taper / Shoulder', height_mm=1295.3, height_raw_text=...

NameError: name 'positioned_dims' is not defined
2026-10-05 17:03:58.392 | INFO     | app.main:lifespan:43 — RefractoryAI API shutting down.
2026-10-05 17:04:01.961 | INFO     | app.core.logging_config:setup_logging:43 — Logging initialised — level=INFO, env=development
2026-10-05 17:04:01.961 | INFO     | app.main:lifespan:36 — ============================================================
2026-10-05 17:04:01.961 | INFO     | app.main:lifespan:37 —   RefractoryAI API  v0.1.0
2026-10-05 17:04:01.961 | INFO     | app.main:lifespan:38 —   Environment: development
2026-10-05 17:04:01.961 | INFO     | app.main:lifespan:39 —   Device: cpu
2026-10-05 17:04:01.964 | INFO     | app.main:lifespan:40 — ============================================================
2026-10-05 17:04:01.964 | INFO     | app.main:lifespan:41 — Warming up Grounding DINO model on first request (lazy load)...
2026-10-05 17:05:11.022 | INFO     | app.api.v1.routes_extraction:process_drawing:60 — [API] Full process request — file=input drawing _ naked shell.pdf
2026-10-05 17:05:11.024 | INFO     | app.services.part1_ingestion.ingestion_service:ingest_drawing:82 — [Part 1] Starting ingestion — job_id=2b95808f-8404-4027-9b9b-163ff0601288, file=input drawing _ naked shell.pdf
2026-10-05 17:05:11.028 | DEBUG    | app.services.part1_ingestion.ingestion_service:ingest_drawing:93 — [Part 1] Saved to data\outputs\2b95808f-8404-4027-9b9b-163ff0601288\input drawing _ naked shell.pdf (6078 bytes)
2026-10-05 17:05:11.030 | INFO     | app.services.part1_ingestion.drawing_validator:validate_upload:49 — Validation passed for 'input drawing _ naked shell.pdf'
2026-10-05 17:05:11.031 | INFO     | app.services.part1_ingestion.file_handler:detect_format:49 — Detected format: DrawingFormat.PDF for file: input drawing _ naked shell.pdf
2026-10-05 17:05:11.209 | DEBUG    | app.services.part1_ingestion.file_handler:_load_pdf:101 — Loading PDF via PyMuPDF: data\outputs\2b95808f-8404-4027-9b9b-163ff0601288\input drawing _ naked shell.pdf
2026-10-05 17:05:11.563 | DEBUG    | app.services.part1_ingestion.file_handler:_load_pdf:122 —   Page 1: shape=(9262, 6551, 3)
2026-10-05 17:05:11.585 | INFO     | app.services.part1_ingestion.file_handler:load_drawing:86 — Loaded drawing 'input drawing _ naked shell.pdf' — format=DrawingFormat.PDF, pages=1
2026-10-05 17:05:11.585 | INFO     | app.services.part1_ingestion.ingestion_service:ingest_drawing:117 — [Part 1] Ingestion complete — job_id=2b95808f-8404-4027-9b9b-163ff0601288, format=DrawingFormat.PDF, pages=1
2026-10-05 17:05:11.585 | INFO     | app.services.part2_extraction.extraction_service:extract_vessel_geometry:54 — [Part 2] Starting extraction — job_id=2b95808f-8404-4027-9b9b-163ff0601288, format=DrawingFormat.PDF, pages=1
2026-10-05 17:05:11.585 | INFO     | app.services.part2_extraction.extraction_service:extract_vessel_geometry:62 — [Part 2] Step 1 — Grounding DINO detection…
2026-10-05 17:05:11.591 | INFO     | app.services.part2_extraction.dino_detector:_get_model_and_processor:66 — [DINO] Loading model: IDEA-Research/grounding-dino-base on device=cpu
2026-10-05 17:05:24.286 | INFO     | app.services.part2_extraction.dino_detector:_get_model_and_processor:86 — [DINO] Model loaded and ready.
2026-10-05 17:05:24.609 | DEBUG    | app.services.part2_extraction.dino_detector:detect_drawing_elements:113 — [DINO] Running detection on image 6551x9262
2026-10-05 17:05:52.902 | DEBUG    | app.services.part2_extraction.dino_detector:detect_drawing_elements:151 — [DINO] Detected 'oxygen lance port' — conf=0.328 at [1437,2396,5810,6289]
2026-10-05 17:05:52.911 | DEBUG    | app.services.part2_extraction.dino_detector:detect_drawing_elements:151 — [DINO] Detected 'oxygen lance port' — conf=0.382 at [1057,2330,5844,6334]
2026-10-05 17:05:52.911 | DEBUG    | app.services.part2_extraction.dino_detector:detect_drawing_elements:151 — [DINO] Detected 'port' — conf=0.262 at [1436,2385,5823,6292]
2026-10-05 17:05:52.911 | DEBUG    | app.services.part2_extraction.dino_detector:detect_drawing_elements:151 — [DINO] Detected 'title block' — conf=0.294 at [1621,2386,2431,2552]
2026-10-05 17:05:52.914 | DEBUG    | app.services.part2_extraction.dino_detector:detect_drawing_elements:151 — [DINO] Detected 'front elevation view' — conf=0.284 at [43,48,6505,9199]
2026-10-05 17:05:52.914 | DEBUG    | app.services.part2_extraction.dino_detector:detect_drawing_elements:151 — [DINO] Detected 'title block' — conf=0.263 at [3546,2401,3849,2539]
2026-10-05 17:05:52.914 | DEBUG    | app.services.part2_extraction.dino_detector:detect_drawing_elements:151 — [DINO] Detected 'arrow annotation' — conf=0.307 at [4318,4939,4778,5133]
2026-10-05 17:05:52.914 | DEBUG    | app.services.part2_extraction.dino_detector:detect_drawing_elements:151 — [DINO] Detected 'front elevation' — conf=0.266 at [1051,2320,5849,6348]
2026-10-05 17:05:52.914 | INFO     | app.services.part2_extraction.dino_detector:detect_drawing_elements:156 — [DINO] Detection complete — 8 elements found (threshold=0.25)
2026-10-05 17:05:52.924 | INFO     | app.services.part2_extraction.extraction_service:extract_vessel_geometry:71 — [Part 2] Step 2 — DocTR OCR extraction…
2026-10-05 17:05:53.084 | DEBUG    | app.services.part2_extraction.ocr_extractor:run_ocr:105 — [OCR] Running DocTR on full image...
2026-10-05 17:05:59.268 | DEBUG    | app.services.part2_extraction.ocr_extractor:run_ocr:154 — [OCR] Full image — 19 unique text blocks extracted via DocTR (including CCW rotated)
2026-10-05 17:05:59.268 | DEBUG    | app.services.part2_extraction.ocr_extractor:run_ocr:159 — [OCR] Skipping regional DINO OCR, DocTR handles full image.
2026-10-05 17:05:59.268 | DEBUG    | app.utils.unit_parser:parse_dimension:72 — Parsed plain number (assumed mm): '10000' → (10000.0, 'mm')
2026-10-05 17:05:59.268 | DEBUG    | app.utils.unit_parser:parse_dimension:72 — Parsed plain number (assumed mm): '529.' → (529.0, 'mm')
2026-10-05 17:05:59.268 | DEBUG    | app.utils.unit_parser:parse_dimension:72 — Parsed plain number (assumed mm): '1965.2' → (1965.2, 'mm')
2026-10-05 17:05:59.268 | DEBUG    | app.utils.unit_parser:parse_dimension:72 — Parsed plain number (assumed mm): '4884.3' → (4884.3, 'mm')
2026-10-05 17:05:59.268 | DEBUG    | app.utils.unit_parser:parse_dimension:72 — Parsed plain number (assumed mm): '2415.' → (2415.0, 'mm')
2026-10-05 17:05:59.268 | DEBUG    | app.utils.unit_parser:parse_dimension:72 — Parsed plain number (assumed mm): '150' → (150.0, 'mm')
2026-10-05 17:05:59.268 | WARNING  | app.utils.unit_parser:parse_dimension:77 — Could not parse dimension from: 'U'
2026-10-05 17:05:59.270 | WARNING  | app.utils.unit_parser:parse_dimension:77 — Could not parse dimension from: '-'
2026-10-05 17:05:59.270 | WARNING  | app.utils.unit_parser:parse_dimension:77 — Could not parse dimension from: 'OT'
2026-10-05 17:05:59.270 | WARNING  | app.utils.unit_parser:parse_dimension:77 — Could not parse dimension from: '2E'
2026-10-05 17:05:59.270 | DEBUG    | app.utils.unit_parser:parse_dimension:72 — Parsed plain number (assumed mm): '6' → (6.0, 'mm')
2026-10-05 17:05:59.270 | WARNING  | app.utils.unit_parser:parse_dimension:77 — Could not parse dimension from: '@'
2026-10-05 17:05:59.270 | WARNING  | app.utils.unit_parser:parse_dimension:77 — Could not parse dimension from: 'B'
2026-10-05 17:05:59.270 | DEBUG    | app.utils.unit_parser:parse_dimension:72 — Parsed plain number (assumed mm): '140' → (140.0, 'mm')
2026-10-05 17:05:59.272 | WARNING  | app.utils.unit_parser:parse_dimension:77 — Could not parse dimension from: 'E'
2026-10-05 17:05:59.272 | WARNING  | app.utils.unit_parser:parse_dimension:77 — Could not parse dimension from: 'ool'
2026-10-05 17:05:59.272 | WARNING  | app.utils.unit_parser:parse_dimension:77 — Could not parse dimension from: 'a'
2026-10-05 17:05:59.272 | DEBUG    | app.utils.unit_parser:parse_dimension:72 — Parsed plain number (assumed mm): '05942' → (5942.0, 'mm')
2026-10-05 17:05:59.272 | DEBUG    | app.utils.unit_parser:parse_dimension:72 — Parsed plain number (assumed mm): '07570' → (7570.0, 'mm')
2026-10-05 17:05:59.272 | INFO     | app.services.part2_extraction.ocr_extractor:run_ocr:164 — [OCR] Complete — raw_lines=19, dimensions=10, vessel_type=unknown
2026-10-05 17:05:59.280 | INFO     | app.services.part2_extraction.extraction_service:extract_vessel_geometry:122 — [Part 2] Step 0b — PDF vector path extraction…
2026-10-05 17:06:00.060 | DEBUG    | app.services.part2_extraction.graph_engine.cad_graph:filter_by_masks:59 — [Graph] Removed 439 edges overlapping with masks.
2026-10-05 17:06:00.060 | INFO     | app.utils.pdf_path_extractor:extract_pdf_path_profile:128 — [PDF-Paths] Filtered with DocTR: 233 segments remaining
2026-10-05 17:06:00.060 | INFO     | app.utils.pdf_path_extractor:extract_pdf_path_profile:150 — [PDF-Paths] Found 233 path segments
2026-10-05 17:06:00.076 | INFO     | app.utils.pdf_path_extractor:extract_pdf_path_profile:177 — [PDF-Paths] Profile extracted: 194 pts, height=309.9mm, max_r=147.3mm
2026-10-05 17:06:00.076 | INFO     | app.services.part2_extraction.extraction_service:extract_vessel_geometry:129 — [Part 2] PDF path profile: 194 pts, h=310mm
2026-10-05 17:06:00.083 | INFO     | app.services.part2_extraction.extraction_service:extract_vessel_geometry:144 — [Part 2] Step 3 — OpenCV geometry analysis…
2026-10-05 17:06:00.603 | DEBUG    | app.services.part2_extraction.opencv_processor:process_geometry:117 — [OpenCV] Detected 286 line segments
2026-10-05 17:06:40.625 | DEBUG    | app.services.part2_extraction.opencv_processor:process_geometry:121 — [OpenCV] Detected 340 circles
2026-10-05 17:06:40.717 | DEBUG    | app.services.part2_extraction.opencv_processor:process_geometry:125 — [OpenCV] Detected 2 significant contours
2026-10-05 17:06:40.717 | INFO     | app.services.part2_extraction.opencv_processor:process_geometry:141 — [OpenCV] Scale estimated from bounding rect: 0.0747 px/mm
2026-10-05 17:06:40.733 | DEBUG    | app.services.part2_extraction.opencv_processor:_detect_vessel_zones:383 — [OpenCV-Zones] Found 2 breakpoints at rows: [53, 735]
2026-10-05 17:06:40.733 | INFO     | app.services.part2_extraction.opencv_processor:_detect_vessel_zones:427 — [OpenCV-Zones] Assembled 3 zones from 2 breakpoints
2026-10-05 17:06:40.733 | INFO     | app.services.part2_extraction.opencv_processor:process_geometry:150 — [OpenCV] Detected 3 vessel zones from profile contour
2026-10-05 17:06:40.733 | INFO     | app.services.part2_extraction.opencv_processor:process_geometry:155 — [OpenCV] Geometry processing complete.
2026-10-05 17:06:40.749 | INFO     | app.services.part2_extraction.geometry_assembler:assemble_vessel_geometry:60 — [Assembler] Assembling VesselGeometry from extraction results…
2026-10-05 17:06:40.757 | DEBUG    | app.services.part2_extraction.geometry_assembler:_assemble_shell:148 — [Assembler] Outer dia: 7570.0mm ('07570')
2026-10-05 17:06:40.757 | DEBUG    | app.services.part2_extraction.geometry_assembler:_assemble_shell:156 — [Assembler] Inner dia: 5942.0mm ('05942')
2026-10-05 17:06:40.758 | DEBUG    | app.services.part2_extraction.geometry_assembler:_assemble_shell:162 — [Assembler] Total length: 10000.0mm ('10000')
2026-10-05 17:06:40.761 | INFO     | app.services.part2_extraction.geometry_assembler:_segments_from_profile_points:430 — [Assembler] Fallback: Replaced 7 CAD segments with 6 exact OCR segments (err=0.005).
2026-10-05 17:06:40.762 | INFO     | app.services.part2_extraction.geometry_assembler:_assemble_profile:260 — [Assembler] Profile from PDF paths: 6 segments
2026-10-05 17:06:40.763 | DEBUG    | app.services.part2_extraction.geometry_assembler:_assemble_nozzles:804 — [Assembler] Nozzles: 2
2026-10-05 17:06:40.764 | INFO     | app.services.part2_extraction.geometry_assembler:assemble_vessel_geometry:87 — [Assembler] Done — type=VesselType.UNKNOWN, conf=0.64, segments=6, method=pdf_paths
2026-10-05 17:06:40.781 | INFO     | app.services.part2_extraction.extraction_service:_save_output:213 — [Part 2] Output saved: data\outputs\2b95808f-8404-4027-9b9b-163ff0601288\vessel_geometry.json
2026-10-05 17:06:41.107 | INFO     | app.services.part2_extraction.extraction_service:_save_output:259 — [Part 2] Excel output saved: data\outputs\2b95808f-8404-4027-9b9b-163ff0601288\vessel_geometry.xlsx
2026-10-05 17:06:41.107 | INFO     | app.services.part2_extraction.extraction_service:extract_vessel_geometry:174 — [Part 2] Extraction complete — job_id=2b95808f-8404-4027-9b9b-163ff0601288, elapsed=89.52s, confidence=0.64, segments=6, method=pdf_paths
2026-10-05 19:37:13.683 | INFO     | app.main:lifespan:43 — RefractoryAI API shutting down.
2026-10-05 19:37:18.820 | INFO     | app.core.logging_config:setup_logging:43 — Logging initialised — level=INFO, env=development
2026-10-05 19:37:18.820 | INFO     | app.main:lifespan:36 — ============================================================
2026-10-05 19:37:18.822 | INFO     | app.main:lifespan:37 —   RefractoryAI API  v0.1.0
2026-10-05 19:37:18.822 | INFO     | app.main:lifespan:38 —   Environment: development
2026-10-05 19:37:18.822 | INFO     | app.main:lifespan:39 —   Device: cpu
2026-10-05 19:37:18.822 | INFO     | app.main:lifespan:40 — ============================================================
2026-10-05 19:37:18.823 | INFO     | app.main:lifespan:41 — Warming up Grounding DINO model on first request (lazy load)...
2026-10-05 19:50:35.944 | INFO     | app.api.v1.routes_extraction:process_drawing:60 — [API] Full process request — file=input drawing _ naked shell.pdf
2026-10-05 19:50:35.945 | INFO     | app.services.part1_ingestion.ingestion_service:ingest_drawing:82 — [Part 1] Starting ingestion — job_id=c0cdc197-3cf8-4d1d-a428-ca338442b83f, file=input drawing _ naked shell.pdf
2026-10-05 19:50:35.953 | DEBUG    | app.services.part1_ingestion.ingestion_service:ingest_drawing:93 — [Part 1] Saved to data\outputs\c0cdc197-3cf8-4d1d-a428-ca338442b83f\input drawing _ naked shell.pdf (6078 bytes)
2026-10-05 19:50:35.990 | INFO     | app.services.part1_ingestion.drawing_validator:validate_upload:49 — Validation passed for 'input drawing _ naked shell.pdf'
2026-10-05 19:50:35.996 | INFO     | app.services.part1_ingestion.file_handler:detect_format:49 — Detected format: DrawingFormat.PDF for file: input drawing _ naked shell.pdf
2026-10-05 19:50:36.244 | DEBUG    | app.services.part1_ingestion.file_handler:_load_pdf:101 — Loading PDF via PyMuPDF: data\outputs\c0cdc197-3cf8-4d1d-a428-ca338442b83f\input drawing _ naked shell.pdf
2026-10-05 19:50:36.563 | DEBUG    | app.services.part1_ingestion.file_handler:_load_pdf:122 —   Page 1: shape=(9262, 6551, 3)
2026-10-05 19:50:36.589 | INFO     | app.services.part1_ingestion.file_handler:load_drawing:86 — Loaded drawing 'input drawing _ naked shell.pdf' — format=DrawingFormat.PDF, pages=1
2026-10-05 19:50:36.589 | INFO     | app.services.part1_ingestion.ingestion_service:ingest_drawing:117 — [Part 1] Ingestion complete — job_id=c0cdc197-3cf8-4d1d-a428-ca338442b83f, format=DrawingFormat.PDF, pages=1
2026-10-05 19:50:36.589 | INFO     | app.services.part2_extraction.extraction_service:extract_vessel_geometry:54 — [Part 2] Starting extraction — job_id=c0cdc197-3cf8-4d1d-a428-ca338442b83f, format=DrawingFormat.PDF, pages=1
2026-10-05 19:50:36.592 | INFO     | app.services.part2_extraction.extraction_service:extract_vessel_geometry:62 — [Part 2] Step 1 — Grounding DINO detection…
2026-10-05 19:50:36.594 | INFO     | app.services.part2_extraction.dino_detector:_get_model_and_processor:66 — [DINO] Loading model: IDEA-Research/grounding-dino-base on device=cpu
2026-10-05 19:50:49.962 | INFO     | app.services.part2_extraction.dino_detector:_get_model_and_processor:86 — [DINO] Model loaded and ready.
2026-10-05 19:50:50.355 | DEBUG    | app.services.part2_extraction.dino_detector:detect_drawing_elements:113 — [DINO] Running detection on image 6551x9262
2026-10-05 19:51:19.896 | DEBUG    | app.services.part2_extraction.dino_detector:detect_drawing_elements:151 — [DINO] Detected 'oxygen lance port' — conf=0.328 at [1437,2396,5810,6289]
2026-10-05 19:51:19.905 | DEBUG    | app.services.part2_extraction.dino_detector:detect_drawing_elements:151 — [DINO] Detected 'oxygen lance port' — conf=0.382 at [1057,2330,5844,6334]
2026-10-05 19:51:19.905 | DEBUG    | app.services.part2_extraction.dino_detector:detect_drawing_elements:151 — [DINO] Detected 'port' — conf=0.262 at [1436,2385,5823,6292]
2026-10-05 19:51:19.905 | DEBUG    | app.services.part2_extraction.dino_detector:detect_drawing_elements:151 — [DINO] Detected 'title block' — conf=0.294 at [1621,2386,2431,2552]
2026-10-05 19:51:19.905 | DEBUG    | app.services.part2_extraction.dino_detector:detect_drawing_elements:151 — [DINO] Detected 'front elevation view' — conf=0.284 at [43,48,6505,9199]
2026-10-05 19:51:19.905 | DEBUG    | app.services.part2_extraction.dino_detector:detect_drawing_elements:151 — [DINO] Detected 'title block' — conf=0.263 at [3546,2401,3849,2539]
2026-10-05 19:51:19.905 | DEBUG    | app.services.part2_extraction.dino_detector:detect_drawing_elements:151 — [DINO] Detected 'arrow annotation' — conf=0.307 at [4318,4939,4778,5133]
2026-10-05 19:51:19.905 | DEBUG    | app.services.part2_extraction.dino_detector:detect_drawing_elements:151 — [DINO] Detected 'front elevation' — conf=0.266 at [1051,2320,5849,6348]
2026-10-05 19:51:19.905 | INFO     | app.services.part2_extraction.dino_detector:detect_drawing_elements:156 — [DINO] Detection complete — 8 elements found (threshold=0.25)
2026-10-05 19:51:19.920 | INFO     | app.services.part2_extraction.extraction_service:extract_vessel_geometry:71 — [Part 2] Step 2 — DocTR OCR extraction…
2026-10-05 19:51:20.108 | DEBUG    | app.services.part2_extraction.ocr_extractor:run_ocr:105 — [OCR] Running DocTR on full image...
2026-10-05 19:51:26.222 | DEBUG    | app.services.part2_extraction.ocr_extractor:run_ocr:154 — [OCR] Full image — 19 unique text blocks extracted via DocTR (including CCW rotated)
2026-10-05 19:51:26.222 | DEBUG    | app.services.part2_extraction.ocr_extractor:run_ocr:159 — [OCR] Skipping regional DINO OCR, DocTR handles full image.
2026-10-05 19:51:26.222 | DEBUG    | app.utils.unit_parser:parse_dimension:72 — Parsed plain number (assumed mm): '10000' → (10000.0, 'mm')
2026-10-05 19:51:26.222 | DEBUG    | app.utils.unit_parser:parse_dimension:72 — Parsed plain number (assumed mm): '529.' → (529.0, 'mm')
2026-10-05 19:51:26.222 | DEBUG    | app.utils.unit_parser:parse_dimension:72 — Parsed plain number (assumed mm): '1965.2' → (1965.2, 'mm')
2026-10-05 19:51:26.222 | DEBUG    | app.utils.unit_parser:parse_dimension:72 — Parsed plain number (assumed mm): '4884.3' → (4884.3, 'mm')
2026-10-05 19:51:26.222 | DEBUG    | app.utils.unit_parser:parse_dimension:72 — Parsed plain number (assumed mm): '2415.' → (2415.0, 'mm')
2026-10-05 19:51:26.222 | DEBUG    | app.utils.unit_parser:parse_dimension:72 — Parsed plain number (assumed mm): '150' → (150.0, 'mm')
2026-10-05 19:51:26.224 | WARNING  | app.utils.unit_parser:parse_dimension:77 — Could not parse dimension from: 'U'
2026-10-05 19:51:26.224 | WARNING  | app.utils.unit_parser:parse_dimension:77 — Could not parse dimension from: '-'
2026-10-05 19:51:26.224 | WARNING  | app.utils.unit_parser:parse_dimension:77 — Could not parse dimension from: 'OT'
2026-10-05 19:51:26.224 | WARNING  | app.utils.unit_parser:parse_dimension:77 — Could not parse dimension from: '2E'
2026-10-05 19:51:26.224 | DEBUG    | app.utils.unit_parser:parse_dimension:72 — Parsed plain number (assumed mm): '6' → (6.0, 'mm')
2026-10-05 19:51:26.224 | WARNING  | app.utils.unit_parser:parse_dimension:77 — Could not parse dimension from: '@'
2026-10-05 19:51:26.224 | WARNING  | app.utils.unit_parser:parse_dimension:77 — Could not parse dimension from: 'B'
2026-10-05 19:51:26.224 | DEBUG    | app.utils.unit_parser:parse_dimension:72 — Parsed plain number (assumed mm): '140' → (140.0, 'mm')
2026-10-05 19:51:26.226 | WARNING  | app.utils.unit_parser:parse_dimension:77 — Could not parse dimension from: 'E'
2026-10-05 19:51:26.226 | WARNING  | app.utils.unit_parser:parse_dimension:77 — Could not parse dimension from: 'ool'
2026-10-05 19:51:26.226 | WARNING  | app.utils.unit_parser:parse_dimension:77 — Could not parse dimension from: 'a'
2026-10-05 19:51:26.226 | DEBUG    | app.utils.unit_parser:parse_dimension:72 — Parsed plain number (assumed mm): '05942' → (5942.0, 'mm')
2026-10-05 19:51:26.227 | DEBUG    | app.utils.unit_parser:parse_dimension:72 — Parsed plain number (assumed mm): '07570' → (7570.0, 'mm')
2026-10-05 19:51:26.227 | INFO     | app.services.part2_extraction.ocr_extractor:run_ocr:164 — [OCR] Complete — raw_lines=19, dimensions=10, vessel_type=unknown
2026-10-05 19:51:26.233 | INFO     | app.services.part2_extraction.extraction_service:extract_vessel_geometry:122 — [Part 2] Step 0b — PDF vector path extraction…
2026-10-05 19:51:26.929 | DEBUG    | app.services.part2_extraction.graph_engine.cad_graph:filter_by_masks:59 — [Graph] Removed 439 edges overlapping with masks.
2026-10-05 19:51:26.929 | INFO     | app.utils.pdf_path_extractor:extract_pdf_path_profile:128 — [PDF-Paths] Filtered with DocTR: 233 segments remaining
2026-10-05 19:51:26.929 | INFO     | app.utils.pdf_path_extractor:extract_pdf_path_profile:150 — [PDF-Paths] Found 233 path segments
2026-10-05 19:51:26.946 | INFO     | app.utils.pdf_path_extractor:extract_pdf_path_profile:177 — [PDF-Paths] Profile extracted: 194 pts, height=309.9mm, max_r=147.3mm
2026-10-05 19:51:26.952 | INFO     | app.services.part2_extraction.extraction_service:extract_vessel_geometry:129 — [Part 2] PDF path profile: 194 pts, h=310mm
2026-10-05 19:51:26.953 | INFO     | app.services.part2_extraction.extraction_service:extract_vessel_geometry:144 — [Part 2] Step 3 — OpenCV geometry analysis…
2026-10-05 19:51:27.495 | DEBUG    | app.services.part2_extraction.opencv_processor:process_geometry:117 — [OpenCV] Detected 286 line segments
2026-10-05 19:51:32.198 | WARNING  | app.services.part2_extraction.extraction_service:extract_vessel_geometry:155 — [Part 2] OpenCV failed: OpenCV(4.10.0) D:\a\opencv-python\opencv-python\opencv\modules\core\src\alloc.cpp:73: error: (-4:Insufficient memory) Failed to allocate 60675362 bytes in function 'cv::OutOfMemoryError'

2026-10-05 19:51:32.224 | INFO     | app.services.part2_extraction.geometry_assembler:assemble_vessel_geometry:60 — [Assembler] Assembling VesselGeometry from extraction results…
2026-10-05 19:51:32.230 | DEBUG    | app.services.part2_extraction.geometry_assembler:_assemble_shell:148 — [Assembler] Outer dia: 7570.0mm ('07570')
2026-10-05 19:51:32.230 | DEBUG    | app.services.part2_extraction.geometry_assembler:_assemble_shell:156 — [Assembler] Inner dia: 5942.0mm ('05942')
2026-10-05 19:51:32.230 | DEBUG    | app.services.part2_extraction.geometry_assembler:_assemble_shell:162 — [Assembler] Total length: 10000.0mm ('10000')
2026-10-05 19:51:32.245 | INFO     | app.services.part2_extraction.geometry_assembler:_segments_from_profile_points:430 — [Assembler] Fallback: Replaced 7 CAD segments with 6 exact OCR segments (err=0.005).
2026-10-05 19:51:32.245 | INFO     | app.services.part2_extraction.geometry_assembler:_assemble_profile:260 — [Assembler] Profile from PDF paths: 6 segments
2026-10-05 19:51:32.245 | DEBUG    | app.services.part2_extraction.geometry_assembler:_assemble_nozzles:804 — [Assembler] Nozzles: 2
2026-10-05 19:51:32.245 | INFO     | app.services.part2_extraction.geometry_assembler:assemble_vessel_geometry:87 — [Assembler] Done — type=VesselType.UNKNOWN, conf=0.64, segments=6, method=pdf_paths
2026-10-05 19:51:32.264 | INFO     | app.services.part2_extraction.extraction_service:_save_output:213 — [Part 2] Output saved: data\outputs\c0cdc197-3cf8-4d1d-a428-ca338442b83f\vessel_geometry.json
2026-10-05 19:51:32.886 | INFO     | app.services.part2_extraction.extraction_service:_save_output:272 — [Part 2] Excel output saved: data\outputs\c0cdc197-3cf8-4d1d-a428-ca338442b83f\vessel_geometry.xlsx
2026-10-05 19:51:32.886 | INFO     | app.services.part2_extraction.extraction_service:extract_vessel_geometry:174 — [Part 2] Extraction complete — job_id=c0cdc197-3cf8-4d1d-a428-ca338442b83f, elapsed=56.30s, confidence=0.64, segments=6, method=pdf_paths
2026-10-05 19:55:36.719 | INFO     | app.main:lifespan:43 — RefractoryAI API shutting down.
2026-10-05 19:55:40.732 | INFO     | app.core.logging_config:setup_logging:43 — Logging initialised — level=INFO, env=development
2026-10-05 19:55:40.732 | INFO     | app.main:lifespan:36 — ============================================================
2026-10-05 19:55:40.732 | INFO     | app.main:lifespan:37 —   RefractoryAI API  v0.1.0
2026-10-05 19:55:40.732 | INFO     | app.main:lifespan:38 —   Environment: development
2026-10-05 19:55:40.732 | INFO     | app.main:lifespan:39 —   Device: cpu
2026-10-05 19:55:40.732 | INFO     | app.main:lifespan:40 — ============================================================
2026-10-05 19:55:40.732 | INFO     | app.main:lifespan:41 — Warming up Grounding DINO model on first request (lazy load)...
2026-10-05 20:01:48.564 | INFO     | app.main:lifespan:43 — RefractoryAI API shutting down.
2026-10-05 20:02:15.052 | INFO     | app.core.logging_config:setup_logging:43 — Logging initialised — level=INFO, env=development
2026-10-05 20:02:15.052 | INFO     | app.main:lifespan:36 — ============================================================
2026-10-05 20:02:15.052 | INFO     | app.main:lifespan:37 —   RefractoryAI API  v0.1.0
2026-10-05 20:02:15.059 | INFO     | app.main:lifespan:38 —   Environment: development
2026-10-05 20:02:15.059 | INFO     | app.main:lifespan:39 —   Device: cpu
2026-10-05 20:02:15.060 | INFO     | app.main:lifespan:40 — ============================================================
2026-10-05 20:02:15.060 | INFO     | app.main:lifespan:41 — Warming up Grounding DINO model on first request (lazy load)...
2026-10-05 20:02:26.670 | INFO     | app.api.v1.routes_extraction:process_drawing:60 — [API] Full process request — file=input drawing _ naked shell.pdf
2026-10-05 20:02:26.672 | INFO     | app.services.part1_ingestion.ingestion_service:ingest_drawing:82 — [Part 1] Starting ingestion — job_id=761e13f2-2975-4403-8549-9f1f7da208ad, file=input drawing _ naked shell.pdf
2026-10-05 20:02:26.674 | DEBUG    | app.services.part1_ingestion.ingestion_service:ingest_drawing:93 — [Part 1] Saved to data\outputs\761e13f2-2975-4403-8549-9f1f7da208ad\input drawing _ naked shell.pdf (6078 bytes)
2026-10-05 20:02:26.674 | INFO     | app.services.part1_ingestion.drawing_validator:validate_upload:49 — Validation passed for 'input drawing _ naked shell.pdf'
2026-10-05 20:02:26.680 | INFO     | app.services.part1_ingestion.file_handler:detect_format:49 — Detected format: DrawingFormat.PDF for file: input drawing _ naked shell.pdf
2026-10-05 20:02:26.881 | DEBUG    | app.services.part1_ingestion.file_handler:_load_pdf:101 — Loading PDF via PyMuPDF: data\outputs\761e13f2-2975-4403-8549-9f1f7da208ad\input drawing _ naked shell.pdf
2026-10-05 20:02:27.184 | DEBUG    | app.services.part1_ingestion.file_handler:_load_pdf:122 —   Page 1: shape=(9262, 6551, 3)
2026-10-05 20:02:27.205 | INFO     | app.services.part1_ingestion.file_handler:load_drawing:86 — Loaded drawing 'input drawing _ naked shell.pdf' — format=DrawingFormat.PDF, pages=1
2026-10-05 20:02:27.205 | INFO     | app.services.part1_ingestion.ingestion_service:ingest_drawing:117 — [Part 1] Ingestion complete — job_id=761e13f2-2975-4403-8549-9f1f7da208ad, format=DrawingFormat.PDF, pages=1
2026-10-05 20:02:27.205 | INFO     | app.services.part2_extraction.extraction_service:extract_vessel_geometry:54 — [Part 2] Starting extraction — job_id=761e13f2-2975-4403-8549-9f1f7da208ad, format=DrawingFormat.PDF, pages=1
2026-10-05 20:02:27.205 | INFO     | app.services.part2_extraction.extraction_service:extract_vessel_geometry:62 — [Part 2] Step 1 — Grounding DINO detection…
2026-10-05 20:02:27.214 | INFO     | app.services.part2_extraction.dino_detector:_get_model_and_processor:66 — [DINO] Loading model: IDEA-Research/grounding-dino-base on device=cpu
2026-10-05 20:02:39.562 | INFO     | app.services.part2_extraction.dino_detector:_get_model_and_processor:86 — [DINO] Model loaded and ready.
2026-10-05 20:02:39.900 | DEBUG    | app.services.part2_extraction.dino_detector:detect_drawing_elements:113 — [DINO] Running detection on image 6551x9262
2026-10-05 20:03:09.647 | DEBUG    | app.services.part2_extraction.dino_detector:detect_drawing_elements:151 — [DINO] Detected 'oxygen lance port' — conf=0.328 at [1437,2396,5810,6289]
2026-10-05 20:03:09.648 | DEBUG    | app.services.part2_extraction.dino_detector:detect_drawing_elements:151 — [DINO] Detected 'oxygen lance port' — conf=0.382 at [1057,2330,5844,6334]
2026-10-05 20:03:09.648 | DEBUG    | app.services.part2_extraction.dino_detector:detect_drawing_elements:151 — [DINO] Detected 'port' — conf=0.262 at [1436,2385,5823,6292]
2026-10-05 20:03:09.648 | DEBUG    | app.services.part2_extraction.dino_detector:detect_drawing_elements:151 — [DINO] Detected 'title block' — conf=0.294 at [1621,2386,2431,2552]
2026-10-05 20:03:09.648 | DEBUG    | app.services.part2_extraction.dino_detector:detect_drawing_elements:151 — [DINO] Detected 'front elevation view' — conf=0.284 at [43,48,6505,9199]
2026-10-05 20:03:09.648 | DEBUG    | app.services.part2_extraction.dino_detector:detect_drawing_elements:151 — [DINO] Detected 'title block' — conf=0.263 at [3546,2401,3849,2539]
2026-10-05 20:03:09.648 | DEBUG    | app.services.part2_extraction.dino_detector:detect_drawing_elements:151 — [DINO] Detected 'arrow annotation' — conf=0.307 at [4318,4939,4778,5133]
2026-10-05 20:03:09.648 | DEBUG    | app.services.part2_extraction.dino_detector:detect_drawing_elements:151 — [DINO] Detected 'front elevation' — conf=0.266 at [1051,2320,5849,6348]
2026-10-05 20:03:09.648 | INFO     | app.services.part2_extraction.dino_detector:detect_drawing_elements:156 — [DINO] Detection complete — 8 elements found (threshold=0.25)
2026-10-05 20:03:09.664 | INFO     | app.services.part2_extraction.extraction_service:extract_vessel_geometry:71 — [Part 2] Step 2 — DocTR OCR extraction…
2026-10-05 20:03:09.832 | DEBUG    | app.services.part2_extraction.ocr_extractor:run_ocr:105 — [OCR] Running DocTR on full image...
2026-10-05 20:03:15.861 | DEBUG    | app.services.part2_extraction.ocr_extractor:run_ocr:154 — [OCR] Full image — 19 unique text blocks extracted via DocTR (including CCW rotated)
2026-10-05 20:03:15.861 | DEBUG    | app.services.part2_extraction.ocr_extractor:run_ocr:159 — [OCR] Skipping regional DINO OCR, DocTR handles full image.
2026-10-05 20:03:15.861 | DEBUG    | app.utils.unit_parser:parse_dimension:72 — Parsed plain number (assumed mm): '10000' → (10000.0, 'mm')
2026-10-05 20:03:15.863 | DEBUG    | app.utils.unit_parser:parse_dimension:72 — Parsed plain number (assumed mm): '529.' → (529.0, 'mm')
2026-10-05 20:03:15.863 | DEBUG    | app.utils.unit_parser:parse_dimension:72 — Parsed plain number (assumed mm): '1965.2' → (1965.2, 'mm')
2026-10-05 20:03:15.863 | DEBUG    | app.utils.unit_parser:parse_dimension:72 — Parsed plain number (assumed mm): '4884.3' → (4884.3, 'mm')
2026-10-05 20:03:15.863 | DEBUG    | app.utils.unit_parser:parse_dimension:72 — Parsed plain number (assumed mm): '2415.' → (2415.0, 'mm')
2026-10-05 20:03:15.863 | DEBUG    | app.utils.unit_parser:parse_dimension:72 — Parsed plain number (assumed mm): '150' → (150.0, 'mm')
2026-10-05 20:03:15.863 | WARNING  | app.utils.unit_parser:parse_dimension:77 — Could not parse dimension from: 'U'
2026-10-05 20:03:15.863 | WARNING  | app.utils.unit_parser:parse_dimension:77 — Could not parse dimension from: '-'
2026-10-05 20:03:15.864 | WARNING  | app.utils.unit_parser:parse_dimension:77 — Could not parse dimension from: 'OT'
2026-10-05 20:03:15.865 | WARNING  | app.utils.unit_parser:parse_dimension:77 — Could not parse dimension from: '2E'
2026-10-05 20:03:15.865 | DEBUG    | app.utils.unit_parser:parse_dimension:72 — Parsed plain number (assumed mm): '6' → (6.0, 'mm')
2026-10-05 20:03:15.867 | WARNING  | app.utils.unit_parser:parse_dimension:77 — Could not parse dimension from: '@'
2026-10-05 20:03:15.867 | WARNING  | app.utils.unit_parser:parse_dimension:77 — Could not parse dimension from: 'B'
2026-10-05 20:03:15.867 | DEBUG    | app.utils.unit_parser:parse_dimension:72 — Parsed plain number (assumed mm): '140' → (140.0, 'mm')
2026-10-05 20:03:15.867 | WARNING  | app.utils.unit_parser:parse_dimension:77 — Could not parse dimension from: 'E'
2026-10-05 20:03:15.867 | WARNING  | app.utils.unit_parser:parse_dimension:77 — Could not parse dimension from: 'ool'
2026-10-05 20:03:15.867 | WARNING  | app.utils.unit_parser:parse_dimension:77 — Could not parse dimension from: 'a'
2026-10-05 20:03:15.867 | DEBUG    | app.utils.unit_parser:parse_dimension:72 — Parsed plain number (assumed mm): '05942' → (5942.0, 'mm')
2026-10-05 20:03:15.867 | DEBUG    | app.utils.unit_parser:parse_dimension:72 — Parsed plain number (assumed mm): '07570' → (7570.0, 'mm')
2026-10-05 20:03:15.867 | INFO     | app.services.part2_extraction.ocr_extractor:run_ocr:164 — [OCR] Complete — raw_lines=19, dimensions=10, vessel_type=unknown
2026-10-05 20:03:15.876 | INFO     | app.services.part2_extraction.extraction_service:extract_vessel_geometry:122 — [Part 2] Step 0b — PDF vector path extraction…
2026-10-05 20:03:16.556 | DEBUG    | app.services.part2_extraction.graph_engine.cad_graph:filter_by_masks:59 — [Graph] Removed 439 edges overlapping with masks.
2026-10-05 20:03:16.561 | INFO     | app.utils.pdf_path_extractor:extract_pdf_path_profile:128 — [PDF-Paths] Filtered with DocTR: 233 segments remaining
2026-10-05 20:03:16.561 | INFO     | app.utils.pdf_path_extractor:extract_pdf_path_profile:150 — [PDF-Paths] Found 233 path segments
2026-10-05 20:03:16.583 | INFO     | app.utils.pdf_path_extractor:extract_pdf_path_profile:177 — [PDF-Paths] Profile extracted: 194 pts, height=309.9mm, max_r=147.3mm
2026-10-05 20:03:16.584 | INFO     | app.services.part2_extraction.extraction_service:extract_vessel_geometry:129 — [Part 2] PDF path profile: 194 pts, h=310mm
2026-10-05 20:03:16.584 | INFO     | app.services.part2_extraction.extraction_service:extract_vessel_geometry:144 — [Part 2] Step 3 — OpenCV geometry analysis…
2026-10-05 20:03:17.070 | DEBUG    | app.services.part2_extraction.opencv_processor:process_geometry:117 — [OpenCV] Detected 286 line segments
2026-10-05 20:03:21.624 | WARNING  | app.services.part2_extraction.extraction_service:extract_vessel_geometry:155 — [Part 2] OpenCV failed: OpenCV(4.10.0) D:\a\opencv-python\opencv-python\opencv\modules\core\src\alloc.cpp:73: error: (-4:Insufficient memory) Failed to allocate 60675362 bytes in function 'cv::OutOfMemoryError'

2026-10-05 20:03:21.666 | INFO     | app.services.part2_extraction.geometry_assembler:assemble_vessel_geometry:60 — [Assembler] Assembling VesselGeometry from extraction results…
2026-10-05 20:03:21.680 | DEBUG    | app.services.part2_extraction.geometry_assembler:_assemble_shell:148 — [Assembler] Outer dia: 7570.0mm ('07570')
2026-10-05 20:03:21.680 | DEBUG    | app.services.part2_extraction.geometry_assembler:_assemble_shell:156 — [Assembler] Inner dia: 5942.0mm ('05942')
2026-10-05 20:03:21.680 | DEBUG    | app.services.part2_extraction.geometry_assembler:_assemble_shell:162 — [Assembler] Total length: 10000.0mm ('10000')
2026-10-05 20:03:21.683 | INFO     | app.services.part2_extraction.geometry_assembler:_segments_from_profile_points:430 — [Assembler] Fallback: Replaced 7 CAD segments with 6 exact OCR segments (err=0.005).
2026-10-05 20:03:21.686 | INFO     | app.services.part2_extraction.geometry_assembler:_assemble_profile:260 — [Assembler] Profile from PDF paths: 6 segments
2026-10-05 20:03:21.686 | DEBUG    | app.services.part2_extraction.geometry_assembler:_assemble_nozzles:804 — [Assembler] Nozzles: 2
2026-10-05 20:03:21.686 | INFO     | app.services.part2_extraction.geometry_assembler:assemble_vessel_geometry:87 — [Assembler] Done — type=VesselType.UNKNOWN, conf=0.64, segments=6, method=pdf_paths
2026-10-05 20:03:21.710 | INFO     | app.services.part2_extraction.extraction_service:_save_output:216 — [Part 2] Output saved: data\outputs\761e13f2-2975-4403-8549-9f1f7da208ad\vessel_geometry.json
2026-10-05 20:03:22.448 | INFO     | app.services.part2_extraction.extraction_service:_save_output:271 — [Part 2] Excel output saved: data\outputs\761e13f2-2975-4403-8549-9f1f7da208ad\vessel_geometry.xlsx
2026-10-05 20:03:22.448 | INFO     | app.services.part2_extraction.extraction_service:extract_vessel_geometry:177 — [Part 2] Extraction complete — job_id=761e13f2-2975-4403-8549-9f1f7da208ad, elapsed=55.24s, confidence=0.64, segments=6, method=pdf_paths
2026-10-05 20:07:10.787 | INFO     | app.main:lifespan:43 — RefractoryAI API shutting down.
2026-10-05 20:07:14.325 | INFO     | app.core.logging_config:setup_logging:43 — Logging initialised — level=INFO, env=development
2026-10-05 20:07:14.325 | INFO     | app.main:lifespan:36 — ============================================================
2026-10-05 20:07:14.326 | INFO     | app.main:lifespan:37 —   RefractoryAI API  v0.1.0
2026-10-05 20:07:14.326 | INFO     | app.main:lifespan:38 —   Environment: development
2026-10-05 20:07:14.326 | INFO     | app.main:lifespan:39 —   Device: cpu
2026-10-05 20:07:14.326 | INFO     | app.main:lifespan:40 — ============================================================
2026-10-05 20:07:14.326 | INFO     | app.main:lifespan:41 — Warming up Grounding DINO model on first request (lazy load)...
2026-10-05 20:09:53.581 | INFO     | app.main:lifespan:43 — RefractoryAI API shutting down.
2026-10-05 20:09:56.099 | INFO     | app.core.logging_config:setup_logging:43 — Logging initialised — level=INFO, env=development
2026-10-05 20:09:56.099 | INFO     | app.main:lifespan:36 — ============================================================
2026-10-05 20:09:56.099 | INFO     | app.main:lifespan:37 —   RefractoryAI API  v0.1.0
2026-10-05 20:09:56.114 | INFO     | app.main:lifespan:38 —   Environment: development
2026-10-05 20:09:56.114 | INFO     | app.main:lifespan:39 —   Device: cpu
2026-10-05 20:09:56.114 | INFO     | app.main:lifespan:40 — ============================================================
2026-10-05 20:09:56.114 | INFO     | app.main:lifespan:41 — Warming up Grounding DINO model on first request (lazy load)...
2026-10-05 20:10:04.194 | INFO     | app.api.v1.routes_extraction:process_drawing:60 — [API] Full process request — file=input drawing _ naked shell.pdf
2026-10-05 20:10:04.194 | INFO     | app.services.part1_ingestion.ingestion_service:ingest_drawing:82 — [Part 1] Starting ingestion — job_id=e602d484-7033-465c-8c3e-4fd2f05a0a1a, file=input drawing _ naked shell.pdf
2026-10-05 20:10:04.201 | DEBUG    | app.services.part1_ingestion.ingestion_service:ingest_drawing:93 — [Part 1] Saved to data\outputs\e602d484-7033-465c-8c3e-4fd2f05a0a1a\input drawing _ naked shell.pdf (6078 bytes)
2026-10-05 20:10:04.202 | INFO     | app.services.part1_ingestion.drawing_validator:validate_upload:49 — Validation passed for 'input drawing _ naked shell.pdf'
2026-10-05 20:10:04.202 | INFO     | app.services.part1_ingestion.file_handler:detect_format:49 — Detected format: DrawingFormat.PDF for file: input drawing _ naked shell.pdf
2026-10-05 20:10:04.399 | DEBUG    | app.services.part1_ingestion.file_handler:_load_pdf:101 — Loading PDF via PyMuPDF: data\outputs\e602d484-7033-465c-8c3e-4fd2f05a0a1a\input drawing _ naked shell.pdf
2026-10-05 20:10:04.699 | DEBUG    | app.services.part1_ingestion.file_handler:_load_pdf:122 —   Page 1: shape=(9262, 6551, 3)
2026-10-05 20:10:04.724 | INFO     | app.services.part1_ingestion.file_handler:load_drawing:86 — Loaded drawing 'input drawing _ naked shell.pdf' — format=DrawingFormat.PDF, pages=1
2026-10-05 20:10:04.724 | INFO     | app.services.part1_ingestion.ingestion_service:ingest_drawing:117 — [Part 1] Ingestion complete — job_id=e602d484-7033-465c-8c3e-4fd2f05a0a1a, format=DrawingFormat.PDF, pages=1
2026-10-05 20:10:04.724 | INFO     | app.services.part2_extraction.extraction_service:extract_vessel_geometry:54 — [Part 2] Starting extraction — job_id=e602d484-7033-465c-8c3e-4fd2f05a0a1a, format=DrawingFormat.PDF, pages=1
2026-10-05 20:10:04.724 | INFO     | app.services.part2_extraction.extraction_service:extract_vessel_geometry:62 — [Part 2] Step 1 — Grounding DINO detection…
2026-10-05 20:10:04.724 | INFO     | app.services.part2_extraction.dino_detector:_get_model_and_processor:66 — [DINO] Loading model: IDEA-Research/grounding-dino-base on device=cpu
2026-10-05 20:10:18.651 | INFO     | app.services.part2_extraction.dino_detector:_get_model_and_processor:86 — [DINO] Model loaded and ready.
2026-10-05 20:10:18.959 | DEBUG    | app.services.part2_extraction.dino_detector:detect_drawing_elements:113 — [DINO] Running detection on image 6551x9262
2026-10-05 20:10:47.870 | DEBUG    | app.services.part2_extraction.dino_detector:detect_drawing_elements:151 — [DINO] Detected 'oxygen lance port' — conf=0.328 at [1437,2396,5810,6289]
2026-10-05 20:10:47.874 | DEBUG    | app.services.part2_extraction.dino_detector:detect_drawing_elements:151 — [DINO] Detected 'oxygen lance port' — conf=0.382 at [1057,2330,5844,6334]
2026-10-05 20:10:47.874 | DEBUG    | app.services.part2_extraction.dino_detector:detect_drawing_elements:151 — [DINO] Detected 'port' — conf=0.262 at [1436,2385,5823,6292]
2026-10-05 20:10:47.880 | DEBUG    | app.services.part2_extraction.dino_detector:detect_drawing_elements:151 — [DINO] Detected 'title block' — conf=0.294 at [1621,2386,2431,2552]
2026-10-05 20:10:47.880 | DEBUG    | app.services.part2_extraction.dino_detector:detect_drawing_elements:151 — [DINO] Detected 'front elevation view' — conf=0.284 at [43,48,6505,9199]
2026-10-05 20:10:47.880 | DEBUG    | app.services.part2_extraction.dino_detector:detect_drawing_elements:151 — [DINO] Detected 'title block' — conf=0.263 at [3546,2401,3849,2539]
2026-10-05 20:10:47.880 | DEBUG    | app.services.part2_extraction.dino_detector:detect_drawing_elements:151 — [DINO] Detected 'arrow annotation' — conf=0.307 at [4318,4939,4778,5133]
2026-10-05 20:10:47.880 | DEBUG    | app.services.part2_extraction.dino_detector:detect_drawing_elements:151 — [DINO] Detected 'front elevation' — conf=0.266 at [1051,2320,5849,6348]
2026-10-05 20:10:47.880 | INFO     | app.services.part2_extraction.dino_detector:detect_drawing_elements:156 — [DINO] Detection complete — 8 elements found (threshold=0.25)
2026-10-05 20:10:47.891 | INFO     | app.services.part2_extraction.extraction_service:extract_vessel_geometry:71 — [Part 2] Step 2 — DocTR OCR extraction…
2026-10-05 20:10:48.044 | DEBUG    | app.services.part2_extraction.ocr_extractor:run_ocr:105 — [OCR] Running DocTR on full image...
2026-10-05 20:10:54.451 | DEBUG    | app.services.part2_extraction.ocr_extractor:run_ocr:154 — [OCR] Full image — 19 unique text blocks extracted via DocTR (including CCW rotated)
2026-10-05 20:10:54.451 | DEBUG    | app.services.part2_extraction.ocr_extractor:run_ocr:159 — [OCR] Skipping regional DINO OCR, DocTR handles full image.
2026-10-05 20:10:54.453 | DEBUG    | app.utils.unit_parser:parse_dimension:72 — Parsed plain number (assumed mm): '10000' → (10000.0, 'mm')
2026-10-05 20:10:54.453 | DEBUG    | app.utils.unit_parser:parse_dimension:72 — Parsed plain number (assumed mm): '529.' → (529.0, 'mm')
2026-10-05 20:10:54.453 | DEBUG    | app.utils.unit_parser:parse_dimension:72 — Parsed plain number (assumed mm): '1965.2' → (1965.2, 'mm')
2026-10-05 20:10:54.453 | DEBUG    | app.utils.unit_parser:parse_dimension:72 — Parsed plain number (assumed mm): '4884.3' → (4884.3, 'mm')
2026-10-05 20:10:54.453 | DEBUG    | app.utils.unit_parser:parse_dimension:72 — Parsed plain number (assumed mm): '2415.' → (2415.0, 'mm')
2026-10-05 20:10:54.453 | DEBUG    | app.utils.unit_parser:parse_dimension:72 — Parsed plain number (assumed mm): '150' → (150.0, 'mm')
2026-10-05 20:10:54.453 | WARNING  | app.utils.unit_parser:parse_dimension:77 — Could not parse dimension from: 'U'
2026-10-05 20:10:54.455 | WARNING  | app.utils.unit_parser:parse_dimension:77 — Could not parse dimension from: '-'
2026-10-05 20:10:54.455 | WARNING  | app.utils.unit_parser:parse_dimension:77 — Could not parse dimension from: 'OT'
2026-10-05 20:10:54.455 | WARNING  | app.utils.unit_parser:parse_dimension:77 — Could not parse dimension from: '2E'
2026-10-05 20:10:54.455 | DEBUG    | app.utils.unit_parser:parse_dimension:72 — Parsed plain number (assumed mm): '6' → (6.0, 'mm')
2026-10-05 20:10:54.455 | WARNING  | app.utils.unit_parser:parse_dimension:77 — Could not parse dimension from: '@'
2026-10-05 20:10:54.455 | WARNING  | app.utils.unit_parser:parse_dimension:77 — Could not parse dimension from: 'B'
2026-10-05 20:10:54.455 | DEBUG    | app.utils.unit_parser:parse_dimension:72 — Parsed plain number (assumed mm): '140' → (140.0, 'mm')
2026-10-05 20:10:54.455 | WARNING  | app.utils.unit_parser:parse_dimension:77 — Could not parse dimension from: 'E'
2026-10-05 20:10:54.457 | WARNING  | app.utils.unit_parser:parse_dimension:77 — Could not parse dimension from: 'ool'
2026-10-05 20:10:54.457 | WARNING  | app.utils.unit_parser:parse_dimension:77 — Could not parse dimension from: 'a'
2026-10-05 20:10:54.458 | DEBUG    | app.utils.unit_parser:parse_dimension:72 — Parsed plain number (assumed mm): '05942' → (5942.0, 'mm')
2026-10-05 20:10:54.458 | DEBUG    | app.utils.unit_parser:parse_dimension:72 — Parsed plain number (assumed mm): '07570' → (7570.0, 'mm')
2026-10-05 20:10:54.458 | INFO     | app.services.part2_extraction.ocr_extractor:run_ocr:164 — [OCR] Complete — raw_lines=19, dimensions=10, vessel_type=unknown
2026-10-05 20:10:54.465 | INFO     | app.services.part2_extraction.extraction_service:extract_vessel_geometry:122 — [Part 2] Step 0b — PDF vector path extraction…
2026-10-05 20:10:55.368 | DEBUG    | app.services.part2_extraction.graph_engine.cad_graph:filter_by_masks:59 — [Graph] Removed 439 edges overlapping with masks.
2026-10-05 20:10:55.371 | INFO     | app.utils.pdf_path_extractor:extract_pdf_path_profile:128 — [PDF-Paths] Filtered with DocTR: 233 segments remaining
2026-10-05 20:10:55.371 | INFO     | app.utils.pdf_path_extractor:extract_pdf_path_profile:150 — [PDF-Paths] Found 233 path segments
2026-10-05 20:10:55.399 | INFO     | app.utils.pdf_path_extractor:extract_pdf_path_profile:177 — [PDF-Paths] Profile extracted: 194 pts, height=309.9mm, max_r=147.3mm
2026-10-05 20:10:55.402 | INFO     | app.services.part2_extraction.extraction_service:extract_vessel_geometry:129 — [Part 2] PDF path profile: 194 pts, h=310mm
2026-10-05 20:10:55.403 | INFO     | app.services.part2_extraction.extraction_service:extract_vessel_geometry:144 — [Part 2] Step 3 — OpenCV geometry analysis…
2026-10-05 20:10:56.008 | DEBUG    | app.services.part2_extraction.opencv_processor:process_geometry:117 — [OpenCV] Detected 286 line segments
2026-10-05 20:10:59.583 | WARNING  | app.services.part2_extraction.extraction_service:extract_vessel_geometry:155 — [Part 2] OpenCV failed: OpenCV(4.10.0) D:\a\opencv-python\opencv-python\opencv\modules\core\src\alloc.cpp:73: error: (-4:Insufficient memory) Failed to allocate 60675362 bytes in function 'cv::OutOfMemoryError'

2026-10-05 20:10:59.623 | INFO     | app.services.part2_extraction.geometry_assembler:assemble_vessel_geometry:60 — [Assembler] Assembling VesselGeometry from extraction results…
2026-10-05 20:10:59.637 | DEBUG    | app.services.part2_extraction.geometry_assembler:_assemble_shell:148 — [Assembler] Outer dia: 7570.0mm ('07570')
2026-10-05 20:10:59.637 | DEBUG    | app.services.part2_extraction.geometry_assembler:_assemble_shell:156 — [Assembler] Inner dia: 5942.0mm ('05942')
2026-10-05 20:10:59.637 | DEBUG    | app.services.part2_extraction.geometry_assembler:_assemble_shell:162 — [Assembler] Total length: 10000.0mm ('10000')
2026-10-05 20:10:59.639 | INFO     | app.services.part2_extraction.geometry_assembler:_segments_from_profile_points:430 — [Assembler] Fallback: Replaced 7 CAD segments with 6 exact OCR segments (err=0.005).
2026-10-05 20:10:59.643 | INFO     | app.services.part2_extraction.geometry_assembler:_assemble_profile:260 — [Assembler] Profile from PDF paths: 6 segments
2026-10-05 20:10:59.645 | DEBUG    | app.services.part2_extraction.geometry_assembler:_assemble_nozzles:804 — [Assembler] Nozzles: 2
2026-10-05 20:10:59.646 | INFO     | app.services.part2_extraction.geometry_assembler:assemble_vessel_geometry:87 — [Assembler] Done — type=VesselType.UNKNOWN, conf=0.64, segments=6, method=pdf_paths
2026-10-05 20:10:59.666 | INFO     | app.services.part2_extraction.extraction_service:_save_output:216 — [Part 2] Output saved: data\outputs\e602d484-7033-465c-8c3e-4fd2f05a0a1a\vessel_geometry.json
2026-10-05 20:11:00.525 | INFO     | app.services.part2_extraction.extraction_service:_save_output:281 — [Part 2] Excel output saved: data\outputs\e602d484-7033-465c-8c3e-4fd2f05a0a1a\vessel_geometry.xlsx
2026-10-05 20:11:00.533 | INFO     | app.services.part2_extraction.extraction_service:extract_vessel_geometry:177 — [Part 2] Extraction complete — job_id=e602d484-7033-465c-8c3e-4fd2f05a0a1a, elapsed=55.81s, confidence=0.64, segments=6, method=pdf_paths
2026-10-06 09:39:25.948 | INFO     | app.api.v1.routes_extraction:process_drawing:60 — [API] Full process request — file=input drawing _ naked shell.pdf
2026-10-06 09:39:25.972 | INFO     | app.services.part1_ingestion.ingestion_service:ingest_drawing:82 — [Part 1] Starting ingestion — job_id=7440d26d-7727-4994-9f36-fa660d292a38, file=input drawing _ naked shell.pdf
2026-10-06 09:39:25.986 | DEBUG    | app.services.part1_ingestion.ingestion_service:ingest_drawing:93 — [Part 1] Saved to data\outputs\7440d26d-7727-4994-9f36-fa660d292a38\input drawing _ naked shell.pdf (6078 bytes)
2026-10-06 09:39:25.994 | INFO     | app.services.part1_ingestion.drawing_validator:validate_upload:49 — Validation passed for 'input drawing _ naked shell.pdf'
2026-10-06 09:39:25.998 | INFO     | app.services.part1_ingestion.file_handler:detect_format:49 — Detected format: DrawingFormat.PDF for file: input drawing _ naked shell.pdf
2026-10-06 09:39:26.000 | DEBUG    | app.services.part1_ingestion.file_handler:_load_pdf:101 — Loading PDF via PyMuPDF: data\outputs\7440d26d-7727-4994-9f36-fa660d292a38\input drawing _ naked shell.pdf
2026-10-06 09:39:26.554 | DEBUG    | app.services.part1_ingestion.file_handler:_load_pdf:122 —   Page 1: shape=(9262, 6551, 3)
2026-10-06 09:39:26.584 | INFO     | app.services.part1_ingestion.file_handler:load_drawing:86 — Loaded drawing 'input drawing _ naked shell.pdf' — format=DrawingFormat.PDF, pages=1
2026-10-06 09:39:26.587 | INFO     | app.services.part1_ingestion.ingestion_service:ingest_drawing:117 — [Part 1] Ingestion complete — job_id=7440d26d-7727-4994-9f36-fa660d292a38, format=DrawingFormat.PDF, pages=1
2026-10-06 09:39:26.587 | INFO     | app.services.part2_extraction.extraction_service:extract_vessel_geometry:54 — [Part 2] Starting extraction — job_id=7440d26d-7727-4994-9f36-fa660d292a38, format=DrawingFormat.PDF, pages=1
2026-10-06 09:39:26.587 | INFO     | app.services.part2_extraction.extraction_service:extract_vessel_geometry:62 — [Part 2] Step 1 — Grounding DINO detection…
2026-10-06 09:39:26.960 | DEBUG    | app.services.part2_extraction.dino_detector:detect_drawing_elements:113 — [DINO] Running detection on image 6551x9262
2026-10-06 09:39:59.103 | DEBUG    | app.services.part2_extraction.dino_detector:detect_drawing_elements:151 — [DINO] Detected 'oxygen lance port' — conf=0.328 at [1437,2396,5810,6289]
2026-10-06 09:39:59.116 | DEBUG    | app.services.part2_extraction.dino_detector:detect_drawing_elements:151 — [DINO] Detected 'oxygen lance port' — conf=0.382 at [1057,2330,5844,6334]
2026-10-06 09:39:59.118 | DEBUG    | app.services.part2_extraction.dino_detector:detect_drawing_elements:151 — [DINO] Detected 'port' — conf=0.262 at [1436,2385,5823,6292]
2026-10-06 09:39:59.118 | DEBUG    | app.services.part2_extraction.dino_detector:detect_drawing_elements:151 — [DINO] Detected 'title block' — conf=0.294 at [1621,2386,2431,2552]
2026-10-06 09:39:59.120 | DEBUG    | app.services.part2_extraction.dino_detector:detect_drawing_elements:151 — [DINO] Detected 'front elevation view' — conf=0.284 at [43,48,6505,9199]
2026-10-06 09:39:59.120 | DEBUG    | app.services.part2_extraction.dino_detector:detect_drawing_elements:151 — [DINO] Detected 'title block' — conf=0.263 at [3546,2401,3849,2539]
2026-10-06 09:39:59.120 | DEBUG    | app.services.part2_extraction.dino_detector:detect_drawing_elements:151 — [DINO] Detected 'arrow annotation' — conf=0.307 at [4318,4939,4778,5133]
2026-10-06 09:39:59.120 | DEBUG    | app.services.part2_extraction.dino_detector:detect_drawing_elements:151 — [DINO] Detected 'front elevation' — conf=0.266 at [1051,2320,5849,6348]
2026-10-06 09:39:59.122 | INFO     | app.services.part2_extraction.dino_detector:detect_drawing_elements:156 — [DINO] Detection complete — 8 elements found (threshold=0.25)
2026-10-06 09:39:59.134 | INFO     | app.services.part2_extraction.extraction_service:extract_vessel_geometry:71 — [Part 2] Step 2 — DocTR OCR extraction…
2026-10-06 09:39:59.142 | DEBUG    | app.services.part2_extraction.ocr_extractor:run_ocr:105 — [OCR] Running DocTR on full image...
2026-10-06 09:40:02.968 | DEBUG    | app.services.part2_extraction.ocr_extractor:run_ocr:154 — [OCR] Full image — 19 unique text blocks extracted via DocTR (including CCW rotated)
2026-10-06 09:40:02.968 | DEBUG    | app.services.part2_extraction.ocr_extractor:run_ocr:159 — [OCR] Skipping regional DINO OCR, DocTR handles full image.
2026-10-06 09:40:02.970 | DEBUG    | app.utils.unit_parser:parse_dimension:72 — Parsed plain number (assumed mm): '10000' → (10000.0, 'mm')
2026-10-06 09:40:02.972 | DEBUG    | app.utils.unit_parser:parse_dimension:72 — Parsed plain number (assumed mm): '529.' → (529.0, 'mm')
2026-10-06 09:40:02.972 | DEBUG    | app.utils.unit_parser:parse_dimension:72 — Parsed plain number (assumed mm): '1965.2' → (1965.2, 'mm')
2026-10-06 09:40:02.972 | DEBUG    | app.utils.unit_parser:parse_dimension:72 — Parsed plain number (assumed mm): '4884.3' → (4884.3, 'mm')
2026-10-06 09:40:02.972 | DEBUG    | app.utils.unit_parser:parse_dimension:72 — Parsed plain number (assumed mm): '2415.' → (2415.0, 'mm')
2026-10-06 09:40:02.972 | DEBUG    | app.utils.unit_parser:parse_dimension:72 — Parsed plain number (assumed mm): '150' → (150.0, 'mm')
2026-10-06 09:40:02.973 | WARNING  | app.utils.unit_parser:parse_dimension:77 — Could not parse dimension from: 'U'
2026-10-06 09:40:02.975 | WARNING  | app.utils.unit_parser:parse_dimension:77 — Could not parse dimension from: '-'
2026-10-06 09:40:02.975 | WARNING  | app.utils.unit_parser:parse_dimension:77 — Could not parse dimension from: 'OT'
2026-10-06 09:40:02.975 | WARNING  | app.utils.unit_parser:parse_dimension:77 — Could not parse dimension from: '2E'
2026-10-06 09:40:02.976 | DEBUG    | app.utils.unit_parser:parse_dimension:72 — Parsed plain number (assumed mm): '6' → (6.0, 'mm')
2026-10-06 09:40:02.976 | WARNING  | app.utils.unit_parser:parse_dimension:77 — Could not parse dimension from: '@'
2026-10-06 09:40:02.976 | WARNING  | app.utils.unit_parser:parse_dimension:77 — Could not parse dimension from: 'B'
2026-10-06 09:40:02.976 | DEBUG    | app.utils.unit_parser:parse_dimension:72 — Parsed plain number (assumed mm): '140' → (140.0, 'mm')
2026-10-06 09:40:02.976 | WARNING  | app.utils.unit_parser:parse_dimension:77 — Could not parse dimension from: 'E'
2026-10-06 09:40:02.978 | WARNING  | app.utils.unit_parser:parse_dimension:77 — Could not parse dimension from: 'ool'
2026-10-06 09:40:02.978 | WARNING  | app.utils.unit_parser:parse_dimension:77 — Could not parse dimension from: 'a'
2026-10-06 09:40:02.978 | DEBUG    | app.utils.unit_parser:parse_dimension:72 — Parsed plain number (assumed mm): '05942' → (5942.0, 'mm')
2026-10-06 09:40:02.978 | DEBUG    | app.utils.unit_parser:parse_dimension:72 — Parsed plain number (assumed mm): '07570' → (7570.0, 'mm')
2026-10-06 09:40:02.979 | INFO     | app.services.part2_extraction.ocr_extractor:run_ocr:164 — [OCR] Complete — raw_lines=19, dimensions=10, vessel_type=unknown
2026-10-06 09:40:02.985 | INFO     | app.services.part2_extraction.extraction_service:extract_vessel_geometry:122 — [Part 2] Step 0b — PDF vector path extraction…
2026-10-06 09:40:03.300 | DEBUG    | app.services.part2_extraction.graph_engine.cad_graph:filter_by_masks:59 — [Graph] Removed 439 edges overlapping with masks.
2026-10-06 09:40:03.304 | INFO     | app.utils.pdf_path_extractor:extract_pdf_path_profile:128 — [PDF-Paths] Filtered with DocTR: 233 segments remaining
2026-10-06 09:40:03.306 | INFO     | app.utils.pdf_path_extractor:extract_pdf_path_profile:150 — [PDF-Paths] Found 233 path segments
2026-10-06 09:40:03.323 | INFO     | app.utils.pdf_path_extractor:extract_pdf_path_profile:177 — [PDF-Paths] Profile extracted: 194 pts, height=309.9mm, max_r=147.3mm
2026-10-06 09:40:03.324 | INFO     | app.services.part2_extraction.extraction_service:extract_vessel_geometry:129 — [Part 2] PDF path profile: 194 pts, h=310mm
2026-10-06 09:40:03.326 | INFO     | app.services.part2_extraction.extraction_service:extract_vessel_geometry:144 — [Part 2] Step 3 — OpenCV geometry analysis…
2026-10-06 09:40:03.791 | DEBUG    | app.services.part2_extraction.opencv_processor:process_geometry:117 — [OpenCV] Detected 286 line segments
2026-10-06 09:40:49.097 | DEBUG    | app.services.part2_extraction.opencv_processor:process_geometry:121 — [OpenCV] Detected 340 circles
2026-10-06 09:40:49.223 | DEBUG    | app.services.part2_extraction.opencv_processor:process_geometry:125 — [OpenCV] Detected 2 significant contours
2026-10-06 09:40:49.230 | INFO     | app.services.part2_extraction.opencv_processor:process_geometry:141 — [OpenCV] Scale estimated from bounding rect: 0.0747 px/mm
2026-10-06 09:40:49.274 | DEBUG    | app.services.part2_extraction.opencv_processor:_detect_vessel_zones:383 — [OpenCV-Zones] Found 2 breakpoints at rows: [53, 735]
2026-10-06 09:40:49.277 | INFO     | app.services.part2_extraction.opencv_processor:_detect_vessel_zones:427 — [OpenCV-Zones] Assembled 3 zones from 2 breakpoints
2026-10-06 09:40:49.277 | INFO     | app.services.part2_extraction.opencv_processor:process_geometry:150 — [OpenCV] Detected 3 vessel zones from profile contour
2026-10-06 09:40:49.277 | INFO     | app.services.part2_extraction.opencv_processor:process_geometry:155 — [OpenCV] Geometry processing complete.
2026-10-06 09:40:49.289 | INFO     | app.services.part2_extraction.geometry_assembler:assemble_vessel_geometry:60 — [Assembler] Assembling VesselGeometry from extraction results…
2026-10-06 09:40:49.307 | DEBUG    | app.services.part2_extraction.geometry_assembler:_assemble_shell:148 — [Assembler] Outer dia: 7570.0mm ('07570')
2026-10-06 09:40:49.307 | DEBUG    | app.services.part2_extraction.geometry_assembler:_assemble_shell:156 — [Assembler] Inner dia: 5942.0mm ('05942')
2026-10-06 09:40:49.307 | DEBUG    | app.services.part2_extraction.geometry_assembler:_assemble_shell:162 — [Assembler] Total length: 10000.0mm ('10000')
2026-10-06 09:40:49.321 | INFO     | app.services.part2_extraction.geometry_assembler:_segments_from_profile_points:430 — [Assembler] Fallback: Replaced 7 CAD segments with 6 exact OCR segments (err=0.005).
2026-10-06 09:40:49.323 | INFO     | app.services.part2_extraction.geometry_assembler:_assemble_profile:260 — [Assembler] Profile from PDF paths: 6 segments
2026-10-06 09:40:49.323 | DEBUG    | app.services.part2_extraction.geometry_assembler:_assemble_nozzles:804 — [Assembler] Nozzles: 2
2026-10-06 09:40:49.323 | INFO     | app.services.part2_extraction.geometry_assembler:assemble_vessel_geometry:87 — [Assembler] Done — type=VesselType.UNKNOWN, conf=0.64, segments=6, method=pdf_paths
2026-10-06 09:40:49.357 | INFO     | app.services.part2_extraction.extraction_service:_save_output:216 — [Part 2] Output saved: data\outputs\7440d26d-7727-4994-9f36-fa660d292a38\vessel_geometry.json
2026-10-06 09:40:49.648 | INFO     | app.services.part2_extraction.extraction_service:_save_output:281 — [Part 2] Excel output saved: data\outputs\7440d26d-7727-4994-9f36-fa660d292a38\vessel_geometry.xlsx
2026-10-06 09:40:49.648 | INFO     | app.services.part2_extraction.extraction_service:extract_vessel_geometry:177 — [Part 2] Extraction complete — job_id=7440d26d-7727-4994-9f36-fa660d292a38, elapsed=83.06s, confidence=0.64, segments=6, method=pdf_paths
2026-10-06 09:44:17.249 | INFO     | app.main:lifespan:43 — RefractoryAI API shutting down.
